date,asset,close,volume
2019-01-04,ABEV3,16.55,453335332.0
2019-01-07,ABEV3,16.48,281964511.0
2019-01-08,ABEV3,16.15,360747062.0
2019-01-09,ABEV3,16.38,270010757.0
2019-01-10,ABEV3,16.85,389520406.0
2019-01-11,ABEV3,17.29,1257144920.0
2019-01-14,ABEV3,17.54,554608531.0
2019-01-15,ABEV3,17.7,627763123.0
2019-01-16,ABEV3,17.8,353984849.0
2019-01-17,ABEV3,17.85,397779184.0
2019-01-18,ABEV3,18.0,379318139.0
2019-01-21,ABEV3,18.0,162603168.0
2019-01-22,ABEV3,17.54,399489273.0
2019-01-23,ABEV3,17.18,463784978.0
2019-01-24,ABEV3,17.16,414769888.0
2019-01-28,ABEV3,17.95,582172506.0
2019-01-29,ABEV3,17.87,541117824.0
2019-01-30,ABEV3,17.97,344033153.0
2019-01-31,ABEV3,17.51,401957579.0
2019-02-01,ABEV3,18.11,356798439.0
2019-02-04,ABEV3,18.45,426245699.0
2019-02-05,ABEV3,18.64,431927920.0
2019-02-06,ABEV3,18.09,421254005.0
2019-02-07,ABEV3,18.75,770086031.0
2019-02-08,ABEV3,18.22,702913424.0
2019-02-11,ABEV3,18.71,538397658.0
2019-02-12,ABEV3,18.67,449952841.0
2019-02-13,ABEV3,18.39,601010226.0
2019-02-14,ABEV3,18.59,375880715.0
2019-02-15,ABEV3,18.49,274722825.0
2019-02-18,ABEV3,18.19,264176556.0
2019-02-19,ABEV3,18.32,298920530.0
2019-02-20,ABEV3,18.15,403977976.0
2019-02-21,ABEV3,18.32,275321780.0
2019-02-22,ABEV3,18.32,402907135.0
2019-02-25,ABEV3,18.39,180414289.0
2019-02-26,ABEV3,18.49,234263467.0
2019-02-27,ABEV3,18.36,310945174.0
2019-02-28,ABEV3,17.23,873194161.0
2019-03-01,ABEV3,16.83,627842618.0
2019-03-06,ABEV3,16.37,301993343.0
2019-03-07,ABEV3,16.69,335134930.0
2019-03-08,ABEV3,16.59,339703201.0
2019-03-11,ABEV3,17.11,410804374.0
2019-03-12,ABEV3,17.0,338992256.0
2019-03-13,ABEV3,16.9,341866947.0
2019-03-14,ABEV3,16.66,343079968.0
2019-03-15,ABEV3,16.76,530552011.0
2019-03-18,ABEV3,17.31,545770534.0
2019-03-19,ABEV3,17.19,287787765.0
2019-03-20,ABEV3,17.0,324404759.0
2019-03-21,ABEV3,16.98,610977787.0
2019-03-22,ABEV3,16.72,566722730.0
2019-03-25,ABEV3,16.52,291116949.0
2019-03-26,ABEV3,16.99,516805637.0
2019-03-27,ABEV3,16.54,544424728.0
2019-03-28,ABEV3,16.75,352680824.0
2019-03-29,ABEV3,16.83,266746723.0
2019-04-01,ABEV3,16.82,207995891.0
2019-04-02,ABEV3,16.77,261030995.0
2019-05-03,ABEV3,17.92,392314455.0
2019-05-06,ABEV3,18.06,290201086.0
2019-05-07,ABEV3,17.65,764185530.0
2019-05-08,ABEV3,17.92,633826807.0
2019-05-09,ABEV3,17.49,363351892.0
2019-05-10,ABEV3,17.3,267265346.0
2019-05-13,ABEV3,17.01,419352693.0
2019-05-14,ABEV3,16.94,313018380.0
2019-05-15,ABEV3,16.61,438495701.0
2019-05-16,ABEV3,16.64,463602411.0
2019-05-17,ABEV3,16.49,429476985.0
2019-05-20,ABEV3,16.49,715573822.0
2019-05-21,ABEV3,17.09,528250508.0
2019-05-22,ABEV3,17.21,279242940.0
2019-05-23,ABEV3,17.21,218930296.0
2019-05-24,ABEV3,17.06,265184309.0
2019-05-27,ABEV3,17.22,119291856.0
2019-05-28,ABEV3,17.31,698893033.0
2019-05-29,ABEV3,17.26,307114748.0
2019-05-30,ABEV3,17.43,244409784.0
2019-05-31,ABEV3,17.55,403790274.0
2019-06-03,ABEV3,17.42,324258340.0
2019-06-04,ABEV3,17.35,284754217.0
2019-06-05,ABEV3,17.41,233173870.0
2019-06-06,ABEV3,17.64,180085014.0
2019-06-07,ABEV3,17.61,202391232.0
2019-06-10,ABEV3,17.65,249893719.0
2019-06-11,ABEV3,17.72,440180625.0
2019-06-12,ABEV3,17.68,370687181.0
2019-06-13,ABEV3,17.85,313819180.0
2019-06-14,ABEV3,17.64,283769198.0
2019-06-17,ABEV3,17.8,324413305.0
2019-06-18,ABEV3,18.05,237494612.0
2019-06-19,ABEV3,18.2,426341451.0
2019-06-21,ABEV3,18.45,522233979.0
2019-06-24,ABEV3,18.3,260322817.0
2019-06-25,ABEV3,18.17,350305512.0
2019-06-26,ABEV3,18.1,279278340.0
2019-06-27,ABEV3,18.05,224823592.0
2019-06-28,ABEV3,17.89,309726253.0
2019-07-01,ABEV3,17.81,288282732.0
2019-07-02,ABEV3,18.13,285296848.0
2019-07-03,ABEV3,18.87,790891526.0
2019-07-04,ABEV3,19.0,285817584.0
2019-07-05,ABEV3,19.0,418995637.0
2019-07-08,ABEV3,18.94,354965086.0
2019-07-10,ABEV3,19.02,635564527.0
2019-07-11,ABEV3,18.69,343707908.0
2019-07-12,ABEV3,18.2,570207536.0
2019-07-15,ABEV3,18.25,297284594.0
2019-07-16,ABEV3,18.1,180823923.0
2019-07-17,ABEV3,17.99,187895898.0
2019-07-18,ABEV3,18.25,209661422.0
2019-07-19,ABEV3,18.09,290552582.0
2019-07-22,ABEV3,17.99,226279365.0
2019-07-23,ABEV3,18.03,274633187.0
2019-07-24,ABEV3,17.96,216391820.0
2019-07-25,ABEV3,19.49,1460371168.0
2019-07-26,ABEV3,19.8,702636130.0
2019-07-29,ABEV3,20.5,745294998.0
2019-07-30,ABEV3,20.34,497368553.0
2019-07-31,ABEV3,20.13,543606226.0
2019-08-01,ABEV3,20.42,552694953.0
2019-08-02,ABEV3,20.49,318037876.0
2019-09-02,ABEV3,18.38,149580772.0
2019-09-03,ABEV3,18.52,382510893.0
2019-09-04,ABEV3,18.8,284647972.0
2019-09-05,ABEV3,18.69,282947417.0
2019-09-06,ABEV3,18.72,245147624.0
2019-09-09,ABEV3,18.87,215821208.0
2019-09-10,ABEV3,18.82,442999234.0
2019-09-11,ABEV3,18.91,545516384.0
2019-09-12,ABEV3,19.37,424465470.0
2019-09-13,ABEV3,19.1,307899141.0
2019-09-16,ABEV3,19.15,283806136.0
2019-09-17,ABEV3,19.43,328339857.0
2019-09-18,ABEV3,19.26,348804384.0
2019-09-19,ABEV3,19.35,613633422.0
2019-09-20,ABEV3,19.39,625455373.0
2019-09-23,ABEV3,19.41,257930859.0
2019-09-24,ABEV3,19.35,310560446.0
2019-09-25,ABEV3,19.6,297683942.0
2019-09-26,ABEV3,19.53,651507779.0
2019-09-27,ABEV3,19.45,241523519.0
2019-09-30,ABEV3,19.25,417377914.0
2019-10-01,ABEV3,19.31,471448209.0
2019-10-02,ABEV3,18.86,338977192.0
2019-10-03,ABEV3,18.58,359265491.0
2019-10-04,ABEV3,19.21,678071313.0
2019-10-07,ABEV3,18.87,334864640.0
2019-10-08,ABEV3,18.6,357719670.0
2019-10-09,ABEV3,18.67,249049335.0
2019-10-10,ABEV3,18.42,439455531.0
2019-10-11,ABEV3,18.58,353795778.0
2019-10-14,ABEV3,18.72,144292517.0
2019-10-15,ABEV3,18.89,233740181.0
2019-10-16,ABEV3,18.89,415013283.0
2019-10-17,ABEV3,18.77,226127863.0
2019-10-18,ABEV3,18.67,200375012.0
2019-10-21,ABEV3,18.99,409152442.0
2019-10-22,ABEV3,18.77,435186657.0
2019-10-23,ABEV3,18.68,436001307.0
2019-10-24,ABEV3,19.19,820749847.0
2019-10-25,ABEV3,17.6,1470606141.0
2019-10-28,ABEV3,17.54,509525601.0
2019-10-29,ABEV3,17.58,504090030.0
2019-10-30,ABEV3,17.56,272438146.0
2019-10-31,ABEV3,17.38,356462523.0
2019-11-01,ABEV3,17.33,254492228.0
2019-11-04,ABEV3,17.57,215389857.0
2019-11-05,ABEV3,17.71,296265171.0
2019-11-06,ABEV3,17.52,185377410.0
2019-11-07,ABEV3,17.56,231440112.0
2019-11-08,ABEV3,17.3,264761702.0
2019-11-11,ABEV3,17.54,207228002.0
2019-11-12,ABEV3,17.37,244538226.0
2019-11-13,ABEV3,17.37,196607063.0
2019-11-14,ABEV3,17.45,318351015.0
2019-11-18,ABEV3,17.56,165711710.0
2019-11-19,ABEV3,17.67,171447857.0
2019-11-21,ABEV3,18.07,350736496.0
2019-11-22,ABEV3,18.19,309309243.0
2019-11-25,ABEV3,18.2,142835522.0
2019-11-26,ABEV3,18.03,584653925.0
2019-11-27,ABEV3,17.96,157188278.0
2019-11-28,ABEV3,18.01,92034564.0
2019-11-29,ABEV3,18.05,149988134.0
2019-12-02,ABEV3,17.97,184574939.0
2020-01-02,ABEV3,19.2,306234791.0
2020-01-03,ABEV3,18.93,381171388.0
2020-01-06,ABEV3,19.02,278406971.0
2020-01-07,ABEV3,19.06,343560869.0
2020-01-08,ABEV3,18.97,267210108.0
2020-01-09,ABEV3,18.82,396134529.0
2020-01-10,ABEV3,18.89,221449156.0
2020-01-13,ABEV3,19.21,370329387.0
2020-01-14,ABEV3,19.1,409457483.0
2020-01-15,ABEV3,18.76,328765533.0
2020-01-16,ABEV3,18.7,202559665.0
2020-01-17,ABEV3,18.7,309875415.0
2020-01-20,ABEV3,18.8,151082403.0
2020-01-21,ABEV3,18.74,211416600.0
2020-01-22,ABEV3,19.05,264416988.0
2020-01-23,ABEV3,18.65,377771235.0
2020-01-24,ABEV3,18.99,240779486.0
2020-01-27,ABEV3,18.55,240774392.0
2020-01-28,ABEV3,18.8,250479329.0
2020-01-29,ABEV3,18.3,238965541.0
2020-01-30,ABEV3,18.34,288467617.0
2020-01-31,ABEV3,17.85,374764093.0
2020-02-03,ABEV3,17.59,333815486.0
2020-02-04,ABEV3,17.65,293275819.0
2020-02-05,ABEV3,17.25,642606730.0
2020-02-06,ABEV3,16.87,334414978.0
2020-02-07,ABEV3,16.92,1315649912.0
2020-02-10,ABEV3,16.73,285007332.0
2020-02-11,ABEV3,16.8,356976029.0
2020-02-12,ABEV3,16.65,607926793.0
2020-02-13,ABEV3,16.27,257411829.0
2020-02-14,ABEV3,16.41,381669632.0
2020-02-17,ABEV3,16.6,326672254.0
2020-02-18,ABEV3,16.18,292260824.0
2020-02-19,ABEV3,16.13,292760371.0
2020-02-20,ABEV3,16.17,376586066.0
2020-02-21,ABEV3,16.25,450961747.0
2020-02-26,ABEV3,15.82,676670835.0
2020-02-27,ABEV3,14.5,1334733279.0
2020-02-28,ABEV3,14.54,657009389.0
2020-03-02,ABEV3,14.72,462299452.0
2020-03-03,ABEV3,14.74,396268496.0
2020-03-04,ABEV3,15.31,543459640.0
2020-03-05,ABEV3,15.23,702144768.0
2020-03-06,ABEV3,15.32,662051910.0
2020-03-09,ABEV3,14.67,681243598.0
2020-03-10,ABEV3,14.42,746879161.0
2020-03-11,ABEV3,13.75,545546020.0
2020-03-12,ABEV3,11.58,436465262.0
2020-03-13,ABEV3,12.7,636918466.0
2020-03-16,ABEV3,11.03,576846307.0
2020-03-17,ABEV3,11.69,818034258.0
2020-03-18,ABEV3,11.19,681262235.0
2020-03-19,ABEV3,11.7,615953177.0
2020-03-20,ABEV3,12.05,606279884.0
2020-03-23,ABEV3,11.51,581509862.0
2020-03-24,ABEV3,11.29,398849799.0
2020-03-25,ABEV3,11.65,391198522.0
2020-03-26,ABEV3,12.8,584901572.0
2020-03-27,ABEV3,12.49,484387214.0
2020-03-30,ABEV3,12.55,376747729.0
2020-03-31,ABEV3,11.92,332646234.0
2020-04-01,ABEV3,11.69,295262821.0
2020-04-02,ABEV3,11.99,215535820.0
2020-05-04,ABEV3,11.76,347594203.0
2020-05-05,ABEV3,11.94,307650302.0
2020-05-06,ABEV3,11.83,788333708.0
2020-05-07,ABEV3,11.54,666118904.0
2020-05-08,ABEV3,12.04,279087398.0
2020-05-11,ABEV3,11.94,243657345.0
2020-05-12,ABEV3,11.72,399588343.0
2020-05-13,ABEV3,11.26,532420207.0
2020-05-14,ABEV3,11.74,427647281.0
2020-05-15,ABEV3,11.64,351453621.0
2020-05-18,ABEV3,12.1,369213309.0
2020-05-19,ABEV3,11.94,216764287.0
2020-05-20,ABEV3,12.14,170531001.0
2020-05-21,ABEV3,11.88,453684947.0
2020-05-22,ABEV3,11.74,141057352.0
2020-05-25,ABEV3,12.27,156360931.0
2020-05-26,ABEV3,12.53,377437788.0
2020-05-27,ABEV3,13.38,482357594.0
2020-05-28,ABEV3,12.82,543646333.0
2020-05-29,ABEV3,12.48,574830230.0
2020-06-01,ABEV3,12.6,256783866.0
2020-06-02,ABEV3,12.97,330607439.0
2020-06-03,ABEV3,13.25,399837783.0
2020-06-04,ABEV3,13.38,268332888.0
2020-06-05,ABEV3,14.05,713670683.0
2020-06-08,ABEV3,14.6,696067423.0
2020-06-09,ABEV3,14.32,341484251.0
2020-06-10,ABEV3,13.96,379046362.0
2020-06-12,ABEV3,13.57,402225399.0
2020-06-15,ABEV3,13.43,304774974.0
2020-06-16,ABEV3,13.26,480463932.0
2020-06-17,ABEV3,13.77,388718897.0
2020-06-18,ABEV3,13.68,368600205.0
2020-06-19,ABEV3,13.84,458801252.0
2020-06-22,ABEV3,14.11,345859347.0
2020-06-23,ABEV3,13.93,228641448.0
2020-06-24,ABEV3,13.68,221415600.0
2020-06-25,ABEV3,14.18,352191958.0
2020-06-26,ABEV3,13.95,269234391.0
2020-06-29,ABEV3,14.26,316007775.0
2020-06-30,ABEV3,14.14,497115480.0
2020-07-01,ABEV3,14.36,300007842.0
2020-07-02,ABEV3,14.17,391343293.0
2020-07-03,ABEV3,14.14,99115578.0
2020-07-06,ABEV3,14.36,347852881.0
2020-07-07,ABEV3,14.45,324270145.0
2020-07-08,ABEV3,14.71,572791260.0
2020-07-09,ABEV3,14.64,463342430.0
2020-07-10,ABEV3,14.85,299206730.0
2020-07-13,ABEV3,14.0,530492631.0
2020-07-14,ABEV3,13.91,503049494.0
2020-07-15,ABEV3,14.29,454442072.0
2020-07-16,ABEV3,14.05,323121204.0
2020-07-17,ABEV3,14.16,700690476.0
2020-07-20,ABEV3,14.12,487445157.0
2020-07-21,ABEV3,14.68,592173698.0
2020-07-22,ABEV3,14.71,530696779.0
2020-07-23,ABEV3,14.4,305784296.0
2020-07-24,ABEV3,14.93,479439499.0
2020-07-27,ABEV3,15.28,640098304.0
2020-07-28,ABEV3,15.09,680036249.0
2020-07-29,ABEV3,15.15,602529258.0
2020-07-30,ABEV3,14.55,1647128639.0
2020-07-31,ABEV3,13.9,951590858.0
2020-09-02,ABEV3,12.76,231275065.0
2020-09-03,ABEV3,12.6,478794988.0
2020-09-04,ABEV3,12.6,277933205.0
2020-09-08,ABEV3,12.35,256809604.0
2020-09-09,ABEV3,12.35,217949164.0
2020-09-10,ABEV3,12.31,376125961.0
2020-09-11,ABEV3,12.04,307341885.0
2020-09-14,ABEV3,12.57,302449607.0
2020-09-15,ABEV3,12.89,376305002.0
2020-09-16,ABEV3,12.56,237112684.0
2020-09-17,ABEV3,13.16,761184732.0
2020-09-18,ABEV3,12.79,606466059.0
2020-09-21,ABEV3,12.73,239975356.0
2020-09-22,ABEV3,12.8,175437331.0
2020-09-23,ABEV3,12.44,348989827.0
2020-09-24,ABEV3,12.67,390825120.0
2020-09-25,ABEV3,12.84,336214403.0
2020-09-28,ABEV3,12.48,475881737.0
2020-09-29,ABEV3,12.35,313190764.0
2020-09-30,ABEV3,12.54,299190139.0
2020-10-01,ABEV3,12.7,263131296.0
2020-10-02,ABEV3,12.53,243973400.0
2020-10-05,ABEV3,12.81,219201413.0
2020-10-06,ABEV3,13.34,747468784.0
2020-10-07,ABEV3,13.53,501487013.0
2020-10-08,ABEV3,13.68,586387494.0
2020-10-09,ABEV3,13.57,332356903.0
2020-10-13,ABEV3,13.75,264195813.0
2020-10-14,ABEV3,13.8,322553926.0
2020-10-15,ABEV3,13.44,234119075.0
2020-10-16,ABEV3,13.27,352252407.0
2020-10-19,ABEV3,13.15,268811686.0
2020-10-20,ABEV3,13.38,267235005.0
2020-10-21,ABEV3,13.37,273436246.0
2020-10-22,ABEV3,13.57,284602894.0
2020-10-23,ABEV3,13.89,351155478.0
2020-10-26,ABEV3,14.2,501994276.0
2020-10-27,ABEV3,13.72,430525110.0
2020-10-28,ABEV3,13.37,411030496.0
2020-10-29,ABEV3,12.89,1032211877.0
2020-10-30,ABEV3,12.18,575913272.0
2020-11-03,ABEV3,12.78,514782927.0
2020-11-04,ABEV3,12.82,414642944.0
2020-11-05,ABEV3,13.33,306420900.0
2020-11-06,ABEV3,13.25,277945762.0
2020-11-09,ABEV3,14.22,801515190.0
2020-11-10,ABEV3,15.21,1303876204.0
2020-11-11,ABEV3,14.9,657752094.0
2020-11-12,ABEV3,14.62,422630337.0
2020-11-13,ABEV3,15.11,466677224.0
2020-11-16,ABEV3,15.36,371802939.0
2020-11-17,ABEV3,15.46,496872962.0
2020-11-18,ABEV3,14.84,476208451.0
2020-11-19,ABEV3,14.73,445091737.0
2020-11-20,ABEV3,14.4,269216348.0
2020-11-23,ABEV3,14.66,340364198.0
2020-11-24,ABEV3,14.75,447743139.0
2020-11-25,ABEV3,14.49,278687136.0
2020-11-26,ABEV3,14.42,151329400.0
2020-11-27,ABEV3,14.32,253237774.0
2020-11-30,ABEV3,13.98,589778910.0
2020-12-01,ABEV3,14.68,386371267.0
2020-12-02,ABEV3,14.88,269831282.0
2019-05-03,AZUL4,36.08,358653489.0
2019-05-06,AZUL4,35.0,73935840.0
2019-05-07,AZUL4,35.28,90532034.0
2019-05-08,AZUL4,37.0,151996538.0
2019-05-09,AZUL4,38.0,121105431.0
2019-05-10,AZUL4,38.09,128295715.0
2019-05-13,AZUL4,36.6,100272602.0
2019-05-14,AZUL4,35.15,160354701.0
2019-05-15,AZUL4,34.63,96348147.0
2019-05-16,AZUL4,33.3,137213216.0
2019-05-17,AZUL4,32.66,146018593.0
2019-05-20,AZUL4,33.41,56757912.0
2019-05-21,AZUL4,35.24,84875560.0
2019-05-22,AZUL4,35.68,93010307.0
2019-05-23,AZUL4,35.31,66131195.0
2019-05-24,AZUL4,35.45,48228025.0
2019-05-27,AZUL4,36.45,49144745.0
2019-05-28,AZUL4,38.25,415301710.0
2019-05-29,AZUL4,38.15,86954995.0
2019-05-30,AZUL4,39.3,199733877.0
2019-05-31,AZUL4,39.2,112284147.0
2019-06-03,AZUL4,39.69,130305360.0
2019-06-04,AZUL4,40.0,103532227.0
2019-06-05,AZUL4,40.62,149349808.0
2019-06-06,AZUL4,42.69,199169390.0
2019-06-07,AZUL4,43.66,96562577.0
2019-06-10,AZUL4,44.1,97617269.0
2019-06-11,AZUL4,43.74,191773467.0
2019-06-12,AZUL4,43.62,72857199.0
2019-06-13,AZUL4,44.25,107084363.0
2019-06-14,AZUL4,43.79,94814196.0
2019-06-17,AZUL4,44.78,78171020.0
2019-06-18,AZUL4,45.25,181405267.0
2019-06-19,AZUL4,45.4,106579704.0
2019-06-21,AZUL4,44.26,134796137.0
2019-06-24,AZUL4,43.57,95978639.0
2019-06-25,AZUL4,42.6,136868866.0
2019-06-26,AZUL4,42.39,158086060.0
2019-06-27,AZUL4,42.47,89828319.0
2019-06-28,AZUL4,43.29,106472999.0
2019-07-01,AZUL4,42.09,83009638.0
2019-07-02,AZUL4,42.41,77761249.0
2019-07-03,AZUL4,44.16,158130366.0
2019-07-04,AZUL4,46.75,149984040.0
2019-07-05,AZUL4,48.45,286340772.0
2019-07-08,AZUL4,48.73,169671090.0
2019-07-10,AZUL4,49.99,267430934.0
2019-07-11,AZUL4,49.47,148531252.0
2019-07-12,AZUL4,49.09,96868632.0
2019-07-15,AZUL4,49.36,114067481.0
2019-07-16,AZUL4,50.0,77386977.0
2019-07-17,AZUL4,49.64,88487641.0
2019-07-18,AZUL4,49.85,124738151.0
2019-07-19,AZUL4,49.7,68341414.0
2019-07-22,AZUL4,49.9,86384510.0
2019-07-23,AZUL4,49.03,116110476.0
2019-07-24,AZUL4,49.45,83411698.0
2019-07-25,AZUL4,50.89,105490554.0
2019-07-26,AZUL4,51.89,184651284.0
2019-07-29,AZUL4,52.92,115483317.0
2019-07-30,AZUL4,53.01,111065294.0
2019-07-31,AZUL4,51.78,160769948.0
2019-08-01,AZUL4,54.13,149939412.0
2019-08-02,AZUL4,53.6,126918084.0
2019-09-02,AZUL4,47.14,107470208.0
2019-09-03,AZUL4,45.96,195893495.0
2019-09-04,AZUL4,47.11,134194134.0
2019-09-05,AZUL4,49.22,191706858.0
2019-09-06,AZUL4,49.35,139480350.0
2019-09-09,AZUL4,48.39,121885353.0
2019-09-10,AZUL4,48.15,74890246.0
2019-09-11,AZUL4,49.39,130796289.0
2019-09-12,AZUL4,52.05,288977207.0
2019-09-13,AZUL4,51.34,143748852.0
2019-09-16,AZUL4,47.0,604583929.0
2019-09-17,AZUL4,48.45,299056189.0
2019-09-18,AZUL4,49.2,178215739.0
2019-09-19,AZUL4,49.28,159661980.0
2019-09-20,AZUL4,48.73,180850218.0
2019-09-23,AZUL4,48.13,65086567.0
2019-09-24,AZUL4,47.28,98491440.0
2019-09-25,AZUL4,48.5,184006107.0
2019-09-26,AZUL4,49.87,141445365.0
2019-09-27,AZUL4,49.62,130200727.0
2019-09-30,AZUL4,49.71,104911961.0
2019-10-01,AZUL4,48.94,113456679.0
2019-10-02,AZUL4,47.91,172310182.0
2019-10-03,AZUL4,49.89,193439963.0
2019-10-04,AZUL4,50.95,140337812.0
2019-10-07,AZUL4,50.59,99792663.0
2019-10-08,AZUL4,50.2,105519076.0
2019-10-09,AZUL4,49.5,145038434.0
2019-10-10,AZUL4,49.68,105861591.0
2019-10-11,AZUL4,50.4,161414137.0
2019-10-14,AZUL4,51.18,127439140.0
2019-10-15,AZUL4,51.21,138727082.0
2019-10-16,AZUL4,51.3,107646607.0
2019-10-17,AZUL4,51.26,177335594.0
2019-10-18,AZUL4,50.99,148908647.0
2019-10-21,AZUL4,51.35,97418930.0
2019-10-22,AZUL4,52.99,168340219.0
2019-10-23,AZUL4,52.15,106274693.0
2019-10-24,AZUL4,52.9,101895982.0
2019-10-25,AZUL4,52.54,120849983.0
2019-10-28,AZUL4,53.16,124493053.0
2019-10-29,AZUL4,53.5,95775658.0
2019-10-30,AZUL4,53.64,71893906.0
2019-10-31,AZUL4,52.52,112748875.0
2019-11-01,AZUL4,53.55,190782220.0
2019-11-04,AZUL4,53.5,96192065.0
2019-11-05,AZUL4,53.37,100772819.0
2019-11-06,AZUL4,51.73,137433132.0
2019-11-07,AZUL4,52.49,187565894.0
2019-11-08,AZUL4,50.92,238900394.0
2019-11-11,AZUL4,50.45,140672489.0
2019-11-12,AZUL4,48.51,100361043.0
2019-11-13,AZUL4,48.13,86097909.0
2019-11-14,AZUL4,50.1,159626480.0
2019-11-18,AZUL4,50.9,132676204.0
2019-11-19,AZUL4,50.49,66143456.0
2019-11-21,AZUL4,52.2,139105671.0
2019-11-22,AZUL4,54.67,161785606.0
2019-11-25,AZUL4,53.84,100463942.0
2019-11-26,AZUL4,51.4,292228814.0
2019-11-27,AZUL4,50.99,90522827.0
2019-11-28,AZUL4,52.75,169673664.0
2019-11-29,AZUL4,53.1,102017050.0
2019-12-02,AZUL4,52.94,77677461.0
2020-01-02,AZUL4,58.8,114889921.0
2020-01-03,AZUL4,56.76,216176500.0
2020-01-06,AZUL4,55.0,226226554.0
2020-01-07,AZUL4,56.82,150529390.0
2020-01-08,AZUL4,56.92,161313627.0
2020-01-09,AZUL4,57.28,121147930.0
2020-01-10,AZUL4,57.5,95664666.0
2020-01-13,AZUL4,58.3,126781470.0
2020-01-14,AZUL4,59.19,113233254.0
2020-01-15,AZUL4,59.3,184084097.0
2020-01-16,AZUL4,59.44,165528124.0
2020-01-17,AZUL4,61.35,98883128.0
2020-01-20,AZUL4,61.77,87055090.0
2020-01-21,AZUL4,60.05,126754994.0
2020-01-22,AZUL4,59.6,174744595.0
2020-01-23,AZUL4,61.2,109878090.0
2020-01-24,AZUL4,59.46,103091902.0
2020-01-27,AZUL4,57.48,129255517.0
2020-01-28,AZUL4,62.41,360525513.0
2020-01-29,AZUL4,59.87,219815307.0
2020-01-30,AZUL4,59.71,246031750.0
2020-01-31,AZUL4,59.26,176295490.0
2020-02-03,AZUL4,60.13,140969688.0
2020-02-04,AZUL4,60.8,116626887.0
2020-02-05,AZUL4,61.27,125559659.0
2020-02-06,AZUL4,59.07,197336518.0
2020-02-07,AZUL4,56.29,268050861.0
2020-02-10,AZUL4,56.82,202783057.0
2020-02-11,AZUL4,58.34,168430541.0
2020-02-12,AZUL4,59.66,166684823.0
2020-02-13,AZUL4,59.0,126995119.0
2020-02-14,AZUL4,59.24,94082368.0
2020-02-17,AZUL4,58.7,73300553.0
2020-02-18,AZUL4,58.02,86032414.0
2020-02-19,AZUL4,58.08,58331552.0
2020-02-20,AZUL4,56.4,167769081.0
2020-02-21,AZUL4,55.65,138574734.0
2020-02-26,AZUL4,48.25,336615807.0
2020-02-27,AZUL4,45.13,365882105.0
2020-02-28,AZUL4,44.44,280016318.0
2020-03-02,AZUL4,45.19,317716900.0
2020-03-03,AZUL4,44.0,359511897.0
2020-03-04,AZUL4,44.75,208395586.0
2020-03-05,AZUL4,38.25,264008854.0
2020-03-06,AZUL4,38.68,481303212.0
2020-03-09,AZUL4,32.1,212542198.0
2020-03-10,AZUL4,36.18,218743580.0
2020-03-11,AZUL4,30.25,251681418.0
2020-03-12,AZUL4,20.3,174531444.0
2020-03-13,AZUL4,24.71,448242466.0
2020-03-16,AZUL4,15.6,313902372.0
2020-03-17,AZUL4,15.23,289337892.0
2020-03-18,AZUL4,10.35,228557661.0
2020-03-19,AZUL4,11.97,187576282.0
2020-03-20,AZUL4,13.8,259191883.0
2020-03-23,AZUL4,14.28,174873272.0
2020-03-24,AZUL4,16.17,322667173.0
2020-03-25,AZUL4,19.17,365096465.0
2020-03-26,AZUL4,20.52,423398994.0
2020-03-27,AZUL4,19.5,262871591.0
2020-03-30,AZUL4,19.09,176158149.0
2020-03-31,AZUL4,17.55,220139868.0
2020-04-01,AZUL4,14.85,252510465.0
2020-04-02,AZUL4,14.61,168097390.0
2020-05-04,AZUL4,15.16,297798148.0
2020-05-05,AZUL4,15.16,115966792.0
2020-05-06,AZUL4,14.77,106550515.0
2020-05-07,AZUL4,13.66,216871923.0
2020-05-08,AZUL4,13.6,155004655.0
2020-05-11,AZUL4,13.15,99682312.0
2020-05-12,AZUL4,12.53,100795730.0
2020-05-13,AZUL4,12.29,118636954.0
2020-05-14,AZUL4,11.6,205363970.0
2020-05-15,AZUL4,11.08,176078392.0
2020-05-18,AZUL4,14.39,448592442.0
2020-05-19,AZUL4,13.65,643853696.0
2020-05-20,AZUL4,15.33,796920529.0
2020-05-21,AZUL4,15.43,552352383.0
2020-05-22,AZUL4,14.8,213420952.0
2020-05-25,AZUL4,15.34,193380756.0
2020-05-26,AZUL4,14.75,268098822.0
2020-05-27,AZUL4,14.87,217037999.0
2020-05-28,AZUL4,14.75,170841165.0
2020-05-29,AZUL4,14.28,213999534.0
2020-06-01,AZUL4,15.35,341109598.0
2020-06-02,AZUL4,16.75,529011058.0
2020-06-03,AZUL4,18.45,859127875.0
2020-06-04,AZUL4,19.08,521935571.0
2020-06-05,AZUL4,21.16,693113718.0
2020-06-08,AZUL4,27.35,1508815157.0
2020-06-09,AZUL4,25.78,1849022059.0
2020-06-10,AZUL4,23.5,1357107090.0
2020-06-12,AZUL4,22.12,938596456.0
2020-06-15,AZUL4,22.15,1157878929.0
2020-06-16,AZUL4,22.59,999080069.0
2020-06-17,AZUL4,22.62,605534440.0
2020-06-18,AZUL4,21.93,416401539.0
2020-06-19,AZUL4,21.8,455614473.0
2020-06-22,AZUL4,20.63,431250730.0
2020-06-23,AZUL4,22.5,751509131.0
2020-06-24,AZUL4,21.1,580772601.0
2020-06-25,AZUL4,21.2,580373740.0
2020-06-26,AZUL4,20.0,335792234.0
2020-06-29,AZUL4,20.73,533635039.0
2020-06-30,AZUL4,20.11,282408450.0
2020-07-01,AZUL4,20.67,435930062.0
2020-07-02,AZUL4,20.76,367466507.0
2020-07-03,AZUL4,21.15,189614083.0
2020-07-06,AZUL4,22.05,350665175.0
2020-07-07,AZUL4,21.5,371123102.0
2020-07-08,AZUL4,21.53,233622444.0
2020-07-09,AZUL4,20.9,254224504.0
2020-07-10,AZUL4,21.91,371927194.0
2020-07-13,AZUL4,21.16,454258341.0
2020-07-14,AZUL4,21.75,332839903.0
2020-07-15,AZUL4,22.73,605591785.0
2020-07-16,AZUL4,22.05,289734200.0
2020-07-17,AZUL4,21.8,316082032.0
2020-07-20,AZUL4,21.59,225746467.0
2020-07-21,AZUL4,21.8,251047051.0
2020-07-22,AZUL4,21.68,187269395.0
2020-07-23,AZUL4,20.95,186947628.0
2020-07-24,AZUL4,20.54,184178776.0
2020-07-27,AZUL4,20.71,164357152.0
2020-07-28,AZUL4,21.52,224170868.0
2020-07-29,AZUL4,20.96,201692571.0
2020-07-30,AZUL4,21.02,137082324.0
2020-07-31,AZUL4,20.31,211324572.0
2020-09-02,AZUL4,23.14,230624853.0
2020-09-03,AZUL4,23.99,533188570.0
2020-09-04,AZUL4,24.59,412452121.0
2020-09-08,AZUL4,26.26,605384707.0
2020-09-09,AZUL4,26.22,513292938.0
2020-09-10,AZUL4,26.1,457206959.0
2020-09-11,AZUL4,26.58,490782623.0
2020-09-14,AZUL4,28.25,566796048.0
2020-09-15,AZUL4,28.03,442896564.0
2020-09-16,AZUL4,29.09,569840775.0
2020-09-17,AZUL4,28.91,376042941.0
2020-09-18,AZUL4,28.2,452000089.0
2020-09-21,AZUL4,26.0,608076937.0
2020-09-22,AZUL4,26.27,366187494.0
2020-09-23,AZUL4,26.75,384119760.0
2020-09-24,AZUL4,26.85,352005420.0
2020-09-25,AZUL4,26.78,263191913.0
2020-09-28,AZUL4,25.95,491152887.0
2020-09-29,AZUL4,23.95,478059228.0
2020-09-30,AZUL4,24.38,388650666.0
2020-10-01,AZUL4,25.7,533855178.0
2020-10-02,AZUL4,24.27,364108004.0
2020-10-05,AZUL4,24.31,263128908.0
2020-10-06,AZUL4,25.89,603797339.0
2020-10-07,AZUL4,24.97,651164336.0
2020-10-08,AZUL4,25.13,267191540.0
2020-10-09,AZUL4,25.3,333476467.0
2020-10-13,AZUL4,25.19,218449975.0
2020-10-14,AZUL4,25.81,271463942.0
2020-10-15,AZUL4,25.73,264915098.0
2020-10-16,AZUL4,25.5,177048571.0
2020-10-19,AZUL4,26.53,506198971.0
2020-10-20,AZUL4,26.28,312145439.0
2020-10-21,AZUL4,26.12,182664402.0
2020-10-22,AZUL4,26.74,267489980.0
2020-10-23,AZUL4,27.1,240420930.0
2020-10-26,AZUL4,26.14,277679239.0
2020-10-27,AZUL4,25.88,211220834.0
2020-10-28,AZUL4,23.4,420265638.0
2020-10-29,AZUL4,23.39,430465619.0
2020-10-30,AZUL4,22.55,266798790.0
2020-11-03,AZUL4,22.49,235954634.0
2020-11-04,AZUL4,23.38,238740830.0
2020-11-05,AZUL4,25.6,326185148.0
2020-11-06,AZUL4,25.93,291759869.0
2020-11-09,AZUL4,30.71,1409555542.0
2020-11-10,AZUL4,30.29,656128706.0
2020-11-11,AZUL4,29.8,467906465.0
2020-11-12,AZUL4,27.9,473566251.0
2020-11-13,AZUL4,29.0,329958973.0
2020-11-16,AZUL4,32.15,954454819.0
2020-11-17,AZUL4,32.85,654730312.0
2020-11-18,AZUL4,34.3,1112597379.0
2020-11-19,AZUL4,35.68,659619605.0
2020-11-20,AZUL4,34.63,465143255.0
2020-11-23,AZUL4,35.62,479251133.0
2020-11-24,AZUL4,35.89,395452831.0
2020-11-25,AZUL4,36.0,267973202.0
2020-11-26,AZUL4,37.23,330214542.0
2020-11-27,AZUL4,36.89,384282024.0
2020-11-30,AZUL4,38.02,968425954.0
2020-12-01,AZUL4,38.94,491414196.0
2020-12-02,AZUL4,40.52,501792233.0
2019-01-04,B3SA3,27.95,620041674.0
2019-01-07,B3SA3,27.8,318947693.0
2019-01-08,B3SA3,27.88,316278270.0
2019-01-09,B3SA3,28.01,409959819.0
2019-01-10,B3SA3,28.27,351090783.0
2019-01-11,B3SA3,28.87,288943159.0
2019-01-14,B3SA3,29.51,455028891.0
2019-01-15,B3SA3,29.22,268132255.0
2019-01-16,B3SA3,29.85,248415317.0
2019-01-17,B3SA3,30.0,288061491.0
2019-01-18,B3SA3,30.4,388121178.0
2019-01-21,B3SA3,30.5,245780551.0
2019-01-22,B3SA3,29.77,224980313.0
2019-01-23,B3SA3,31.16,362656011.0
2019-01-24,B3SA3,31.65,751390909.0
2019-01-28,B3SA3,32.23,571223312.0
2019-01-29,B3SA3,31.55,311306503.0
2019-01-30,B3SA3,31.47,383354890.0
2019-01-31,B3SA3,31.47,363287361.0
2019-02-01,B3SA3,31.94,386501398.0
2019-02-04,B3SA3,32.27,248033377.0
2019-02-05,B3SA3,32.98,294572780.0
2019-02-06,B3SA3,32.2,590917271.0
2019-02-07,B3SA3,31.0,904867075.0
2019-02-08,B3SA3,31.33,397377700.0
2019-02-11,B3SA3,30.78,384400512.0
2019-02-12,B3SA3,31.12,366674789.0
2019-02-13,B3SA3,31.04,512505548.0
2019-02-14,B3SA3,32.36,351431041.0
2019-02-15,B3SA3,32.32,242416366.0
2019-02-18,B3SA3,31.97,209891222.0
2019-02-19,B3SA3,32.8,377229179.0
2019-02-20,B3SA3,32.55,463974524.0
2019-02-21,B3SA3,32.35,250805955.0
2019-02-22,B3SA3,33.19,261761149.0
2019-02-25,B3SA3,33.45,322520677.0
2019-02-26,B3SA3,33.85,242931874.0
2019-02-27,B3SA3,33.33,375285505.0
2019-02-28,B3SA3,32.79,325958658.0
2019-03-01,B3SA3,31.88,308960353.0
2019-03-06,B3SA3,31.61,171845747.0
2019-03-07,B3SA3,31.09,432121045.0
2019-03-08,B3SA3,31.61,335126093.0
2019-03-11,B3SA3,32.9,318958131.0
2019-03-12,B3SA3,33.05,205894490.0
2019-03-13,B3SA3,33.28,335438988.0
2019-03-14,B3SA3,33.18,203117552.0
2019-03-15,B3SA3,33.87,475524818.0
2019-03-18,B3SA3,34.36,267425382.0
2019-03-19,B3SA3,34.68,202474800.0
2019-03-20,B3SA3,34.05,308160057.0
2019-03-21,B3SA3,33.47,317527273.0
2019-03-22,B3SA3,32.55,473602795.0
2019-03-25,B3SA3,32.48,244905362.0
2019-03-26,B3SA3,33.3,340036494.0
2019-03-27,B3SA3,31.27,448708178.0
2019-03-28,B3SA3,32.07,459115067.0
2019-03-29,B3SA3,32.12,295756786.0
2019-04-01,B3SA3,32.58,196113554.0
2019-04-02,B3SA3,32.66,184409253.0
2019-05-03,B3SA3,34.07,195435446.0
2019-05-06,B3SA3,33.7,137503356.0
2019-05-07,B3SA3,33.66,295923969.0
2019-05-08,B3SA3,34.35,199509472.0
2019-05-09,B3SA3,33.9,177100661.0
2019-05-10,B3SA3,33.3,262547945.0
2019-05-13,B3SA3,32.34,237620550.0
2019-05-14,B3SA3,32.6,245709143.0
2019-05-15,B3SA3,32.5,448625299.0
2019-05-16,B3SA3,31.9,402518038.0
2019-05-17,B3SA3,31.7,349829199.0
2019-05-20,B3SA3,32.71,284560262.0
2019-05-21,B3SA3,34.32,457604479.0
2019-05-22,B3SA3,33.98,247123352.0
2019-05-23,B3SA3,34.34,289085534.0
2019-05-24,B3SA3,34.2,258519176.0
2019-05-27,B3SA3,34.71,172689981.0
2019-05-28,B3SA3,35.74,702498902.0
2019-05-29,B3SA3,36.11,341003833.0
2019-05-30,B3SA3,36.7,266880297.0
2019-05-31,B3SA3,36.57,486386129.0
2019-06-03,B3SA3,36.5,350498019.0
2019-06-04,B3SA3,36.35,231356311.0
2019-06-05,B3SA3,35.92,300819549.0
2019-06-06,B3SA3,37.3,326365226.0
2019-06-07,B3SA3,37.09,179787340.0
2019-06-10,B3SA3,37.25,215643262.0
2019-06-11,B3SA3,38.02,445083575.0
2019-06-12,B3SA3,37.64,568332657.0
2019-06-13,B3SA3,37.76,600490152.0
2019-06-14,B3SA3,35.75,1041299876.0
2019-06-17,B3SA3,35.5,608943138.0
2019-06-18,B3SA3,38.11,710280937.0
2019-06-19,B3SA3,37.39,757227666.0
2019-06-21,B3SA3,39.75,875206672.0
2019-06-24,B3SA3,39.7,445015254.0
2019-06-25,B3SA3,37.66,688791512.0
2019-06-26,B3SA3,36.9,578069139.0
2019-06-27,B3SA3,37.59,326715082.0
2019-06-28,B3SA3,37.46,302819573.0
2019-07-01,B3SA3,38.15,327609528.0
2019-07-02,B3SA3,37.55,386245779.0
2019-07-03,B3SA3,38.4,453312448.0
2019-07-04,B3SA3,39.74,401010259.0
2019-07-05,B3SA3,40.4,488508725.0
2019-07-08,B3SA3,40.3,250251200.0
2019-07-10,B3SA3,42.1,753814081.0
2019-07-11,B3SA3,41.16,457443750.0
2019-07-12,B3SA3,39.7,504765443.0
2019-07-15,B3SA3,39.74,250937929.0
2019-07-16,B3SA3,41.0,567520158.0
2019-07-17,B3SA3,41.29,218481262.0
2019-07-18,B3SA3,41.03,358330309.0
2019-07-19,B3SA3,40.38,239095383.0
2019-07-22,B3SA3,41.35,146917166.0
2019-07-23,B3SA3,40.75,275480021.0
2019-07-24,B3SA3,42.53,324353759.0
2019-07-25,B3SA3,41.9,303714371.0
2019-07-26,B3SA3,42.14,222868199.0
2019-07-29,B3SA3,42.62,177741198.0
2019-07-30,B3SA3,43.13,242304960.0
2019-07-31,B3SA3,42.19,428805872.0
2019-08-01,B3SA3,42.85,585709476.0
2019-08-02,B3SA3,43.12,641423420.0
2019-09-02,B3SA3,43.94,192707946.0
2019-09-03,B3SA3,43.75,415415403.0
2019-09-04,B3SA3,44.63,376593215.0
2019-09-05,B3SA3,45.3,360090394.0
2019-09-06,B3SA3,45.9,298948457.0
2019-09-09,B3SA3,43.82,678032528.0
2019-09-10,B3SA3,43.9,424558968.0
2019-09-11,B3SA3,44.53,571692540.0
2019-09-12,B3SA3,44.48,475411728.0
2019-09-13,B3SA3,43.0,396904297.0
2019-09-16,B3SA3,43.07,320553889.0
2019-09-17,B3SA3,44.12,320686079.0
2019-09-18,B3SA3,44.92,219466337.0
2019-09-19,B3SA3,44.58,500141262.0
2019-09-20,B3SA3,45.32,591511889.0
2019-09-23,B3SA3,44.86,186268277.0
2019-09-24,B3SA3,44.3,274516162.0
2019-09-25,B3SA3,44.01,346983652.0
2019-09-26,B3SA3,44.77,293371498.0
2019-09-27,B3SA3,44.38,250186751.0
2019-09-30,B3SA3,43.63,294629293.0
2019-10-01,B3SA3,43.77,275385625.0
2019-10-02,B3SA3,43.1,307077540.0
2019-10-03,B3SA3,43.6,239781142.0
2019-10-04,B3SA3,44.55,447074049.0
2019-10-07,B3SA3,43.0,295291690.0
2019-10-08,B3SA3,43.3,581344944.0
2019-10-09,B3SA3,43.9,136168474.0
2019-10-10,B3SA3,44.06,264103082.0
2019-10-11,B3SA3,45.05,280942402.0
2019-10-14,B3SA3,45.16,232431102.0
2019-10-15,B3SA3,44.51,432441375.0
2019-10-16,B3SA3,45.2,396106445.0
2019-10-17,B3SA3,46.15,345614702.0
2019-10-18,B3SA3,46.44,280146798.0
2019-10-21,B3SA3,46.89,287706933.0
2019-10-22,B3SA3,47.53,456914970.0
2019-10-23,B3SA3,48.24,461843254.0
2019-10-24,B3SA3,48.62,329748453.0
2019-10-25,B3SA3,48.41,266689884.0
2019-10-28,B3SA3,48.75,216261248.0
2019-10-29,B3SA3,47.9,271840830.0
2019-10-30,B3SA3,48.5,328503326.0
2019-10-31,B3SA3,48.38,253500718.0
2019-11-01,B3SA3,49.2,322292444.0
2019-11-04,B3SA3,49.27,267714742.0
2019-11-05,B3SA3,49.3,300090538.0
2019-11-06,B3SA3,48.9,355792190.0
2019-11-07,B3SA3,49.4,244753817.0
2019-11-08,B3SA3,48.7,432453373.0
2019-11-11,B3SA3,50.1,394341108.0
2019-11-12,B3SA3,49.2,436726196.0
2019-11-13,B3SA3,49.53,383794975.0
2019-11-14,B3SA3,49.8,325337120.0
2019-11-18,B3SA3,49.04,501185409.0
2019-11-19,B3SA3,47.94,545372748.0
2019-11-21,B3SA3,48.88,527643263.0
2019-11-22,B3SA3,49.49,406663924.0
2019-11-25,B3SA3,47.77,613300674.0
2019-11-26,B3SA3,46.5,1059487713.0
2019-11-27,B3SA3,47.45,483813986.0
2019-11-28,B3SA3,48.15,223244487.0
2019-11-29,B3SA3,47.72,281711102.0
2019-12-02,B3SA3,47.6,357947508.0
2020-01-02,B3SA3,45.11,890668618.0
2020-01-03,B3SA3,43.81,628410998.0
2020-01-06,B3SA3,43.39,880588547.0
2020-01-07,B3SA3,44.79,662523039.0
2020-01-08,B3SA3,44.67,601750415.0
2020-01-09,B3SA3,44.65,852884233.0
2020-01-10,B3SA3,44.3,676304560.0
2020-01-13,B3SA3,44.35,479730520.0
2020-01-14,B3SA3,44.65,474083642.0
2020-01-15,B3SA3,43.45,904608192.0
2020-01-16,B3SA3,43.95,595099835.0
2020-01-17,B3SA3,45.34,537048834.0
2020-01-20,B3SA3,45.5,267278569.0
2020-01-21,B3SA3,44.7,394481670.0
2020-01-22,B3SA3,47.5,764945534.0
2020-01-23,B3SA3,48.7,781197580.0
2020-01-24,B3SA3,48.99,530637062.0
2020-01-27,B3SA3,47.65,736599514.0
2020-01-28,B3SA3,49.08,364168401.0
2020-01-29,B3SA3,48.6,465280061.0
2020-01-30,B3SA3,48.8,551516602.0
2020-01-31,B3SA3,48.2,625012022.0
2020-02-03,B3SA3,50.09,526801450.0
2020-02-04,B3SA3,49.96,580220052.0
2020-02-05,B3SA3,49.35,778819777.0
2020-02-06,B3SA3,48.69,340375604.0
2020-02-07,B3SA3,48.3,413229386.0
2020-02-10,B3SA3,48.63,470907509.0
2020-02-11,B3SA3,48.9,297748207.0
2020-02-12,B3SA3,49.88,574540626.0
2020-02-13,B3SA3,49.58,484683287.0
2020-02-14,B3SA3,50.2,498346526.0
2020-02-17,B3SA3,51.69,631822405.0
2020-02-18,B3SA3,51.13,445531006.0
2020-02-19,B3SA3,53.13,610978810.0
2020-02-20,B3SA3,52.31,545078860.0
2020-02-21,B3SA3,52.05,414830614.0
2020-02-26,B3SA3,47.95,677157327.0
2020-02-27,B3SA3,46.04,844897864.0
2020-02-28,B3SA3,48.0,1407731081.0
2020-03-02,B3SA3,50.0,770287312.0
2020-03-03,B3SA3,49.61,846285705.0
2020-03-04,B3SA3,49.79,858224780.0
2020-03-05,B3SA3,47.11,542687731.0
2020-03-06,B3SA3,46.48,1001255601.0
2020-03-09,B3SA3,40.9,1336839061.0
2020-03-10,B3SA3,46.0,1168452606.0
2020-03-11,B3SA3,42.55,1146570286.0
2020-03-12,B3SA3,36.89,1181428507.0
2020-03-13,B3SA3,40.88,1794566336.0
2020-03-16,B3SA3,34.29,927503139.0
2020-03-17,B3SA3,35.54,1058087114.0
2020-03-18,B3SA3,32.8,1292161109.0
2020-03-19,B3SA3,32.51,1647352831.0
2020-03-20,B3SA3,32.44,1124304633.0
2020-03-23,B3SA3,30.45,516694343.0
2020-03-24,B3SA3,36.31,945868329.0
2020-03-25,B3SA3,38.79,815701357.0
2020-03-26,B3SA3,38.64,949820861.0
2020-03-27,B3SA3,36.91,686813280.0
2020-03-30,B3SA3,37.0,617232246.0
2020-03-31,B3SA3,35.9,647061995.0
2020-04-01,B3SA3,34.65,455639138.0
2020-04-02,B3SA3,36.8,538330875.0
2020-05-04,B3SA3,38.38,377255155.0
2020-05-05,B3SA3,38.74,271742099.0
2020-05-06,B3SA3,38.44,313166896.0
2020-05-07,B3SA3,36.85,591497375.0
2020-05-08,B3SA3,37.76,430996728.0
2020-05-11,B3SA3,36.8,487006011.0
2020-05-12,B3SA3,35.73,546396490.0
2020-05-13,B3SA3,36.16,583620478.0
2020-05-14,B3SA3,37.82,616824406.0
2020-05-15,B3SA3,39.54,1028577197.0
2020-05-18,B3SA3,41.99,808036902.0
2020-05-19,B3SA3,40.72,629451682.0
2020-05-20,B3SA3,40.64,432040881.0
2020-05-21,B3SA3,43.62,684270051.0
2020-05-22,B3SA3,43.88,405809317.0
2020-05-25,B3SA3,46.5,455892699.0
2020-05-26,B3SA3,46.5,658804442.0
2020-05-27,B3SA3,46.59,516210246.0
2020-05-28,B3SA3,45.95,495737998.0
2020-05-29,B3SA3,45.55,1353831862.0
2020-06-01,B3SA3,45.53,344079538.0
2020-06-02,B3SA3,46.46,636485660.0
2020-06-03,B3SA3,48.82,855421127.0
2020-06-04,B3SA3,49.58,646890906.0
2020-06-05,B3SA3,49.07,786857332.0
2020-06-08,B3SA3,51.72,512043763.0
2020-06-09,B3SA3,51.07,579621514.0
2020-06-10,B3SA3,50.74,654422973.0
2020-06-12,B3SA3,49.85,862204488.0
2020-06-15,B3SA3,49.51,573692944.0
2020-06-16,B3SA3,49.5,459703869.0
2020-06-17,B3SA3,51.2,885795908.0
2020-06-18,B3SA3,50.36,439548288.0
2020-06-19,B3SA3,51.0,715701538.0
2020-06-22,B3SA3,50.33,375960311.0
2020-06-23,B3SA3,52.28,704685612.0
2020-06-24,B3SA3,52.65,635381491.0
2020-06-25,B3SA3,55.0,578031928.0
2020-06-26,B3SA3,53.45,507882151.0
2020-06-29,B3SA3,54.96,481431718.0
2020-06-30,B3SA3,55.09,725275392.0
2020-07-01,B3SA3,56.03,610509820.0
2020-07-02,B3SA3,56.2,409866353.0
2020-07-03,B3SA3,56.5,149930599.0
2020-07-06,B3SA3,56.52,378221968.0
2020-07-07,B3SA3,57.17,515272168.0
2020-07-08,B3SA3,60.65,825424829.0
2020-07-09,B3SA3,58.89,803405579.0
2020-07-10,B3SA3,59.95,474172624.0
2020-07-13,B3SA3,59.89,595427958.0
2020-07-14,B3SA3,61.14,632792961.0
2020-07-15,B3SA3,61.89,652633302.0
2020-07-16,B3SA3,61.5,881031421.0
2020-07-17,B3SA3,63.89,808240163.0
2020-07-20,B3SA3,67.4,967861268.0
2020-07-21,B3SA3,66.13,986801147.0
2020-07-22,B3SA3,66.7,660807520.0
2020-07-23,B3SA3,65.52,601108463.0
2020-07-24,B3SA3,65.35,592982569.0
2020-07-27,B3SA3,66.23,586097855.0
2020-07-28,B3SA3,65.23,839027115.0
2020-07-29,B3SA3,64.63,667991088.0
2020-07-30,B3SA3,64.61,519083602.0
2020-07-31,B3SA3,63.44,772544686.0
2020-09-02,B3SA3,59.97,433425957.0
2020-09-03,B3SA3,57.82,1499207825.0
2020-09-04,B3SA3,58.33,1751074694.0
2020-09-08,B3SA3,57.04,566566682.0
2020-09-09,B3SA3,58.26,625797519.0
2020-09-10,B3SA3,56.0,632890145.0
2020-09-11,B3SA3,56.02,616654792.0
2020-09-14,B3SA3,58.73,655336568.0
2020-09-15,B3SA3,57.28,434440559.0
2020-09-16,B3SA3,57.02,413516255.0
2020-09-17,B3SA3,56.68,478717618.0
2020-09-18,B3SA3,56.13,959415317.0
2020-09-21,B3SA3,56.1,632684993.0
2020-09-22,B3SA3,57.36,533024213.0
2020-09-23,B3SA3,55.89,562311723.0
2020-09-24,B3SA3,58.97,995695763.0
2020-09-25,B3SA3,57.35,473621618.0
2020-09-28,B3SA3,55.01,812881087.0
2020-09-29,B3SA3,53.65,779332359.0
2020-09-30,B3SA3,55.01,588971199.0
2020-10-01,B3SA3,54.53,624710030.0
2020-10-02,B3SA3,53.26,586036164.0
2020-10-05,B3SA3,55.75,632620622.0
2020-10-06,B3SA3,53.76,753741533.0
2020-10-07,B3SA3,53.71,827787799.0
2020-10-08,B3SA3,54.85,651118461.0
2020-10-09,B3SA3,54.71,413776015.0
2020-10-13,B3SA3,54.8,469148236.0
2020-10-14,B3SA3,56.38,717402017.0
2020-10-15,B3SA3,55.61,539786709.0
2020-10-16,B3SA3,54.34,546771436.0
2020-10-19,B3SA3,56.14,655378846.0
2020-10-20,B3SA3,57.9,811886291.0
2020-10-21,B3SA3,57.37,496387760.0
2020-10-22,B3SA3,56.07,833647588.0
2020-10-23,B3SA3,54.8,640132734.0
2020-10-26,B3SA3,54.98,493229121.0
2020-10-27,B3SA3,52.75,906555627.0
2020-10-28,B3SA3,51.33,914173378.0
2020-10-29,B3SA3,52.98,951688526.0
2020-10-30,B3SA3,51.05,608651770.0
2020-11-03,B3SA3,50.97,624164960.0
2020-11-04,B3SA3,54.1,807005327.0
2020-11-05,B3SA3,56.61,997480130.0
2020-11-06,B3SA3,56.62,478424089.0
2020-11-09,B3SA3,53.85,1252914409.0
2020-11-10,B3SA3,54.1,914650015.0
2020-11-11,B3SA3,55.4,629137938.0
2020-11-12,B3SA3,53.78,862165067.0
2020-11-13,B3SA3,53.7,1487058105.0
2020-11-16,B3SA3,53.4,1023341028.0
2020-11-17,B3SA3,53.55,895261178.0
2020-11-18,B3SA3,54.05,1083792085.0
2020-11-19,B3SA3,55.32,901802046.0
2020-11-20,B3SA3,54.55,1093775052.0
2020-11-23,B3SA3,54.09,438162110.0
2020-11-24,B3SA3,55.7,782132813.0
2020-11-25,B3SA3,56.61,633796474.0
2020-11-26,B3SA3,57.0,420311264.0
2020-11-27,B3SA3,56.9,625348221.0
2020-11-30,B3SA3,56.13,1227983699.0
2020-12-01,B3SA3,56.78,599291175.0
2020-12-02,B3SA3,59.6,1056312001.0
2019-01-04,BBAS3,48.8,431765865.0
2019-01-07,BBAS3,48.48,458799937.0
2019-01-08,BBAS3,47.93,693029034.0
2019-01-09,BBAS3,47.8,799860929.0
2019-01-10,BBAS3,48.5,495348782.0
2019-01-11,BBAS3,48.7,334679787.0
2019-01-14,BBAS3,49.83,441397270.0
2019-01-15,BBAS3,49.25,457558489.0
2019-01-16,BBAS3,48.78,327245475.0
2019-01-17,BBAS3,48.96,634522385.0
2019-01-18,BBAS3,48.55,640767892.0
2019-01-21,BBAS3,48.29,399320746.0
2019-01-22,BBAS3,48.2,494165001.0
2019-01-23,BBAS3,49.2,499022135.0
2019-01-24,BBAS3,48.95,486562834.0
2019-01-28,BBAS3,48.32,408439023.0
2019-01-29,BBAS3,49.93,600724131.0
2019-01-30,BBAS3,50.58,427491294.0
2019-01-31,BBAS3,51.86,783282971.0
2019-02-01,BBAS3,52.11,444769186.0
2019-02-04,BBAS3,53.1,407193618.0
2019-02-05,BBAS3,54.65,613905295.0
2019-02-06,BBAS3,51.32,862229989.0
2019-02-07,BBAS3,51.66,806762287.0
2019-02-08,BBAS3,51.73,520222994.0
2019-02-11,BBAS3,50.2,480294320.0
2019-02-12,BBAS3,53.29,961909320.0
2019-02-13,BBAS3,52.08,770668952.0
2019-02-14,BBAS3,54.74,1483913491.0
2019-02-15,BBAS3,54.81,686975463.0
2019-02-18,BBAS3,54.27,478717476.0
2019-02-19,BBAS3,54.5,748900686.0
2019-02-20,BBAS3,52.96,904263867.0
2019-02-21,BBAS3,53.2,551023819.0
2019-02-22,BBAS3,53.09,384769560.0
2019-02-25,BBAS3,52.22,533985901.0
2019-02-26,BBAS3,52.5,382028016.0
2019-02-27,BBAS3,51.9,326463749.0
2019-02-28,BBAS3,50.6,561374216.0
2019-03-01,BBAS3,51.31,474127413.0
2019-03-06,BBAS3,50.6,263583994.0
2019-03-07,BBAS3,50.43,428174043.0
2019-03-08,BBAS3,52.2,414260729.0
2019-03-11,BBAS3,53.8,612336194.0
2019-03-12,BBAS3,53.34,426471966.0
2019-03-13,BBAS3,54.16,513168066.0
2019-03-14,BBAS3,53.75,434510083.0
2019-03-15,BBAS3,54.21,687078596.0
2019-03-18,BBAS3,53.8,652776325.0
2019-03-19,BBAS3,52.65,449939308.0
2019-03-20,BBAS3,51.47,691622386.0
2019-03-21,BBAS3,50.39,794589197.0
2019-03-22,BBAS3,47.65,1107895535.0
2019-03-25,BBAS3,47.99,657821243.0
2019-03-26,BBAS3,49.12,573424620.0
2019-03-27,BBAS3,46.4,900090120.0
2019-03-28,BBAS3,48.02,1045415335.0
2019-03-29,BBAS3,48.72,533442995.0
2019-04-01,BBAS3,49.2,365019717.0
2019-04-02,BBAS3,48.77,492945918.0
2019-05-03,BBAS3,50.08,407128789.0
2019-05-06,BBAS3,49.37,311979776.0
2019-05-07,BBAS3,49.49,532530653.0
2019-05-08,BBAS3,50.59,731538419.0
2019-05-09,BBAS3,51.03,780432597.0
2019-05-10,BBAS3,50.16,452586276.0
2019-05-13,BBAS3,48.37,499737183.0
2019-05-14,BBAS3,47.9,463430486.0
2019-05-15,BBAS3,47.11,492733716.0
2019-05-16,BBAS3,45.64,676738265.0
2019-05-17,BBAS3,44.85,652297541.0
2019-05-20,BBAS3,46.57,605927363.0
2019-05-21,BBAS3,49.23,690321333.0
2019-05-22,BBAS3,48.82,402397976.0
2019-05-23,BBAS3,48.9,436406410.0
2019-05-24,BBAS3,49.62,459954576.0
2019-05-27,BBAS3,50.59,386369831.0
2019-05-28,BBAS3,51.25,819900459.0
2019-05-29,BBAS3,51.2,566778241.0
2019-05-30,BBAS3,51.95,466791853.0
2019-05-31,BBAS3,51.85,527671470.0
2019-06-03,BBAS3,52.09,400816522.0
2019-06-04,BBAS3,52.94,598831354.0
2019-06-05,BBAS3,51.48,479736941.0
2019-06-06,BBAS3,52.79,417149588.0
2019-06-07,BBAS3,52.36,364542909.0
2019-06-10,BBAS3,51.87,471131621.0
2019-06-11,BBAS3,52.9,689001566.0
2019-06-12,BBAS3,52.26,461985995.0
2019-06-13,BBAS3,51.43,805896296.0
2019-06-14,BBAS3,50.52,662062443.0
2019-06-17,BBAS3,50.47,346624718.0
2019-06-18,BBAS3,51.65,630123230.0
2019-06-19,BBAS3,52.5,413110328.0
2019-06-21,BBAS3,52.91,778413747.0
2019-06-24,BBAS3,53.04,481826390.0
2019-06-25,BBAS3,52.55,830303185.0
2019-06-26,BBAS3,53.69,695146911.0
2019-06-27,BBAS3,53.8,723962987.0
2019-06-28,BBAS3,53.94,764348437.0
2019-07-01,BBAS3,53.88,447241110.0
2019-07-02,BBAS3,53.19,565950390.0
2019-07-03,BBAS3,54.3,638161892.0
2019-07-04,BBAS3,55.18,504083724.0
2019-07-05,BBAS3,55.0,515978282.0
2019-07-08,BBAS3,54.95,361787949.0
2019-07-10,BBAS3,54.26,689234837.0
2019-07-11,BBAS3,53.2,780604268.0
2019-07-12,BBAS3,52.0,666933257.0
2019-07-15,BBAS3,51.69,553217835.0
2019-07-16,BBAS3,51.77,536003629.0
2019-07-17,BBAS3,51.78,357616725.0
2019-07-18,BBAS3,52.66,654673515.0
2019-07-19,BBAS3,52.0,463432944.0
2019-07-22,BBAS3,52.01,334089274.0
2019-07-23,BBAS3,51.4,653604525.0
2019-07-24,BBAS3,52.33,804231683.0
2019-07-25,BBAS3,50.12,897430755.0
2019-07-26,BBAS3,50.0,406966908.0
2019-07-29,BBAS3,50.45,256166022.0
2019-07-30,BBAS3,49.94,462229669.0
2019-07-31,BBAS3,49.22,562532585.0
2019-08-01,BBAS3,48.75,735084029.0
2019-08-02,BBAS3,48.76,403004211.0
2019-09-02,BBAS3,45.65,247751618.0
2019-09-03,BBAS3,44.8,500107012.0
2019-09-04,BBAS3,45.86,319637030.0
2019-09-05,BBAS3,47.46,584358190.0
2019-09-06,BBAS3,49.39,686759178.0
2019-09-09,BBAS3,50.0,674407614.0
2019-09-10,BBAS3,49.16,416482767.0
2019-09-11,BBAS3,47.99,684171441.0
2019-09-12,BBAS3,48.0,488412960.0
2019-09-13,BBAS3,47.14,379621066.0
2019-09-16,BBAS3,46.65,383675569.0
2019-09-17,BBAS3,47.3,317704323.0
2019-09-18,BBAS3,48.02,408306841.0
2019-09-19,BBAS3,46.77,460865463.0
2019-09-20,BBAS3,47.51,725793281.0
2019-09-23,BBAS3,47.28,271148059.0
2019-09-24,BBAS3,45.84,553654451.0
2019-09-25,BBAS3,45.54,494928056.0
2019-09-26,BBAS3,45.71,400994343.0
2019-09-27,BBAS3,45.34,362660686.0
2019-09-30,BBAS3,45.49,248166010.0
2019-10-01,BBAS3,44.95,297300430.0
2019-10-02,BBAS3,43.42,838199558.0
2019-10-03,BBAS3,45.29,685891032.0
2019-10-04,BBAS3,45.6,326897976.0
2019-10-07,BBAS3,43.8,587842919.0
2019-10-08,BBAS3,43.01,511959310.0
2019-10-09,BBAS3,44.2,405291010.0
2019-10-10,BBAS3,44.4,287704511.0
2019-10-11,BBAS3,45.23,411971268.0
2019-10-14,BBAS3,45.0,310227707.0
2019-10-15,BBAS3,44.38,658837865.0
2019-10-16,BBAS3,45.0,679374684.0
2019-10-17,BBAS3,44.91,1125879544.0
2019-10-18,BBAS3,46.06,2170665699.0
2019-10-21,BBAS3,46.4,728927056.0
2019-10-22,BBAS3,47.4,806412458.0
2019-10-23,BBAS3,47.6,988222445.0
2019-10-24,BBAS3,47.3,1051343914.0
2019-10-25,BBAS3,47.73,497986514.0
2019-10-28,BBAS3,48.79,701592070.0
2019-10-29,BBAS3,48.66,507276197.0
2019-10-30,BBAS3,49.42,765179540.0
2019-10-31,BBAS3,48.15,683422522.0
2019-11-01,BBAS3,47.96,589863329.0
2019-11-04,BBAS3,47.69,532130125.0
2019-11-05,BBAS3,47.99,443820530.0
2019-11-06,BBAS3,47.67,517283495.0
2019-11-07,BBAS3,47.67,693367084.0
2019-11-08,BBAS3,47.0,793445016.0
2019-11-11,BBAS3,47.24,476768483.0
2019-11-12,BBAS3,46.72,772435497.0
2019-11-13,BBAS3,45.95,604356032.0
2019-11-14,BBAS3,46.51,559078953.0
2019-11-18,BBAS3,46.0,724962222.0
2019-11-19,BBAS3,45.79,372937026.0
2019-11-21,BBAS3,46.38,519770515.0
2019-11-22,BBAS3,46.75,356297423.0
2019-11-25,BBAS3,46.6,345698414.0
2019-11-26,BBAS3,46.0,704130988.0
2019-11-27,BBAS3,47.34,521325396.0
2019-11-28,BBAS3,47.6,327313195.0
2019-11-29,BBAS3,47.81,347883974.0
2019-12-02,BBAS3,47.43,465831120.0
2020-01-02,BBAS3,53.8,705929533.0
2020-01-03,BBAS3,53.71,507042451.0
2020-01-06,BBAS3,53.0,529631423.0
2020-01-07,BBAS3,52.6,558561734.0
2020-01-08,BBAS3,52.12,1125941214.0
2020-01-09,BBAS3,51.06,1269555606.0
2020-01-10,BBAS3,49.86,774225240.0
2020-01-13,BBAS3,50.42,711310646.0
2020-01-14,BBAS3,50.15,438313023.0
2020-01-15,BBAS3,49.23,714531732.0
2020-01-16,BBAS3,49.45,587078609.0
2020-01-17,BBAS3,50.12,571882966.0
2020-01-20,BBAS3,49.8,422856171.0
2020-01-21,BBAS3,48.36,704147608.0
2020-01-22,BBAS3,48.74,508775041.0
2020-01-23,BBAS3,51.48,1087887955.0
2020-01-24,BBAS3,50.8,467414577.0
2020-01-27,BBAS3,50.3,606011704.0
2020-01-28,BBAS3,50.71,387509354.0
2020-01-29,BBAS3,49.46,418772534.0
2020-01-30,BBAS3,49.8,613416904.0
2020-01-31,BBAS3,48.54,785061720.0
2020-02-03,BBAS3,48.78,497651332.0
2020-02-04,BBAS3,48.25,574278662.0
2020-02-05,BBAS3,50.4,1196756116.0
2020-02-06,BBAS3,49.55,481321594.0
2020-02-07,BBAS3,49.6,388363343.0
2020-02-10,BBAS3,49.11,383747331.0
2020-02-11,BBAS3,51.32,926809246.0
2020-02-12,BBAS3,51.62,855174815.0
2020-02-13,BBAS3,50.82,704131516.0
2020-02-14,BBAS3,49.85,503323547.0
2020-02-17,BBAS3,49.1,334279556.0
2020-02-18,BBAS3,49.57,440382585.0
2020-02-19,BBAS3,49.69,556112709.0
2020-02-20,BBAS3,49.18,592342568.0
2020-02-21,BBAS3,49.22,314419544.0
2020-02-26,BBAS3,45.23,698350327.0
2020-02-27,BBAS3,45.79,1458013093.0
2020-02-28,BBAS3,46.86,1213238615.0
2020-03-02,BBAS3,47.15,620317946.0
2020-03-03,BBAS3,45.77,993722772.0
2020-03-04,BBAS3,45.82,878185389.0
2020-03-05,BBAS3,43.11,1131306769.0
2020-03-06,BBAS3,42.3,799740015.0
2020-03-09,BBAS3,37.63,955691658.0
2020-03-10,BBAS3,39.61,1264367570.0
2020-03-11,BBAS3,36.19,914708279.0
2020-03-12,BBAS3,31.25,926947022.0
2020-03-13,BBAS3,36.49,1418481732.0
2020-03-16,BBAS3,30.4,963080118.0
2020-03-17,BBAS3,31.87,858815621.0
2020-03-18,BBAS3,26.61,1040084011.0
2020-03-19,BBAS3,25.57,1063379768.0
2020-03-20,BBAS3,24.6,779413693.0
2020-03-23,BBAS3,22.13,603542223.0
2020-03-24,BBAS3,25.92,656623915.0
2020-03-25,BBAS3,29.03,708334349.0
2020-03-26,BBAS3,30.49,781050874.0
2020-03-27,BBAS3,28.24,595812150.0
2020-03-30,BBAS3,28.99,455424073.0
2020-03-31,BBAS3,27.89,538391537.0
2020-04-01,BBAS3,26.71,528339255.0
2020-04-02,BBAS3,27.02,426710415.0
2020-05-04,BBAS3,27.76,454384382.0
2020-05-05,BBAS3,27.8,443425520.0
2020-05-06,BBAS3,26.99,551763153.0
2020-05-07,BBAS3,26.26,704187901.0
2020-05-08,BBAS3,27.1,478230007.0
2020-05-11,BBAS3,27.27,476616432.0
2020-05-12,BBAS3,26.31,649587977.0
2020-05-13,BBAS3,25.55,680044042.0
2020-05-14,BBAS3,26.65,928195951.0
2020-05-15,BBAS3,26.15,618531768.0
2020-05-18,BBAS3,27.4,511351740.0
2020-05-19,BBAS3,26.66,454030436.0
2020-05-20,BBAS3,27.33,621376766.0
2020-05-21,BBAS3,29.26,874525440.0
2020-05-22,BBAS3,28.51,768123194.0
2020-05-25,BBAS3,31.5,982729999.0
2020-05-26,BBAS3,30.79,962912868.0
2020-05-27,BBAS3,30.9,595868098.0
2020-05-28,BBAS3,30.79,639501066.0
2020-05-29,BBAS3,30.84,816918270.0
2020-06-01,BBAS3,31.8,696949365.0
2020-06-02,BBAS3,32.82,514325148.0
2020-06-03,BBAS3,34.75,1021391716.0
2020-06-04,BBAS3,34.94,829149915.0
2020-06-05,BBAS3,35.2,1285559086.0
2020-06-08,BBAS3,36.39,805113445.0
2020-06-09,BBAS3,35.79,1040166487.0
2020-06-10,BBAS3,34.21,952976452.0
2020-06-12,BBAS3,33.35,963400983.0
2020-06-15,BBAS3,33.07,1083938175.0
2020-06-16,BBAS3,33.5,784089235.0
2020-06-17,BBAS3,34.5,647556989.0
2020-06-18,BBAS3,34.4,652924051.0
2020-06-19,BBAS3,33.94,697927584.0
2020-06-22,BBAS3,33.24,509318011.0
2020-06-23,BBAS3,33.53,546881179.0
2020-06-24,BBAS3,32.22,793851473.0
2020-06-25,BBAS3,33.01,619050832.0
2020-06-26,BBAS3,31.82,475776708.0
2020-06-29,BBAS3,33.44,601525472.0
2020-06-30,BBAS3,32.15,820926309.0
2020-07-01,BBAS3,33.07,560615446.0
2020-07-02,BBAS3,33.16,670077766.0
2020-07-03,BBAS3,33.5,272096100.0
2020-07-06,BBAS3,34.67,660264921.0
2020-07-07,BBAS3,33.28,780777829.0
2020-07-08,BBAS3,34.09,598178964.0
2020-07-09,BBAS3,33.96,382664306.0
2020-07-10,BBAS3,34.14,482043058.0
2020-07-13,BBAS3,33.8,487694818.0
2020-07-14,BBAS3,34.35,487681267.0
2020-07-15,BBAS3,34.69,512692298.0
2020-07-16,BBAS3,34.4,346242531.0
2020-07-17,BBAS3,35.46,599583607.0
2020-07-20,BBAS3,35.32,560310423.0
2020-07-21,BBAS3,35.49,686537990.0
2020-07-22,BBAS3,35.2,478571860.0
2020-07-23,BBAS3,34.35,492542343.0
2020-07-24,BBAS3,33.95,586774886.0
2020-07-27,BBAS3,34.91,820033651.0
2020-07-28,BBAS3,35.03,603509843.0
2020-07-29,BBAS3,35.95,467414039.0
2020-07-30,BBAS3,34.8,806561760.0
2020-07-31,BBAS3,33.58,702433464.0
2020-09-02,BBAS3,33.25,325250332.0
2020-09-03,BBAS3,33.77,1017948786.0
2020-09-04,BBAS3,33.95,707792669.0
2020-09-08,BBAS3,33.26,448660211.0
2020-09-09,BBAS3,33.22,418669690.0
2020-09-10,BBAS3,32.53,439483249.0
2020-09-11,BBAS3,32.0,470966605.0
2020-09-14,BBAS3,32.36,354523192.0
2020-09-15,BBAS3,31.99,371510094.0
2020-09-16,BBAS3,32.09,446171696.0
2020-09-17,BBAS3,32.15,327210764.0
2020-09-18,BBAS3,31.34,503443301.0
2020-09-21,BBAS3,30.88,413417535.0
2020-09-22,BBAS3,30.82,332758873.0
2020-09-23,BBAS3,30.18,388915442.0
2020-09-24,BBAS3,30.42,486747402.0
2020-09-25,BBAS3,30.3,282176839.0
2020-09-28,BBAS3,30.51,947611976.0
2020-09-29,BBAS3,29.76,553394453.0
2020-09-30,BBAS3,29.62,421897504.0
2020-10-01,BBAS3,29.79,354637264.0
2020-10-02,BBAS3,29.71,510384035.0
2020-10-05,BBAS3,30.23,375783358.0
2020-10-06,BBAS3,30.03,326194406.0
2020-10-07,BBAS3,29.81,372119226.0
2020-10-08,BBAS3,31.25,560639339.0
2020-10-09,BBAS3,31.04,431592858.0
2020-10-13,BBAS3,31.05,335208390.0
2020-10-14,BBAS3,30.85,322451895.0
2020-10-15,BBAS3,31.06,394546620.0
2020-10-16,BBAS3,30.27,384018626.0
2020-10-19,BBAS3,30.6,480206655.0
2020-10-20,BBAS3,32.01,685160358.0
2020-10-21,BBAS3,32.25,522151912.0
2020-10-22,BBAS3,33.65,996067530.0
2020-10-23,BBAS3,33.53,644740333.0
2020-10-26,BBAS3,33.5,480106489.0
2020-10-27,BBAS3,32.78,507597771.0
2020-10-28,BBAS3,31.14,485032114.0
2020-10-29,BBAS3,30.96,597943685.0
2020-10-30,BBAS3,29.8,660907775.0
2020-11-03,BBAS3,30.1,516990510.0
2020-11-04,BBAS3,30.32,417362150.0
2020-11-05,BBAS3,30.69,574645366.0
2020-11-06,BBAS3,30.49,390939056.0
2020-11-09,BBAS3,32.7,1101649695.0
2020-11-10,BBAS3,34.37,1433567073.0
2020-11-11,BBAS3,34.16,926348175.0
2020-11-12,BBAS3,32.73,826288284.0
2020-11-13,BBAS3,33.05,569627905.0
2020-11-16,BBAS3,33.9,787941648.0
2020-11-17,BBAS3,34.2,635567150.0
2020-11-18,BBAS3,34.28,686099238.0
2020-11-19,BBAS3,34.62,729578038.0
2020-11-20,BBAS3,34.25,424898875.0
2020-11-23,BBAS3,34.52,607289382.0
2020-11-24,BBAS3,35.44,802744237.0
2020-11-25,BBAS3,35.34,480471699.0
2020-11-26,BBAS3,34.78,318205115.0
2020-11-27,BBAS3,34.61,335824745.0
2020-11-30,BBAS3,33.86,660647257.0
2020-12-01,BBAS3,34.79,676639496.0
2020-12-02,BBAS3,34.94,428405815.0
2019-01-04,BBDC3,35.7,166120321.0
2019-01-07,BBDC3,36.0,77846713.0
2019-01-08,BBDC3,36.4,83061264.0
2019-01-09,BBDC3,37.16,87754613.0
2019-01-10,BBDC3,37.27,61013938.0
2019-01-11,BBDC3,37.12,62682482.0
2019-01-14,BBDC3,37.16,54602049.0
2019-01-15,BBDC3,37.3,76573614.0
2019-01-16,BBDC3,37.5,92415832.0
2019-01-17,BBDC3,37.65,70020335.0
2019-01-18,BBDC3,38.1,149259378.0
2019-01-21,BBDC3,37.44,47826545.0
2019-01-22,BBDC3,37.41,75719265.0
2019-01-23,BBDC3,38.12,91507828.0
2019-01-24,BBDC3,38.68,87288075.0
2019-01-28,BBDC3,39.59,133491459.0
2019-01-29,BBDC3,38.51,129023073.0
2019-01-30,BBDC3,38.82,126799060.0
2019-01-31,BBDC3,40.26,146705628.0
2019-02-01,BBDC3,39.78,126493517.0
2019-02-04,BBDC3,40.63,103441555.0
2019-02-05,BBDC3,40.6,96392426.0
2019-02-06,BBDC3,38.67,79672764.0
2019-02-07,BBDC3,39.23,110622232.0
2019-02-08,BBDC3,40.25,122911080.0
2019-02-11,BBDC3,39.47,141756122.0
2019-02-12,BBDC3,40.32,105378497.0
2019-02-13,BBDC3,39.98,161609201.0
2019-02-14,BBDC3,41.34,112466088.0
2019-02-15,BBDC3,40.79,137458317.0
2019-02-18,BBDC3,39.85,69100495.0
2019-02-19,BBDC3,40.5,103280498.0
2019-02-20,BBDC3,39.72,140473747.0
2019-02-21,BBDC3,40.2,108301486.0
2019-02-22,BBDC3,40.12,88480577.0
2019-02-25,BBDC3,39.84,50844757.0
2019-02-26,BBDC3,40.01,58829241.0
2019-02-27,BBDC3,39.75,62879291.0
2019-02-28,BBDC3,38.53,166911891.0
2019-03-01,BBDC3,37.4,87515465.0
2019-03-06,BBDC3,37.18,74464276.0
2019-03-07,BBDC3,37.44,123417712.0
2019-03-08,BBDC3,37.8,83022054.0
2019-03-11,BBDC3,39.34,75097627.0
2019-03-12,BBDC3,39.77,117674510.0
2019-03-13,BBDC3,39.75,180366094.0
2019-03-14,BBDC3,39.61,131672202.0
2019-03-15,BBDC3,39.8,158031655.0
2019-03-18,BBDC3,40.09,92623802.0
2019-03-19,BBDC3,39.3,74938379.0
2019-03-20,BBDC3,38.56,119882439.0
2019-03-21,BBDC3,37.35,105449963.0
2019-03-22,BBDC3,36.36,123452080.0
2019-03-25,BBDC3,36.5,105714905.0
2019-03-26,BBDC3,36.62,66127568.0
2019-03-27,BBDC3,35.46,101876787.0
2019-03-28,BBDC3,37.0,114269682.0
2019-03-29,BBDC3,37.85,96697231.0
2019-04-01,BBDC3,31.6,67710420.0
2019-04-02,BBDC3,31.3,58036938.0
2019-05-03,BBDC3,31.73,127417273.0
2019-05-06,BBDC3,30.7,70044150.0
2019-05-07,BBDC3,30.27,82792780.0
2019-05-08,BBDC3,30.98,74921242.0
2019-05-09,BBDC3,30.37,53210733.0
2019-05-10,BBDC3,30.06,84987056.0
2019-05-13,BBDC3,29.2,73723858.0
2019-05-14,BBDC3,28.95,59440785.0
2019-05-15,BBDC3,28.69,99964251.0
2019-05-16,BBDC3,28.17,89052014.0
2019-05-17,BBDC3,28.4,86301052.0
2019-05-20,BBDC3,29.38,69528002.0
2019-05-21,BBDC3,30.65,91717492.0
2019-05-22,BBDC3,30.21,55876942.0
2019-05-23,BBDC3,30.22,73111089.0
2019-05-24,BBDC3,30.02,93617801.0
2019-05-27,BBDC3,30.45,60405263.0
2019-05-28,BBDC3,31.47,246102300.0
2019-05-29,BBDC3,32.05,99768495.0
2019-05-30,BBDC3,32.55,72047987.0
2019-05-31,BBDC3,32.65,91092832.0
2019-06-03,BBDC3,32.77,92428458.0
2019-06-04,BBDC3,32.7,102605868.0
2019-06-05,BBDC3,32.32,84187415.0
2019-06-06,BBDC3,32.75,53109065.0
2019-06-07,BBDC3,32.95,65492410.0
2019-06-10,BBDC3,32.65,74900937.0
2019-06-11,BBDC3,32.73,108098451.0
2019-06-12,BBDC3,32.79,115247746.0
2019-06-13,BBDC3,32.44,108926668.0
2019-06-14,BBDC3,32.0,85800213.0
2019-06-17,BBDC3,31.82,70201828.0
2019-06-18,BBDC3,32.19,72657113.0
2019-06-19,BBDC3,32.94,85110547.0
2019-06-21,BBDC3,33.7,133442908.0
2019-06-24,BBDC3,33.85,91136500.0
2019-06-25,BBDC3,33.27,116207104.0
2019-06-26,BBDC3,33.4,157819702.0
2019-06-27,BBDC3,33.5,88790599.0
2019-06-28,BBDC3,33.45,81372312.0
2019-07-01,BBDC3,33.5,65658215.0
2019-07-02,BBDC3,33.45,67970766.0
2019-07-03,BBDC3,34.08,73877345.0
2019-07-04,BBDC3,34.84,67777050.0
2019-07-05,BBDC3,35.11,53013779.0
2019-07-08,BBDC3,35.34,80848611.0
2019-07-10,BBDC3,35.1,144841491.0
2019-07-11,BBDC3,34.7,95604911.0
2019-07-12,BBDC3,34.01,73020124.0
2019-07-15,BBDC3,34.02,47608633.0
2019-07-16,BBDC3,33.72,50707029.0
2019-07-17,BBDC3,33.84,49643689.0
2019-07-18,BBDC3,34.46,50323033.0
2019-07-19,BBDC3,34.03,59143848.0
2019-07-22,BBDC3,34.39,63428672.0
2019-07-23,BBDC3,34.4,76730313.0
2019-07-24,BBDC3,35.03,93860219.0
2019-07-25,BBDC3,33.31,109069548.0
2019-07-26,BBDC3,32.77,105223095.0
2019-07-29,BBDC3,32.77,83435381.0
2019-07-30,BBDC3,32.2,89710353.0
2019-07-31,BBDC3,31.11,141108698.0
2019-08-01,BBDC3,30.84,154917738.0
2019-08-02,BBDC3,30.75,129724264.0
2019-09-02,BBDC3,29.62,106462129.0
2019-09-03,BBDC3,28.97,149539972.0
2019-09-04,BBDC3,29.41,63840289.0
2019-09-05,BBDC3,30.13,86559633.0
2019-09-06,BBDC3,31.3,102372773.0
2019-09-09,BBDC3,31.72,99160243.0
2019-09-10,BBDC3,31.51,101001350.0
2019-09-11,BBDC3,31.6,86665254.0
2019-09-12,BBDC3,31.34,106734137.0
2019-09-13,BBDC3,30.98,65393494.0
2019-09-16,BBDC3,30.7,77019622.0
2019-09-17,BBDC3,31.06,93046213.0
2019-09-18,BBDC3,31.29,72269918.0
2019-09-19,BBDC3,30.87,73317136.0
2019-09-20,BBDC3,31.9,211399763.0
2019-09-23,BBDC3,31.64,66278482.0
2019-09-24,BBDC3,31.29,53868971.0
2019-09-25,BBDC3,31.59,63993497.0
2019-09-26,BBDC3,31.86,69009330.0
2019-09-27,BBDC3,31.83,62159602.0
2019-09-30,BBDC3,31.25,79451783.0
2019-10-01,BBDC3,30.98,59092069.0
2019-10-02,BBDC3,29.77,87410635.0
2019-10-03,BBDC3,29.81,80670426.0
2019-10-04,BBDC3,29.93,61982867.0
2019-10-07,BBDC3,29.47,78892270.0
2019-10-08,BBDC3,29.59,86474777.0
2019-10-09,BBDC3,30.77,71034127.0
2019-10-10,BBDC3,30.95,57016850.0
2019-10-11,BBDC3,31.4,132709852.0
2019-10-14,BBDC3,31.86,49192377.0
2019-10-15,BBDC3,32.17,70045030.0
2019-10-16,BBDC3,33.15,112814847.0
2019-10-17,BBDC3,32.69,104643991.0
2019-10-18,BBDC3,31.44,73394671.0
2019-10-21,BBDC3,31.93,58542624.0
2019-10-22,BBDC3,32.77,92898242.0
2019-10-23,BBDC3,33.11,87386813.0
2019-10-24,BBDC3,33.05,84190527.0
2019-10-25,BBDC3,33.31,83957777.0
2019-10-28,BBDC3,34.3,93164950.0
2019-10-29,BBDC3,33.92,85641217.0
2019-10-30,BBDC3,34.26,101905877.0
2019-10-31,BBDC3,32.85,147902248.0
2019-11-01,BBDC3,32.49,101911354.0
2019-11-04,BBDC3,32.64,69148920.0
2019-11-05,BBDC3,33.19,79819812.0
2019-11-06,BBDC3,32.73,81891076.0
2019-11-07,BBDC3,33.02,58864813.0
2019-11-08,BBDC3,32.03,93000610.0
2019-11-11,BBDC3,32.18,94505657.0
2019-11-12,BBDC3,31.73,85652651.0
2019-11-13,BBDC3,31.6,78291245.0
2019-11-14,BBDC3,31.39,89419494.0
2019-11-18,BBDC3,31.15,73872090.0
2019-11-19,BBDC3,31.1,66249283.0
2019-11-21,BBDC3,31.46,90683025.0
2019-11-22,BBDC3,31.99,68515965.0
2019-11-25,BBDC3,31.53,91217580.0
2019-11-26,BBDC3,30.54,228254858.0
2019-11-27,BBDC3,30.97,91101936.0
2019-11-28,BBDC3,30.94,72734352.0
2019-11-29,BBDC3,31.25,81117893.0
2019-12-02,BBDC3,31.56,81292868.0
2020-01-02,BBDC3,35.44,98538837.0
2020-01-03,BBDC3,34.87,193774425.0
2020-01-06,BBDC3,34.67,167704428.0
2020-01-07,BBDC3,34.08,58774758.0
2020-01-08,BBDC3,33.56,82796480.0
2020-01-09,BBDC3,33.23,83520026.0
2020-01-10,BBDC3,32.65,62747676.0
2020-01-13,BBDC3,33.05,68329868.0
2020-01-14,BBDC3,33.12,68503087.0
2020-01-15,BBDC3,32.36,79054263.0
2020-01-16,BBDC3,32.89,65839698.0
2020-01-17,BBDC3,33.58,52809086.0
2020-01-20,BBDC3,33.06,37342586.0
2020-01-21,BBDC3,31.91,93129166.0
2020-01-22,BBDC3,32.18,50157961.0
2020-01-23,BBDC3,33.05,101058325.0
2020-01-24,BBDC3,32.87,54271232.0
2020-01-27,BBDC3,32.0,58082413.0
2020-01-28,BBDC3,32.08,54211300.0
2020-01-29,BBDC3,31.4,82978780.0
2020-01-30,BBDC3,31.7,72709456.0
2020-01-31,BBDC3,31.35,148009248.0
2020-02-03,BBDC3,31.58,90212420.0
2020-02-04,BBDC3,31.68,82156836.0
2020-02-05,BBDC3,32.26,137130833.0
2020-02-06,BBDC3,31.81,73264661.0
2020-02-07,BBDC3,31.71,101410950.0
2020-02-10,BBDC3,31.88,96198099.0
2020-02-11,BBDC3,32.75,107007570.0
2020-02-12,BBDC3,32.28,176885992.0
2020-02-13,BBDC3,31.52,75087260.0
2020-02-14,BBDC3,30.67,73037959.0
2020-02-17,BBDC3,30.5,42377129.0
2020-02-18,BBDC3,30.27,84670745.0
2020-02-19,BBDC3,30.45,83896905.0
2020-02-20,BBDC3,29.76,107337206.0
2020-02-21,BBDC3,29.37,93498936.0
2020-02-26,BBDC3,27.22,192804524.0
2020-02-27,BBDC3,26.65,176973902.0
2020-02-28,BBDC3,27.29,221271384.0
2020-03-02,BBDC3,27.61,152863592.0
2020-03-03,BBDC3,27.15,151382248.0
2020-03-04,BBDC3,27.36,95258507.0
2020-03-05,BBDC3,26.55,106367759.0
2020-03-06,BBDC3,25.71,105715148.0
2020-03-09,BBDC3,23.19,179655820.0
2020-03-10,BBDC3,23.86,183183501.0
2020-03-11,BBDC3,21.97,160379239.0
2020-03-12,BBDC3,19.17,115651194.0
2020-03-13,BBDC3,22.3,210928308.0
2020-03-16,BBDC3,19.1,193139893.0
2020-03-17,BBDC3,20.32,281910220.0
2020-03-18,BBDC3,18.68,228712251.0
2020-03-19,BBDC3,18.03,213987647.0
2020-03-20,BBDC3,16.99,189261401.0
2020-03-23,BBDC3,15.68,95708280.0
2020-03-24,BBDC3,17.89,91337545.0
2020-03-25,BBDC3,19.31,106562559.0
2020-03-26,BBDC3,19.99,129417577.0
2020-03-27,BBDC3,18.83,113420971.0
2020-03-30,BBDC3,19.25,101353059.0
2020-03-31,BBDC3,18.81,99763252.0
2020-04-01,BBDC3,17.99,86971761.0
2020-04-02,BBDC3,18.39,113703625.0
2020-05-04,BBDC3,16.89,99749073.0
2020-05-05,BBDC3,16.85,92925114.0
2020-05-06,BBDC3,16.46,83089115.0
2020-05-07,BBDC3,15.92,175696678.0
2020-05-08,BBDC3,16.63,75562526.0
2020-05-11,BBDC3,16.34,84491499.0
2020-05-12,BBDC3,15.82,86781110.0
2020-05-13,BBDC3,15.7,99333877.0
2020-05-14,BBDC3,16.38,102878334.0
2020-05-15,BBDC3,15.81,81905360.0
2020-05-18,BBDC3,16.56,79565003.0
2020-05-19,BBDC3,16.0,61391946.0
2020-05-20,BBDC3,16.3,72196462.0
2020-05-21,BBDC3,17.3,86336628.0
2020-05-22,BBDC3,17.02,93507449.0
2020-05-25,BBDC3,18.38,97780553.0
2020-05-26,BBDC3,17.55,134630439.0
2020-05-27,BBDC3,17.83,109234546.0
2020-05-28,BBDC3,17.67,112607459.0
2020-05-29,BBDC3,17.8,294203302.0
2020-06-01,BBDC3,18.37,120624310.0
2020-06-02,BBDC3,19.05,119416982.0
2020-06-03,BBDC3,19.91,172878073.0
2020-06-04,BBDC3,19.99,164096992.0
2020-06-05,BBDC3,20.45,190052976.0
2020-06-08,BBDC3,21.43,142632565.0
2020-06-09,BBDC3,21.21,130455240.0
2020-06-10,BBDC3,20.36,172135312.0
2020-06-12,BBDC3,19.89,172785784.0
2020-06-15,BBDC3,19.55,129352900.0
2020-06-16,BBDC3,20.19,110560117.0
2020-06-17,BBDC3,20.46,146142597.0
2020-06-18,BBDC3,20.45,137693482.0
2020-06-19,BBDC3,19.99,259992967.0
2020-06-22,BBDC3,19.64,162278591.0
2020-06-23,BBDC3,19.65,121627489.0
2020-06-24,BBDC3,19.22,117520459.0
2020-06-25,BBDC3,19.63,96511800.0
2020-06-26,BBDC3,19.08,86647424.0
2020-06-29,BBDC3,19.56,67379838.0
2020-06-30,BBDC3,18.96,132178741.0
2020-07-01,BBDC3,19.28,106336105.0
2020-07-02,BBDC3,19.43,66972913.0
2020-07-03,BBDC3,19.43,34791280.0
2020-07-06,BBDC3,20.73,122511423.0
2020-07-07,BBDC3,19.88,123450898.0
2020-07-08,BBDC3,20.56,101104204.0
2020-07-09,BBDC3,20.3,103135296.0
2020-07-10,BBDC3,20.45,51668636.0
2020-07-13,BBDC3,20.04,103652603.0
2020-07-14,BBDC3,20.32,96799300.0
2020-07-15,BBDC3,20.74,115191663.0
2020-07-16,BBDC3,20.4,90522049.0
2020-07-17,BBDC3,20.79,102347502.0
2020-07-20,BBDC3,21.05,85382485.0
2020-07-21,BBDC3,21.4,134489149.0
2020-07-22,BBDC3,21.14,100982397.0
2020-07-23,BBDC3,20.88,63714119.0
2020-07-24,BBDC3,20.72,87069903.0
2020-07-27,BBDC3,21.58,93923480.0
2020-07-28,BBDC3,21.42,102570039.0
2020-07-29,BBDC3,22.06,96136185.0
2020-07-30,BBDC3,21.5,144201196.0
2020-07-31,BBDC3,20.73,148992930.0
2020-09-02,BBDC3,19.6,71844950.0
2020-09-03,BBDC3,20.35,417810207.0
2020-09-04,BBDC3,20.32,175725873.0
2020-09-08,BBDC3,19.93,422531989.0
2020-09-09,BBDC3,19.98,70217984.0
2020-09-10,BBDC3,19.31,413526600.0
2020-09-11,BBDC3,18.87,115884058.0
2020-09-14,BBDC3,19.16,78871741.0
2020-09-15,BBDC3,18.92,85857343.0
2020-09-16,BBDC3,19.04,148452679.0
2020-09-17,BBDC3,19.11,60164846.0
2020-09-18,BBDC3,18.77,196836058.0
2020-09-21,BBDC3,18.44,123032575.0
2020-09-22,BBDC3,18.63,81237854.0
2020-09-23,BBDC3,18.14,87678347.0
2020-09-24,BBDC3,18.43,87099397.0
2020-09-25,BBDC3,18.39,69115657.0
2020-09-28,BBDC3,18.22,162312256.0
2020-09-29,BBDC3,17.89,99981100.0
2020-09-30,BBDC3,18.02,72377050.0
2020-10-01,BBDC3,18.05,121299485.0
2020-10-02,BBDC3,18.12,122513643.0
2020-10-05,BBDC3,18.52,98074173.0
2020-10-06,BBDC3,18.41,85520016.0
2020-10-07,BBDC3,18.17,91016299.0
2020-10-08,BBDC3,19.2,126052066.0
2020-10-09,BBDC3,19.16,131273512.0
2020-10-13,BBDC3,19.17,144469568.0
2020-10-14,BBDC3,19.21,84629479.0
2020-10-15,BBDC3,19.17,79364153.0
2020-10-16,BBDC3,18.66,82887117.0
2020-10-19,BBDC3,18.89,101828907.0
2020-10-20,BBDC3,19.59,132459011.0
2020-10-21,BBDC3,19.77,122070799.0
2020-10-22,BBDC3,20.44,166007436.0
2020-10-23,BBDC3,20.4,122187272.0
2020-10-26,BBDC3,20.63,94482776.0
2020-10-27,BBDC3,20.1,148323989.0
2020-10-28,BBDC3,18.89,111424247.0
2020-10-29,BBDC3,18.74,162235098.0
2020-10-30,BBDC3,18.17,102821275.0
2020-11-03,BBDC3,18.63,115961315.0
2020-11-04,BBDC3,18.62,78570909.0
2020-11-05,BBDC3,18.98,93265758.0
2020-11-06,BBDC3,19.0,53507517.0
2020-11-09,BBDC3,20.73,191921982.0
2020-11-10,BBDC3,21.89,197714672.0
2020-11-11,BBDC3,21.93,173893335.0
2020-11-12,BBDC3,21.16,99970370.0
2020-11-13,BBDC3,21.74,86412591.0
2020-11-16,BBDC3,22.69,145764628.0
2020-11-17,BBDC3,22.82,112701319.0
2020-11-18,BBDC3,22.29,103065758.0
2020-11-19,BBDC3,22.29,92371996.0
2020-11-20,BBDC3,22.08,72474093.0
2020-11-23,BBDC3,22.13,89365282.0
2020-11-24,BBDC3,22.94,205856644.0
2020-11-25,BBDC3,22.57,146944114.0
2020-11-26,BBDC3,22.18,92972756.0
2020-11-27,BBDC3,22.02,94561231.0
2020-11-30,BBDC3,21.65,198828205.0
2020-12-01,BBDC3,22.8,183098178.0
2020-12-02,BBDC3,22.99,94730016.0
2019-01-04,BBDC4,40.46,606268108.0
2019-01-07,BBDC4,40.94,783195088.0
2019-01-08,BBDC4,41.19,861152755.0
2019-01-09,BBDC4,41.9,718533377.0
2019-01-10,BBDC4,41.77,780621903.0
2019-01-11,BBDC4,41.5,448399061.0
2019-01-14,BBDC4,41.99,363541587.0
2019-01-15,BBDC4,41.91,525650869.0
2019-01-16,BBDC4,42.11,456033641.0
2019-01-17,BBDC4,42.25,407679957.0
2019-01-18,BBDC4,42.68,537041593.0
2019-01-21,BBDC4,42.19,329091492.0
2019-01-22,BBDC4,42.0,412535150.0
2019-01-23,BBDC4,42.72,458522959.0
2019-01-24,BBDC4,43.15,690703096.0
2019-01-28,BBDC4,43.5,713654756.0
2019-01-29,BBDC4,42.94,582452564.0
2019-01-30,BBDC4,42.84,914494234.0
2019-01-31,BBDC4,45.26,1436568276.0
2019-02-01,BBDC4,44.7,741438753.0
2019-02-04,BBDC4,45.67,789450639.0
2019-02-05,BBDC4,45.69,794886995.0
2019-02-06,BBDC4,43.54,760016984.0
2019-02-07,BBDC4,44.2,848240348.0
2019-02-08,BBDC4,44.67,825119654.0
2019-02-11,BBDC4,44.41,465107607.0
2019-02-12,BBDC4,45.3,918564110.0
2019-02-13,BBDC4,44.6,1041247217.0
2019-02-14,BBDC4,46.3,981408199.0
2019-02-15,BBDC4,46.0,694622613.0
2019-02-18,BBDC4,44.95,446012125.0
2019-02-19,BBDC4,45.33,696400158.0
2019-02-20,BBDC4,44.58,644013463.0
2019-02-21,BBDC4,44.97,1057326090.0
2019-02-22,BBDC4,44.6,1226870100.0
2019-02-25,BBDC4,44.15,681700915.0
2019-02-26,BBDC4,44.94,745454629.0
2019-02-27,BBDC4,44.44,461643611.0
2019-02-28,BBDC4,43.27,722886418.0
2019-03-01,BBDC4,42.55,701919428.0
2019-03-06,BBDC4,42.21,359043057.0
2019-03-07,BBDC4,42.51,541452352.0
2019-03-08,BBDC4,43.1,448911151.0
2019-03-11,BBDC4,44.85,728975879.0
2019-03-12,BBDC4,44.98,595715452.0
2019-03-13,BBDC4,45.41,800636239.0
2019-03-14,BBDC4,45.51,688538883.0
2019-03-15,BBDC4,45.7,636904927.0
2019-03-18,BBDC4,45.94,311153535.0
2019-03-19,BBDC4,44.95,977425922.0
2019-03-20,BBDC4,43.73,1021268084.0
2019-03-21,BBDC4,42.77,691266643.0
2019-03-22,BBDC4,41.26,1030785236.0
2019-03-25,BBDC4,41.35,542830891.0
2019-03-26,BBDC4,41.62,606645820.0
2019-03-27,BBDC4,40.18,905681997.0
2019-03-28,BBDC4,42.22,943828183.0
2019-03-29,BBDC4,42.94,720412073.0
2019-04-01,BBDC4,36.07,604193871.0
2019-04-02,BBDC4,35.59,466076997.0
2019-05-03,BBDC4,35.96,545664180.0
2019-05-06,BBDC4,34.99,402968378.0
2019-05-07,BBDC4,34.77,593468651.0
2019-05-08,BBDC4,35.49,563842684.0
2019-05-09,BBDC4,34.87,363671444.0
2019-05-10,BBDC4,34.56,378335706.0
2019-05-13,BBDC4,33.7,475246910.0
2019-05-14,BBDC4,33.6,417149725.0
2019-05-15,BBDC4,33.24,617106329.0
2019-05-16,BBDC4,32.85,725434272.0
2019-05-17,BBDC4,33.1,798854314.0
2019-05-20,BBDC4,34.0,494103057.0
2019-05-21,BBDC4,35.4,782536290.0
2019-05-22,BBDC4,34.77,535960190.0
2019-05-23,BBDC4,34.6,485506176.0
2019-05-24,BBDC4,34.26,333531542.0
2019-05-27,BBDC4,34.75,303068271.0
2019-05-28,BBDC4,35.71,1171603264.0
2019-05-29,BBDC4,36.42,752891802.0
2019-05-30,BBDC4,37.09,512218470.0
2019-05-31,BBDC4,37.0,506478002.0
2019-06-03,BBDC4,36.88,676305856.0
2019-06-04,BBDC4,37.05,542074012.0
2019-06-05,BBDC4,36.48,411218118.0
2019-06-06,BBDC4,37.28,450829780.0
2019-06-07,BBDC4,37.29,444466242.0
2019-06-10,BBDC4,36.85,542331811.0
2019-06-11,BBDC4,37.02,742986242.0
2019-06-12,BBDC4,36.59,795126617.0
2019-06-13,BBDC4,36.19,1201137103.0
2019-06-14,BBDC4,36.13,458281829.0
2019-06-17,BBDC4,36.04,500979456.0
2019-06-18,BBDC4,36.35,736519963.0
2019-06-19,BBDC4,36.8,571704270.0
2019-06-21,BBDC4,37.63,663901756.0
2019-06-24,BBDC4,37.93,369364929.0
2019-06-25,BBDC4,37.61,575517522.0
2019-06-26,BBDC4,38.08,488074077.0
2019-06-27,BBDC4,37.9,379228279.0
2019-06-28,BBDC4,37.74,642704830.0
2019-07-01,BBDC4,37.63,447348980.0
2019-07-02,BBDC4,37.73,513165248.0
2019-07-03,BBDC4,38.24,508654649.0
2019-07-04,BBDC4,39.07,559607472.0
2019-07-05,BBDC4,39.41,509633040.0
2019-07-08,BBDC4,39.23,365792742.0
2019-07-10,BBDC4,39.05,811835776.0
2019-07-11,BBDC4,38.72,760763280.0
2019-07-12,BBDC4,38.0,673795310.0
2019-07-15,BBDC4,37.84,445363346.0
2019-07-16,BBDC4,37.85,346722243.0
2019-07-17,BBDC4,37.65,491117364.0
2019-07-18,BBDC4,38.47,530765264.0
2019-07-19,BBDC4,37.6,542371037.0
2019-07-22,BBDC4,38.12,518394326.0
2019-07-23,BBDC4,38.25,555978303.0
2019-07-24,BBDC4,38.97,695176541.0
2019-07-25,BBDC4,36.7,2000340508.0
2019-07-26,BBDC4,36.23,916248000.0
2019-07-29,BBDC4,36.15,520576070.0
2019-07-30,BBDC4,35.4,1077332778.0
2019-07-31,BBDC4,34.5,1119220596.0
2019-08-01,BBDC4,34.2,1024643434.0
2019-08-02,BBDC4,34.28,828049541.0
2019-09-02,BBDC4,32.61,317633223.0
2019-09-03,BBDC4,32.06,454208401.0
2019-09-04,BBDC4,32.46,437808983.0
2019-09-05,BBDC4,33.21,668058739.0
2019-09-06,BBDC4,34.6,843038253.0
2019-09-09,BBDC4,35.04,861315777.0
2019-09-10,BBDC4,34.42,704459348.0
2019-09-11,BBDC4,34.27,499364264.0
2019-09-12,BBDC4,33.9,614083170.0
2019-09-13,BBDC4,33.46,708690510.0
2019-09-16,BBDC4,33.02,516438704.0
2019-09-17,BBDC4,33.9,609153034.0
2019-09-18,BBDC4,34.0,459264413.0
2019-09-19,BBDC4,33.59,489988162.0
2019-09-20,BBDC4,34.18,998180554.0
2019-09-23,BBDC4,34.25,437901375.0
2019-09-24,BBDC4,33.81,391945576.0
2019-09-25,BBDC4,34.03,327513881.0
2019-09-26,BBDC4,34.52,516260481.0
2019-09-27,BBDC4,34.5,468329928.0
2019-09-30,BBDC4,33.92,493281028.0
2019-10-01,BBDC4,33.46,479001376.0
2019-10-02,BBDC4,32.15,618671684.0
2019-10-03,BBDC4,32.24,534760078.0
2019-10-04,BBDC4,32.57,446039065.0
2019-10-07,BBDC4,32.36,733563985.0
2019-10-08,BBDC4,32.33,561076574.0
2019-10-09,BBDC4,33.25,467423860.0
2019-10-10,BBDC4,33.63,393057221.0
2019-10-11,BBDC4,34.01,554841247.0
2019-10-14,BBDC4,34.49,398719000.0
2019-10-15,BBDC4,34.77,685628463.0
2019-10-16,BBDC4,35.6,726360226.0
2019-10-17,BBDC4,35.0,768374804.0
2019-10-18,BBDC4,33.79,435559468.0
2019-10-21,BBDC4,34.03,415383061.0
2019-10-22,BBDC4,35.0,1000598570.0
2019-10-23,BBDC4,35.3,969770449.0
2019-10-24,BBDC4,35.26,765231874.0
2019-10-25,BBDC4,35.72,578604445.0
2019-10-28,BBDC4,37.01,1387600247.0
2019-10-29,BBDC4,36.5,760614501.0
2019-10-30,BBDC4,36.67,693846253.0
2019-10-31,BBDC4,35.17,1350897463.0
2019-11-01,BBDC4,34.87,774653252.0
2019-11-04,BBDC4,34.89,418755049.0
2019-11-05,BBDC4,35.36,793666950.0
2019-11-06,BBDC4,35.17,429909440.0
2019-11-07,BBDC4,35.26,357561635.0
2019-11-08,BBDC4,34.24,752540992.0
2019-11-11,BBDC4,34.16,602476939.0
2019-11-12,BBDC4,33.84,506365239.0
2019-11-13,BBDC4,33.49,504209703.0
2019-11-14,BBDC4,33.35,620449502.0
2019-11-18,BBDC4,33.13,625495829.0
2019-11-19,BBDC4,33.07,388299549.0
2019-11-21,BBDC4,33.26,970535279.0
2019-11-22,BBDC4,33.81,556891403.0
2019-11-25,BBDC4,33.64,488935677.0
2019-11-26,BBDC4,32.92,1066916087.0
2019-11-27,BBDC4,33.47,597374297.0
2019-11-28,BBDC4,33.21,504956273.0
2019-11-29,BBDC4,33.37,470300095.0
2019-12-02,BBDC4,33.59,392890399.0
2020-01-02,BBDC4,37.51,697521275.0
2020-01-03,BBDC4,37.51,1126960109.0
2020-01-06,BBDC4,36.84,932729725.0
2020-01-07,BBDC4,36.2,538504257.0
2020-01-08,BBDC4,35.64,762405768.0
2020-01-09,BBDC4,35.07,809948347.0
2020-01-10,BBDC4,34.43,691798758.0
2020-01-13,BBDC4,34.8,567908452.0
2020-01-14,BBDC4,34.76,491916948.0
2020-01-15,BBDC4,34.15,725979959.0
2020-01-16,BBDC4,34.64,852857702.0
2020-01-17,BBDC4,35.45,796649453.0
2020-01-20,BBDC4,34.76,488864717.0
2020-01-21,BBDC4,33.6,797308428.0
2020-01-22,BBDC4,33.72,602254614.0
2020-01-23,BBDC4,34.61,1005129175.0
2020-01-24,BBDC4,34.35,459570165.0
2020-01-27,BBDC4,33.56,480533447.0
2020-01-28,BBDC4,33.6,421122203.0
2020-01-29,BBDC4,33.12,537751638.0
2020-01-30,BBDC4,33.45,522061469.0
2020-01-31,BBDC4,32.89,570734739.0
2020-02-03,BBDC4,33.1,503368883.0
2020-02-04,BBDC4,33.1,686028394.0
2020-02-05,BBDC4,33.74,1338530744.0
2020-02-06,BBDC4,33.35,788241841.0
2020-02-07,BBDC4,33.73,769227320.0
2020-02-10,BBDC4,34.09,833545898.0
2020-02-11,BBDC4,34.39,939177317.0
2020-02-12,BBDC4,33.93,1673868960.0
2020-02-13,BBDC4,33.28,638973723.0
2020-02-14,BBDC4,32.53,723015629.0
2020-02-17,BBDC4,32.26,350597224.0
2020-02-18,BBDC4,32.07,835033170.0
2020-02-19,BBDC4,32.53,888785426.0
2020-02-20,BBDC4,32.06,676532194.0
2020-02-21,BBDC4,31.81,514810073.0
2020-02-26,BBDC4,30.1,882404354.0
2020-02-27,BBDC4,29.97,1099412223.0
2020-02-28,BBDC4,30.53,1268074040.0
2020-03-02,BBDC4,30.94,1020950816.0
2020-03-03,BBDC4,30.12,939464054.0
2020-03-04,BBDC4,30.45,883309849.0
2020-03-05,BBDC4,29.45,718082247.0
2020-03-06,BBDC4,28.61,868355587.0
2020-03-09,BBDC4,26.55,1220842550.0
2020-03-10,BBDC4,27.19,899979941.0
2020-03-11,BBDC4,24.99,899544845.0
2020-03-12,BBDC4,21.64,843287388.0
2020-03-13,BBDC4,25.29,1428667229.0
2020-03-16,BBDC4,21.68,1046547106.0
2020-03-17,BBDC4,23.42,1269304691.0
2020-03-18,BBDC4,20.69,1243293849.0
2020-03-19,BBDC4,20.75,1107836598.0
2020-03-20,BBDC4,19.24,1017574898.0
2020-03-23,BBDC4,17.67,953648913.0
2020-03-24,BBDC4,20.33,737002296.0
2020-03-25,BBDC4,21.85,775818647.0
2020-03-26,BBDC4,22.31,850926614.0
2020-03-27,BBDC4,20.86,670752903.0
2020-03-30,BBDC4,21.51,682063658.0
2020-03-31,BBDC4,20.77,821187812.0
2020-04-01,BBDC4,19.86,507114556.0
2020-04-02,BBDC4,19.95,598874534.0
2020-05-04,BBDC4,18.3,811566653.0
2020-05-05,BBDC4,18.3,948951260.0
2020-05-06,BBDC4,17.92,754824252.0
2020-05-07,BBDC4,17.15,1226202648.0
2020-05-08,BBDC4,17.92,714615611.0
2020-05-11,BBDC4,17.65,554272437.0
2020-05-12,BBDC4,17.1,712712585.0
2020-05-13,BBDC4,16.95,908054728.0
2020-05-14,BBDC4,17.88,1163146930.0
2020-05-15,BBDC4,17.11,703749114.0
2020-05-18,BBDC4,18.01,856500935.0
2020-05-19,BBDC4,17.48,617604169.0
2020-05-20,BBDC4,17.66,490908689.0
2020-05-21,BBDC4,18.64,966713390.0
2020-05-22,BBDC4,18.75,802724985.0
2020-05-25,BBDC4,20.08,822441276.0
2020-05-26,BBDC4,19.21,1189280404.0
2020-05-27,BBDC4,19.54,615897020.0
2020-05-28,BBDC4,19.1,708543426.0
2020-05-29,BBDC4,18.95,1320078756.0
2020-06-01,BBDC4,19.8,1188255512.0
2020-06-02,BBDC4,20.67,977770570.0
2020-06-03,BBDC4,21.59,1658720311.0
2020-06-04,BBDC4,21.9,1272193404.0
2020-06-05,BBDC4,22.3,1668317459.0
2020-06-08,BBDC4,23.47,1337506538.0
2020-06-09,BBDC4,22.95,1192346042.0
2020-06-10,BBDC4,21.88,1374836860.0
2020-06-12,BBDC4,21.63,1596670161.0
2020-06-15,BBDC4,21.15,1420695163.0
2020-06-16,BBDC4,22.03,1153718836.0
2020-06-17,BBDC4,22.38,1219684959.0
2020-06-18,BBDC4,22.3,1222813307.0
2020-06-19,BBDC4,22.36,1642590553.0
2020-06-22,BBDC4,21.58,822733688.0
2020-06-23,BBDC4,21.55,800368801.0
2020-06-24,BBDC4,20.85,959490065.0
2020-06-25,BBDC4,21.35,868006068.0
2020-06-26,BBDC4,20.69,946784983.0
2020-06-29,BBDC4,21.41,1037107440.0
2020-06-30,BBDC4,20.7,939585753.0
2020-07-01,BBDC4,21.16,710074215.0
2020-07-02,BBDC4,21.21,809651193.0
2020-07-03,BBDC4,21.35,268500666.0
2020-07-06,BBDC4,22.65,1275918138.0
2020-07-07,BBDC4,21.71,1232578754.0
2020-07-08,BBDC4,22.45,1163893922.0
2020-07-09,BBDC4,21.95,1789526785.0
2020-07-10,BBDC4,22.27,1513854708.0
2020-07-13,BBDC4,21.96,840039316.0
2020-07-14,BBDC4,22.33,852807718.0
2020-07-15,BBDC4,22.7,1078308238.0
2020-07-16,BBDC4,22.3,680985393.0
2020-07-17,BBDC4,22.41,1015120162.0
2020-07-20,BBDC4,22.62,906993151.0
2020-07-21,BBDC4,23.23,1482715026.0
2020-07-22,BBDC4,22.83,951896697.0
2020-07-23,BBDC4,22.5,702928732.0
2020-07-24,BBDC4,22.64,652233879.0
2020-07-27,BBDC4,23.68,1284910967.0
2020-07-28,BBDC4,23.52,1022067815.0
2020-07-29,BBDC4,24.26,1118142508.0
2020-07-30,BBDC4,23.41,1548477248.0
2020-07-31,BBDC4,22.44,1738928810.0
2020-09-02,BBDC4,21.12,586917418.0
2020-09-03,BBDC4,21.95,2346114731.0
2020-09-04,BBDC4,21.97,1048230583.0
2020-09-08,BBDC4,21.62,605045358.0
2020-09-09,BBDC4,21.56,637492377.0
2020-09-10,BBDC4,20.85,985633999.0
2020-09-11,BBDC4,20.46,801980966.0
2020-09-14,BBDC4,20.7,1163970757.0
2020-09-15,BBDC4,20.48,765638122.0
2020-09-16,BBDC4,20.52,733328073.0
2020-09-17,BBDC4,20.57,522084353.0
2020-09-18,BBDC4,20.08,1271496105.0
2020-09-21,BBDC4,19.78,942709693.0
2020-09-22,BBDC4,19.9,499901452.0
2020-09-23,BBDC4,19.43,523063331.0
2020-09-24,BBDC4,19.8,676218903.0
2020-09-25,BBDC4,19.78,339406282.0
2020-09-28,BBDC4,19.72,1385562878.0
2020-09-29,BBDC4,19.25,896599937.0
2020-09-30,BBDC4,19.41,629571592.0
2020-10-01,BBDC4,19.5,469943807.0
2020-10-02,BBDC4,19.64,1030328956.0
2020-10-05,BBDC4,19.92,683080679.0
2020-10-06,BBDC4,19.85,612611149.0
2020-10-07,BBDC4,19.64,583420382.0
2020-10-08,BBDC4,20.65,1337986439.0
2020-10-09,BBDC4,20.74,1491003433.0
2020-10-13,BBDC4,20.86,627720963.0
2020-10-14,BBDC4,20.88,600462971.0
2020-10-15,BBDC4,20.74,708417182.0
2020-10-16,BBDC4,20.33,482210963.0
2020-10-19,BBDC4,20.61,1075179882.0
2020-10-20,BBDC4,21.5,1396481673.0
2020-10-21,BBDC4,21.72,1377336853.0
2020-10-22,BBDC4,22.72,1509824662.0
2020-10-23,BBDC4,22.62,1468467114.0
2020-10-26,BBDC4,22.9,897671472.0
2020-10-27,BBDC4,22.26,1757123832.0
2020-10-28,BBDC4,21.0,1428317119.0
2020-10-29,BBDC4,20.79,2010374813.0
2020-10-30,BBDC4,20.16,1157125961.0
2020-11-03,BBDC4,20.85,1201414740.0
2020-11-04,BBDC4,20.68,1478498690.0
2020-11-05,BBDC4,21.0,1035278537.0
2020-11-06,BBDC4,20.95,823636503.0
2020-11-09,BBDC4,22.94,2706153233.0
2020-11-10,BBDC4,24.42,3259748109.0
2020-11-11,BBDC4,24.32,1848733538.0
2020-11-12,BBDC4,23.36,1298715076.0
2020-11-13,BBDC4,24.19,1328051096.0
2020-11-16,BBDC4,25.25,2372405772.0
2020-11-17,BBDC4,25.4,1588680824.0
2020-11-18,BBDC4,24.62,1265215779.0
2020-11-19,BBDC4,24.64,815212389.0
2020-11-20,BBDC4,24.37,652891254.0
2020-11-23,BBDC4,24.48,770002022.0
2020-11-24,BBDC4,25.58,1890008505.0
2020-11-25,BBDC4,25.25,1070702007.0
2020-11-26,BBDC4,24.84,517499736.0
2020-11-27,BBDC4,24.64,826583450.0
2020-11-30,BBDC4,24.3,1241858360.0
2020-12-01,BBDC4,25.66,1651224731.0
2020-12-02,BBDC4,25.92,1157984784.0
2019-01-04,BBSE3,28.35,100684792.0
2019-01-07,BBSE3,27.93,97128000.0
2019-01-08,BBSE3,27.52,114214197.0
2019-01-09,BBSE3,26.65,183905033.0
2019-01-10,BBSE3,27.4,201641639.0
2019-01-11,BBSE3,27.75,154593052.0
2019-01-14,BBSE3,28.0,79334435.0
2019-01-15,BBSE3,28.13,93706308.0
2019-01-16,BBSE3,28.4,85707647.0
2019-01-17,BBSE3,29.03,157644422.0
2019-01-18,BBSE3,29.64,175140531.0
2019-01-21,BBSE3,29.1,72973815.0
2019-01-22,BBSE3,29.15,130918819.0
2019-01-23,BBSE3,29.65,152657352.0
2019-01-24,BBSE3,29.99,151112881.0
2019-01-28,BBSE3,30.06,147676361.0
2019-01-29,BBSE3,30.05,115295897.0
2019-01-30,BBSE3,30.66,122188451.0
2019-01-31,BBSE3,31.06,229878574.0
2019-02-01,BBSE3,31.4,166685507.0
2019-02-04,BBSE3,31.62,140397521.0
2019-02-05,BBSE3,31.5,124263703.0
2019-02-06,BBSE3,30.12,135476985.0
2019-02-07,BBSE3,30.22,116529419.0
2019-02-08,BBSE3,30.24,167159692.0
2019-02-11,BBSE3,29.55,134112096.0
2019-02-12,BBSE3,28.92,377398064.0
2019-02-13,BBSE3,28.39,216251279.0
2019-02-14,BBSE3,28.66,215024273.0
2019-02-15,BBSE3,27.68,132585037.0
2019-02-18,BBSE3,27.65,76419825.0
2019-02-19,BBSE3,28.0,124369216.0
2019-02-20,BBSE3,27.39,296863586.0
2019-02-21,BBSE3,27.14,220858868.0
2019-02-22,BBSE3,27.4,164190020.0
2019-02-25,BBSE3,27.62,262530722.0
2019-02-26,BBSE3,27.47,150927284.0
2019-02-27,BBSE3,27.78,122004134.0
2019-02-28,BBSE3,27.3,192525680.0
2019-03-01,BBSE3,26.86,142452600.0
2019-03-06,BBSE3,26.61,95886178.0
2019-03-07,BBSE3,26.49,86797767.0
2019-03-08,BBSE3,26.6,68199189.0
2019-03-11,BBSE3,27.72,162752524.0
2019-03-12,BBSE3,27.8,149227137.0
2019-03-13,BBSE3,28.1,102043410.0
2019-03-14,BBSE3,27.52,91982298.0
2019-03-15,BBSE3,28.1,168279469.0
2019-03-18,BBSE3,27.87,122274287.0
2019-03-19,BBSE3,27.79,113099768.0
2019-03-20,BBSE3,27.35,103752857.0
2019-03-21,BBSE3,26.9,97923530.0
2019-03-22,BBSE3,26.22,118564904.0
2019-03-25,BBSE3,26.46,80152136.0
2019-03-26,BBSE3,26.24,91030561.0
2019-03-27,BBSE3,25.96,122451374.0
2019-03-28,BBSE3,26.3,105499633.0
2019-03-29,BBSE3,26.52,153134753.0
2019-04-01,BBSE3,26.38,54791992.0
2019-04-02,BBSE3,27.25,145238988.0
2019-05-03,BBSE3,28.03,65272392.0
2019-05-06,BBSE3,28.52,73461946.0
2019-05-07,BBSE3,27.58,191639774.0
2019-05-08,BBSE3,27.43,162992082.0
2019-05-09,BBSE3,27.62,130391444.0
2019-05-10,BBSE3,28.1,137684782.0
2019-05-13,BBSE3,28.0,174550392.0
2019-05-14,BBSE3,28.6,149863512.0
2019-05-15,BBSE3,28.25,156460435.0
2019-05-16,BBSE3,28.38,167827207.0
2019-05-17,BBSE3,27.82,126402976.0
2019-05-20,BBSE3,28.35,137824980.0
2019-05-21,BBSE3,28.34,126131857.0
2019-05-22,BBSE3,28.3,121913724.0
2019-05-23,BBSE3,28.71,162790583.0
2019-05-24,BBSE3,28.6,97689642.0
2019-05-27,BBSE3,29.29,76530486.0
2019-05-28,BBSE3,29.73,205374787.0
2019-05-29,BBSE3,29.39,132521778.0
2019-05-30,BBSE3,29.59,82561875.0
2019-05-31,BBSE3,29.84,128293212.0
2019-06-03,BBSE3,30.3,156076723.0
2019-06-04,BBSE3,30.56,133351815.0
2019-06-05,BBSE3,30.79,138697747.0
2019-06-06,BBSE3,31.25,146638126.0
2019-06-07,BBSE3,30.99,80186733.0
2019-06-10,BBSE3,30.78,95729560.0
2019-06-11,BBSE3,31.15,115736141.0
2019-06-12,BBSE3,31.08,123121775.0
2019-06-13,BBSE3,30.98,182289047.0
2019-06-14,BBSE3,30.88,151477997.0
2019-06-17,BBSE3,30.9,78097394.0
2019-06-18,BBSE3,32.05,146897614.0
2019-06-19,BBSE3,31.73,126340250.0
2019-06-21,BBSE3,32.2,164964223.0
2019-06-24,BBSE3,32.11,184139493.0
2019-06-25,BBSE3,31.75,141886043.0
2019-06-26,BBSE3,32.47,113807649.0
2019-06-27,BBSE3,32.43,105840913.0
2019-06-28,BBSE3,32.38,82239259.0
2019-07-01,BBSE3,32.8,93105034.0
2019-07-02,BBSE3,32.6,160610564.0
2019-07-03,BBSE3,32.77,119986514.0
2019-07-04,BBSE3,33.09,90692529.0
2019-07-05,BBSE3,33.85,79159166.0
2019-07-08,BBSE3,33.51,85372720.0
2019-07-10,BBSE3,33.74,170939292.0
2019-07-11,BBSE3,33.17,175331483.0
2019-07-12,BBSE3,33.42,186688244.0
2019-07-15,BBSE3,33.37,101074497.0
2019-07-16,BBSE3,33.39,78724413.0
2019-07-17,BBSE3,33.81,195655679.0
2019-07-18,BBSE3,33.6,159652592.0
2019-07-19,BBSE3,32.7,178530629.0
2019-07-22,BBSE3,33.12,127356291.0
2019-07-23,BBSE3,32.87,104387855.0
2019-07-24,BBSE3,32.53,114677625.0
2019-07-25,BBSE3,32.49,141516598.0
2019-07-26,BBSE3,32.6,211652864.0
2019-07-29,BBSE3,32.61,88096066.0
2019-07-30,BBSE3,32.52,95478890.0
2019-07-31,BBSE3,32.45,97556917.0
2019-08-01,BBSE3,32.18,122913173.0
2019-08-02,BBSE3,32.4,90597476.0
2019-09-02,BBSE3,32.65,38967071.0
2019-09-03,BBSE3,32.22,64442600.0
2019-09-04,BBSE3,32.62,61565851.0
2019-09-05,BBSE3,32.82,77764541.0
2019-09-06,BBSE3,32.73,52698879.0
2019-09-09,BBSE3,32.43,128955049.0
2019-09-10,BBSE3,32.72,94645430.0
2019-09-11,BBSE3,33.49,72144095.0
2019-09-12,BBSE3,33.89,71853867.0
2019-09-13,BBSE3,33.64,58830194.0
2019-09-16,BBSE3,33.43,56222123.0
2019-09-17,BBSE3,33.72,54121339.0
2019-09-18,BBSE3,33.95,107488009.0
2019-09-19,BBSE3,34.37,126775229.0
2019-09-20,BBSE3,34.65,224657674.0
2019-09-23,BBSE3,34.53,58352662.0
2019-09-24,BBSE3,34.48,54093224.0
2019-09-25,BBSE3,34.78,60781836.0
2019-09-26,BBSE3,35.5,129413215.0
2019-09-27,BBSE3,35.66,61732254.0
2019-09-30,BBSE3,35.03,132781568.0
2019-10-01,BBSE3,34.41,94322305.0
2019-10-02,BBSE3,33.6,118186028.0
2019-10-03,BBSE3,33.43,66644890.0
2019-10-04,BBSE3,33.48,75832194.0
2019-10-07,BBSE3,32.5,99660051.0
2019-10-08,BBSE3,32.24,108037646.0
2019-10-09,BBSE3,32.8,114192920.0
2019-10-10,BBSE3,33.05,101823516.0
2019-10-11,BBSE3,34.26,142016982.0
2019-10-14,BBSE3,34.26,103603947.0
2019-10-15,BBSE3,34.41,118911376.0
2019-10-16,BBSE3,34.89,113388807.0
2019-10-17,BBSE3,35.07,79894551.0
2019-10-18,BBSE3,34.46,87366627.0
2019-10-21,BBSE3,34.8,59299369.0
2019-10-22,BBSE3,35.35,110110006.0
2019-10-23,BBSE3,35.54,99541959.0
2019-10-24,BBSE3,35.65,135140745.0
2019-10-25,BBSE3,35.19,51391685.0
2019-10-28,BBSE3,34.78,94084835.0
2019-10-29,BBSE3,34.18,100088981.0
2019-10-30,BBSE3,34.0,97732028.0
2019-10-31,BBSE3,33.97,82937384.0
2019-11-01,BBSE3,34.32,68056871.0
2019-11-04,BBSE3,33.62,144829387.0
2019-11-05,BBSE3,34.45,213186045.0
2019-11-06,BBSE3,35.37,131007827.0
2019-11-07,BBSE3,35.46,66926741.0
2019-11-08,BBSE3,34.69,104894217.0
2019-11-11,BBSE3,34.58,74822893.0
2019-11-12,BBSE3,34.16,99828288.0
2019-11-13,BBSE3,34.21,115597477.0
2019-11-14,BBSE3,34.4,111332859.0
2019-11-18,BBSE3,33.9,106167733.0
2019-11-19,BBSE3,34.03,52474918.0
2019-11-21,BBSE3,35.15,168016926.0
2019-11-22,BBSE3,35.2,85351827.0
2019-11-25,BBSE3,34.61,84257235.0
2019-11-26,BBSE3,33.89,145749802.0
2019-11-27,BBSE3,33.95,100741695.0
2019-11-28,BBSE3,34.47,36927501.0
2019-11-29,BBSE3,34.45,47230217.0
2019-12-02,BBSE3,34.52,87356869.0
2020-01-02,BBSE3,38.1,149696153.0
2020-01-03,BBSE3,37.68,159948185.0
2020-01-06,BBSE3,38.3,138237326.0
2020-01-07,BBSE3,38.32,103797746.0
2020-01-08,BBSE3,38.3,121312736.0
2020-01-09,BBSE3,38.19,100985180.0
2020-01-10,BBSE3,36.4,117503928.0
2020-01-13,BBSE3,36.13,167710402.0
2020-01-14,BBSE3,36.56,134002575.0
2020-01-15,BBSE3,36.6,132187628.0
2020-01-16,BBSE3,36.07,70656609.0
2020-01-17,BBSE3,36.14,83312109.0
2020-01-20,BBSE3,36.16,53865484.0
2020-01-21,BBSE3,36.0,97853555.0
2020-01-22,BBSE3,36.19,62887634.0
2020-01-23,BBSE3,36.24,100456596.0
2020-01-24,BBSE3,35.9,70890486.0
2020-01-27,BBSE3,35.0,135160191.0
2020-01-28,BBSE3,35.01,101205798.0
2020-01-29,BBSE3,35.62,158035462.0
2020-01-30,BBSE3,35.61,114715567.0
2020-01-31,BBSE3,34.78,135388452.0
2020-02-03,BBSE3,34.93,185527955.0
2020-02-04,BBSE3,34.45,106500509.0
2020-02-05,BBSE3,34.63,153235788.0
2020-02-06,BBSE3,34.8,95415963.0
2020-02-07,BBSE3,35.36,192529044.0
2020-02-10,BBSE3,35.82,229145342.0
2020-02-11,BBSE3,36.87,190754294.0
2020-02-12,BBSE3,37.15,444390518.0
2020-02-13,BBSE3,37.24,238940203.0
2020-02-14,BBSE3,34.48,142757695.0
2020-02-17,BBSE3,33.73,154893414.0
2020-02-18,BBSE3,33.33,114705615.0
2020-02-19,BBSE3,33.98,102350510.0
2020-02-20,BBSE3,33.44,155821453.0
2020-02-21,BBSE3,33.0,130706287.0
2020-02-26,BBSE3,31.73,244384515.0
2020-02-27,BBSE3,31.47,233093280.0
2020-02-28,BBSE3,31.85,229994701.0
2020-03-02,BBSE3,31.6,161594963.0
2020-03-03,BBSE3,30.63,213727329.0
2020-03-04,BBSE3,31.04,147085528.0
2020-03-05,BBSE3,30.44,217615825.0
2020-03-06,BBSE3,30.48,250475589.0
2020-03-09,BBSE3,28.39,230976521.0
2020-03-10,BBSE3,29.0,282539894.0
2020-03-11,BBSE3,27.78,174848936.0
2020-03-12,BBSE3,25.21,172634291.0
2020-03-13,BBSE3,26.61,285620861.0
2020-03-16,BBSE3,24.08,241313985.0
2020-03-17,BBSE3,26.67,327512517.0
2020-03-18,BBSE3,26.85,345944121.0
2020-03-19,BBSE3,24.47,349658155.0
2020-03-20,BBSE3,24.49,249910315.0
2020-03-23,BBSE3,22.4,198528350.0
2020-03-24,BBSE3,24.71,171865766.0
2020-03-25,BBSE3,26.54,145589243.0
2020-03-26,BBSE3,26.55,145306778.0
2020-03-27,BBSE3,24.5,153909931.0
2020-03-30,BBSE3,24.79,139446919.0
2020-03-31,BBSE3,24.85,138458685.0
2020-04-01,BBSE3,24.06,146722216.0
2020-04-02,BBSE3,23.48,118939109.0
2020-05-04,BBSE3,25.3,126678367.0
2020-05-05,BBSE3,24.9,102821820.0
2020-05-06,BBSE3,24.52,385359823.0
2020-05-07,BBSE3,23.49,401430961.0
2020-05-08,BBSE3,23.27,103473488.0
2020-05-11,BBSE3,23.55,162409481.0
2020-05-12,BBSE3,22.85,85439793.0
2020-05-13,BBSE3,23.11,114460935.0
2020-05-14,BBSE3,23.71,145033231.0
2020-05-15,BBSE3,22.59,146752722.0
2020-05-18,BBSE3,23.5,88686983.0
2020-05-19,BBSE3,23.48,106873923.0
2020-05-20,BBSE3,23.53,104545628.0
2020-05-21,BBSE3,24.15,91656676.0
2020-05-22,BBSE3,23.51,102492652.0
2020-05-25,BBSE3,24.65,75477981.0
2020-05-26,BBSE3,25.18,101018541.0
2020-05-27,BBSE3,25.3,82878250.0
2020-05-28,BBSE3,25.61,101464637.0
2020-05-29,BBSE3,25.28,237487910.0
2020-06-01,BBSE3,25.65,56347206.0
2020-06-02,BBSE3,26.51,103728138.0
2020-06-03,BBSE3,27.89,183774467.0
2020-06-04,BBSE3,28.05,109722775.0
2020-06-05,BBSE3,28.49,146431980.0
2020-06-08,BBSE3,28.4,99622498.0
2020-06-09,BBSE3,27.62,120436995.0
2020-06-10,BBSE3,26.85,159184543.0
2020-06-12,BBSE3,26.42,150827181.0
2020-06-15,BBSE3,26.35,131004335.0
2020-06-16,BBSE3,26.15,144259702.0
2020-06-17,BBSE3,27.09,205940371.0
2020-06-18,BBSE3,27.82,127468923.0
2020-06-19,BBSE3,28.79,297960945.0
2020-06-22,BBSE3,28.83,192808438.0
2020-06-23,BBSE3,28.75,148613026.0
2020-06-24,BBSE3,28.37,123786882.0
2020-06-25,BBSE3,29.0,107124475.0
2020-06-26,BBSE3,27.85,75603025.0
2020-06-29,BBSE3,28.25,108343188.0
2020-06-30,BBSE3,27.27,133265185.0
2020-07-01,BBSE3,27.7,115776445.0
2020-07-02,BBSE3,27.53,84519902.0
2020-07-03,BBSE3,27.76,43601738.0
2020-07-06,BBSE3,28.03,144854124.0
2020-07-07,BBSE3,27.8,181939968.0
2020-07-08,BBSE3,28.34,112684963.0
2020-07-09,BBSE3,28.05,90819586.0
2020-07-10,BBSE3,27.72,141051101.0
2020-07-13,BBSE3,27.38,92950070.0
2020-07-14,BBSE3,27.31,81400891.0
2020-07-15,BBSE3,27.56,106112732.0
2020-07-16,BBSE3,27.4,57402354.0
2020-07-17,BBSE3,27.55,341469994.0
2020-07-20,BBSE3,28.31,151631988.0
2020-07-21,BBSE3,28.21,128401065.0
2020-07-22,BBSE3,28.33,92379509.0
2020-07-23,BBSE3,27.87,83773154.0
2020-07-24,BBSE3,28.0,77256115.0
2020-07-27,BBSE3,28.49,101888235.0
2020-07-28,BBSE3,28.07,83040344.0
2020-07-29,BBSE3,28.24,71605897.0
2020-07-30,BBSE3,28.07,64472924.0
2020-07-31,BBSE3,27.83,119596499.0
2020-09-02,BBSE3,27.23,82184292.0
2020-09-03,BBSE3,26.97,131496701.0
2020-09-04,BBSE3,27.0,91769912.0
2020-09-08,BBSE3,26.58,90370546.0
2020-09-09,BBSE3,26.6,59206076.0
2020-09-10,BBSE3,26.28,72464945.0
2020-09-11,BBSE3,25.47,176030824.0
2020-09-14,BBSE3,25.86,92111456.0
2020-09-15,BBSE3,26.1,125822391.0
2020-09-16,BBSE3,26.22,57330678.0
2020-09-17,BBSE3,26.1,95092919.0
2020-09-18,BBSE3,25.6,154495745.0
2020-09-21,BBSE3,25.14,103799485.0
2020-09-22,BBSE3,25.27,90351249.0
2020-09-23,BBSE3,24.71,143924138.0
2020-09-24,BBSE3,25.27,119326873.0
2020-09-25,BBSE3,25.03,86764985.0
2020-09-28,BBSE3,24.25,110257857.0
2020-09-29,BBSE3,24.45,224098442.0
2020-09-30,BBSE3,24.27,86472538.0
2020-10-01,BBSE3,24.61,139710738.0
2020-10-02,BBSE3,24.4,114176296.0
2020-10-05,BBSE3,24.46,102938717.0
2020-10-06,BBSE3,24.31,96969408.0
2020-10-07,BBSE3,24.0,112570879.0
2020-10-08,BBSE3,24.5,116888753.0
2020-10-09,BBSE3,24.2,75480069.0
2020-10-13,BBSE3,24.54,97913795.0
2020-10-14,BBSE3,24.73,88699098.0
2020-10-15,BBSE3,24.79,95065088.0
2020-10-16,BBSE3,24.58,102425182.0
2020-10-19,BBSE3,25.11,107086893.0
2020-10-20,BBSE3,25.13,93874109.0
2020-10-21,BBSE3,25.63,135869264.0
2020-10-22,BBSE3,25.62,94170910.0
2020-10-23,BBSE3,25.57,52318656.0
2020-10-26,BBSE3,25.71,62959697.0
2020-10-27,BBSE3,25.28,81624930.0
2020-10-28,BBSE3,24.32,150502629.0
2020-10-29,BBSE3,24.28,115863520.0
2020-10-30,BBSE3,23.68,144289198.0
2020-11-03,BBSE3,24.68,246480080.0
2020-11-04,BBSE3,25.5,138677217.0
2020-11-05,BBSE3,26.02,75612354.0
2020-11-06,BBSE3,26.15,73761246.0
2020-11-09,BBSE3,26.62,123218866.0
2020-11-10,BBSE3,27.25,144523370.0
2020-11-11,BBSE3,26.97,79776986.0
2020-11-12,BBSE3,26.5,156448454.0
2020-11-13,BBSE3,27.14,115317979.0
2020-11-16,BBSE3,28.0,152804982.0
2020-11-17,BBSE3,28.75,202980506.0
2020-11-18,BBSE3,28.29,364800937.0
2020-11-19,BBSE3,28.07,125237718.0
2020-11-20,BBSE3,28.4,136634971.0
2020-11-23,BBSE3,29.12,244937535.0
2020-11-24,BBSE3,29.38,262728061.0
2020-11-25,BBSE3,29.34,167432830.0
2020-11-26,BBSE3,29.42,62150879.0
2020-11-27,BBSE3,29.62,99474824.0
2020-11-30,BBSE3,28.56,389977146.0
2020-12-01,BBSE3,28.38,146362022.0
2020-12-02,BBSE3,28.54,100922495.0
2020-05-04,BEEF3,12.65,157923983.0
2020-05-05,BEEF3,12.5,114640244.0
2020-05-06,BEEF3,12.88,115484135.0
2020-05-07,BEEF3,13.82,235919050.0
2020-05-08,BEEF3,13.8,137306747.0
2020-05-11,BEEF3,13.45,145459872.0
2020-05-12,BEEF3,14.4,161859451.0
2020-05-13,BEEF3,14.37,173762354.0
2020-05-14,BEEF3,14.33,173227118.0
2020-05-15,BEEF3,14.39,120355349.0
2020-05-18,BEEF3,12.96,187015122.0
2020-05-19,BEEF3,13.6,169212096.0
2020-05-20,BEEF3,13.16,107426344.0
2020-05-21,BEEF3,12.68,116689346.0
2020-05-22,BEEF3,12.86,72325314.0
2020-05-25,BEEF3,12.63,87770829.0
2020-05-26,BEEF3,12.83,112580009.0
2020-05-27,BEEF3,13.21,73707247.0
2020-05-28,BEEF3,13.05,97870620.0
2020-05-29,BEEF3,13.39,112080592.0
2020-06-01,BEEF3,13.08,128224123.0
2020-06-02,BEEF3,12.88,82685507.0
2020-06-03,BEEF3,12.45,219301202.0
2020-06-04,BEEF3,13.36,210854996.0
2020-06-05,BEEF3,13.01,129714521.0
2020-06-08,BEEF3,13.05,80515133.0
2020-06-09,BEEF3,12.59,167860445.0
2020-06-10,BEEF3,12.77,103127641.0
2020-06-12,BEEF3,13.07,152672338.0
2020-06-15,BEEF3,13.1,116834428.0
2020-06-16,BEEF3,13.93,196245111.0
2020-06-17,BEEF3,13.42,181870450.0
2020-06-18,BEEF3,13.46,120772946.0
2020-06-19,BEEF3,13.64,174259192.0
2020-06-22,BEEF3,12.98,122642831.0
2020-06-23,BEEF3,12.94,67914534.0
2020-06-24,BEEF3,13.15,96265488.0
2020-06-25,BEEF3,12.95,54421796.0
2020-06-26,BEEF3,12.79,65924867.0
2020-06-29,BEEF3,12.96,50345502.0
2020-06-30,BEEF3,13.15,81105326.0
2020-07-01,BEEF3,12.84,79943843.0
2020-07-02,BEEF3,12.81,39791728.0
2020-07-03,BEEF3,13.2,82927614.0
2020-07-06,BEEF3,13.32,66366018.0
2020-07-07,BEEF3,13.7,120737746.0
2020-07-08,BEEF3,13.59,63054247.0
2020-07-09,BEEF3,13.26,47074853.0
2020-07-10,BEEF3,13.44,46941782.0
2020-07-13,BEEF3,13.06,59679732.0
2020-07-14,BEEF3,13.54,77908534.0
2020-07-15,BEEF3,14.22,148067236.0
2020-07-16,BEEF3,13.65,98937373.0
2020-07-17,BEEF3,14.22,98031721.0
2020-07-20,BEEF3,14.34,129607976.0
2020-07-21,BEEF3,14.37,88863415.0
2020-07-22,BEEF3,14.27,73775239.0
2020-07-23,BEEF3,14.0,117220493.0
2020-07-24,BEEF3,14.0,96749566.0
2020-07-27,BEEF3,14.08,141395749.0
2020-07-28,BEEF3,14.74,170115345.0
2020-07-29,BEEF3,14.09,336464304.0
2020-07-30,BEEF3,13.97,96508564.0
2020-07-31,BEEF3,13.58,119309458.0
2020-09-02,BEEF3,12.93,52338838.0
2020-09-03,BEEF3,12.69,62734434.0
2020-09-04,BEEF3,12.73,91144152.0
2020-09-08,BEEF3,12.56,49820263.0
2020-09-09,BEEF3,12.67,39046133.0
2020-09-10,BEEF3,12.93,116319387.0
2020-09-11,BEEF3,12.93,84256537.0
2020-09-14,BEEF3,13.27,108050947.0
2020-09-15,BEEF3,13.84,446120722.0
2020-09-16,BEEF3,13.34,207609487.0
2020-09-17,BEEF3,13.16,140976100.0
2020-09-18,BEEF3,13.14,95505698.0
2020-09-21,BEEF3,12.89,54091964.0
2020-09-22,BEEF3,12.66,48715002.0
2020-09-23,BEEF3,12.33,83044987.0
2020-09-24,BEEF3,12.14,80932883.0
2020-09-25,BEEF3,11.95,52893289.0
2020-09-28,BEEF3,11.35,88603793.0
2020-09-29,BEEF3,11.22,69514228.0
2020-09-30,BEEF3,11.74,175659450.0
2020-10-01,BEEF3,11.55,154351673.0
2020-10-02,BEEF3,11.25,58568299.0
2020-10-05,BEEF3,11.35,62141022.0
2020-10-06,BEEF3,10.95,68917320.0
2020-10-07,BEEF3,11.03,75736817.0
2020-10-08,BEEF3,11.27,70236603.0
2020-10-09,BEEF3,11.01,106347652.0
2020-10-13,BEEF3,11.16,84592616.0
2020-10-14,BEEF3,11.45,64753502.0
2020-10-15,BEEF3,11.4,69021633.0
2020-10-16,BEEF3,11.4,69961172.0
2020-10-19,BEEF3,11.28,103915903.0
2020-10-20,BEEF3,11.52,77585616.0
2020-10-21,BEEF3,11.26,55677624.0
2020-10-22,BEEF3,11.23,80222135.0
2020-10-23,BEEF3,11.0,68849184.0
2020-10-26,BEEF3,11.1,41132472.0
2020-10-27,BEEF3,10.74,68393677.0
2020-10-28,BEEF3,10.32,83214047.0
2020-10-29,BEEF3,10.3,53768361.0
2020-10-30,BEEF3,9.97,75476127.0
2020-11-03,BEEF3,9.83,100164688.0
2020-11-04,BEEF3,9.93,128059648.0
2020-11-05,BEEF3,10.29,114384714.0
2020-11-06,BEEF3,10.4,90116133.0
2020-11-09,BEEF3,10.05,180386000.0
2020-11-10,BEEF3,10.22,143027967.0
2020-11-11,BEEF3,10.04,83604249.0
2020-11-12,BEEF3,10.03,144897102.0
2020-11-13,BEEF3,9.94,77181189.0
2020-11-16,BEEF3,9.86,93073372.0
2020-11-17,BEEF3,9.8,73043653.0
2020-11-18,BEEF3,10.15,105657410.0
2020-11-19,BEEF3,9.94,103356897.0
2020-11-20,BEEF3,9.94,61118889.0
2020-11-23,BEEF3,10.04,106524635.0
2020-11-24,BEEF3,10.27,97641236.0
2020-11-25,BEEF3,10.19,71625719.0
2020-11-26,BEEF3,10.14,57530115.0
2020-11-27,BEEF3,10.13,58653755.0
2020-11-30,BEEF3,10.03,81153084.0
2020-12-01,BEEF3,9.83,162019088.0
2020-12-02,BEEF3,9.73,96238252.0
2019-09-02,BPAC11,58.8,133510424.0
2019-09-03,BPAC11,55.99,166869220.0
2019-09-04,BPAC11,55.6,186605121.0
2019-09-05,BPAC11,54.5,142398297.0
2019-09-06,BPAC11,52.8,183988449.0
2019-09-09,BPAC11,50.56,231535349.0
2019-09-10,BPAC11,51.42,188965295.0
2019-09-11,BPAC11,53.56,120550657.0
2019-09-12,BPAC11,55.16,175747114.0
2019-09-13,BPAC11,55.11,136217255.0
2019-09-16,BPAC11,54.45,103602902.0
2019-09-17,BPAC11,55.45,87477635.0
2019-09-18,BPAC11,56.83,87444392.0
2019-09-19,BPAC11,57.96,204739787.0
2019-09-20,BPAC11,57.45,119869999.0
2019-09-23,BPAC11,57.0,74601426.0
2019-09-24,BPAC11,56.9,42638060.0
2019-09-25,BPAC11,57.31,94121414.0
2019-09-26,BPAC11,58.62,133066697.0
2019-09-27,BPAC11,58.25,90042604.0
2019-09-30,BPAC11,58.55,265533945.0
2019-10-01,BPAC11,57.8,56321880.0
2019-10-02,BPAC11,56.28,71674502.0
2019-10-03,BPAC11,54.15,318290995.0
2019-10-04,BPAC11,51.75,286261525.0
2019-10-07,BPAC11,50.62,158600528.0
2019-10-08,BPAC11,51.62,109441750.0
2019-10-09,BPAC11,52.32,82996445.0
2019-10-10,BPAC11,53.7,118035165.0
2019-10-11,BPAC11,54.81,86703163.0
2019-10-14,BPAC11,55.73,57785266.0
2019-10-15,BPAC11,56.92,81634295.0
2019-10-16,BPAC11,58.19,58150495.0
2019-10-17,BPAC11,58.35,50948720.0
2019-10-18,BPAC11,58.2,51656174.0
2019-10-21,BPAC11,58.74,66254141.0
2019-10-22,BPAC11,59.3,97586467.0
2019-10-23,BPAC11,61.79,170463256.0
2019-10-24,BPAC11,64.4,359321013.0
2019-10-25,BPAC11,64.4,111138138.0
2019-10-28,BPAC11,64.2,77789705.0
2019-10-29,BPAC11,63.5,83470805.0
2019-10-30,BPAC11,64.33,91760252.0
2019-10-31,BPAC11,64.96,108457414.0
2019-11-01,BPAC11,66.36,139479020.0
2019-11-04,BPAC11,66.0,135016997.0
2019-11-05,BPAC11,67.0,302170523.0
2019-11-06,BPAC11,66.24,110694668.0
2019-11-07,BPAC11,67.0,63398571.0
2019-11-08,BPAC11,67.3,131368404.0
2019-11-11,BPAC11,67.0,126500678.0
2019-11-12,BPAC11,66.8,104514798.0
2019-11-13,BPAC11,65.67,240980731.0
2019-11-14,BPAC11,67.1,83747357.0
2019-11-18,BPAC11,66.6,112128115.0
2019-11-19,BPAC11,68.79,159558942.0
2019-11-21,BPAC11,71.52,236667601.0
2019-11-22,BPAC11,71.25,88636942.0
2019-11-25,BPAC11,69.81,158932876.0
2019-11-26,BPAC11,68.31,291181859.0
2019-11-27,BPAC11,68.15,105145528.0
2019-11-28,BPAC11,68.5,61238814.0
2019-11-29,BPAC11,70.25,113516581.0
2019-12-02,BPAC11,68.63,123691368.0
2020-01-02,BPAC11,76.3,157355384.0
2020-01-03,BPAC11,76.35,152354958.0
2020-01-06,BPAC11,75.45,169080552.0
2020-01-07,BPAC11,75.7,138372666.0
2020-01-08,BPAC11,75.2,90669691.0
2020-01-09,BPAC11,75.9,94214809.0
2020-01-10,BPAC11,75.89,203223880.0
2020-01-13,BPAC11,76.33,116871144.0
2020-01-14,BPAC11,75.01,96523470.0
2020-01-15,BPAC11,74.49,97658318.0
2020-01-16,BPAC11,74.94,71553834.0
2020-01-17,BPAC11,76.91,79887490.0
2020-01-20,BPAC11,76.81,84204927.0
2020-01-21,BPAC11,77.35,128892988.0
2020-01-22,BPAC11,78.28,172278481.0
2020-01-23,BPAC11,78.35,143892869.0
2020-01-24,BPAC11,78.35,159377639.0
2020-01-27,BPAC11,73.68,128417535.0
2020-01-28,BPAC11,75.2,79396579.0
2020-01-29,BPAC11,74.91,74645207.0
2020-01-30,BPAC11,75.4,145759124.0
2020-01-31,BPAC11,75.0,218237788.0
2020-02-03,BPAC11,75.49,84622383.0
2020-02-04,BPAC11,75.64,134826008.0
2020-02-05,BPAC11,78.9,204061700.0
2020-02-06,BPAC11,78.2,152261477.0
2020-02-07,BPAC11,77.43,112114564.0
2020-02-10,BPAC11,73.82,133157053.0
2020-02-11,BPAC11,76.37,215395942.0
2020-02-12,BPAC11,79.4,175847644.0
2020-02-13,BPAC11,81.45,246948855.0
2020-02-14,BPAC11,78.0,293936011.0
2020-02-17,BPAC11,77.3,125827472.0
2020-02-18,BPAC11,74.95,198821207.0
2020-02-19,BPAC11,74.95,369986075.0
2020-02-20,BPAC11,72.9,241864503.0
2020-02-21,BPAC11,72.49,128252505.0
2020-02-26,BPAC11,67.36,229228477.0
2020-02-27,BPAC11,65.71,268183935.0
2020-02-28,BPAC11,67.56,253848449.0
2020-03-02,BPAC11,68.3,321684308.0
2020-03-03,BPAC11,64.2,238826741.0
2020-03-04,BPAC11,65.83,154489839.0
2020-03-05,BPAC11,60.0,149232605.0
2020-03-06,BPAC11,57.62,380886797.0
2020-03-09,BPAC11,47.21,480573562.0
2020-03-10,BPAC11,51.26,282116368.0
2020-03-11,BPAC11,44.41,175924803.0
2020-03-12,BPAC11,32.48,303757793.0
2020-03-13,BPAC11,41.54,535177705.0
2020-03-16,BPAC11,35.12,181195672.0
2020-03-17,BPAC11,35.0,260931655.0
2020-03-18,BPAC11,32.0,221535918.0
2020-03-19,BPAC11,32.25,216347206.0
2020-03-20,BPAC11,30.0,202525594.0
2020-03-23,BPAC11,26.11,207938700.0
2020-03-24,BPAC11,32.59,171783922.0
2020-03-25,BPAC11,34.21,221712328.0
2020-03-26,BPAC11,37.23,290775889.0
2020-03-27,BPAC11,36.4,154005600.0
2020-03-30,BPAC11,36.08,115698985.0
2020-03-31,BPAC11,33.24,124098303.0
2020-04-01,BPAC11,30.0,264796354.0
2020-04-02,BPAC11,31.91,129388952.0
2020-05-04,BPAC11,41.21,101033987.0
2020-05-05,BPAC11,41.39,56681532.0
2020-05-06,BPAC11,39.5,102991216.0
2020-05-07,BPAC11,37.0,207104081.0
2020-05-08,BPAC11,37.42,168454733.0
2020-05-11,BPAC11,37.08,94159730.0
2020-05-12,BPAC11,36.49,148769897.0
2020-05-13,BPAC11,37.75,95499734.0
2020-05-14,BPAC11,38.12,126125061.0
2020-05-15,BPAC11,37.39,114862488.0
2020-05-18,BPAC11,40.83,135799837.0
2020-05-19,BPAC11,41.5,212167029.0
2020-05-20,BPAC11,42.97,169214454.0
2020-05-21,BPAC11,47.0,291914988.0
2020-05-22,BPAC11,46.07,165893620.0
2020-05-25,BPAC11,50.22,158282749.0
2020-05-26,BPAC11,49.21,198054035.0
2020-05-27,BPAC11,50.89,199778592.0
2020-05-28,BPAC11,49.59,146696430.0
2020-05-29,BPAC11,48.84,226614388.0
2020-06-01,BPAC11,50.14,137127694.0
2020-06-02,BPAC11,55.36,286270581.0
2020-06-03,BPAC11,59.5,531286412.0
2020-06-04,BPAC11,60.25,252748274.0
2020-06-05,BPAC11,60.24,423181583.0
2020-06-08,BPAC11,66.02,396937325.0
2020-06-09,BPAC11,65.58,279272602.0
2020-06-10,BPAC11,63.09,364018072.0
2020-06-12,BPAC11,63.01,236447309.0
2020-06-15,BPAC11,60.81,241053092.0
2020-06-16,BPAC11,62.9,178401516.0
2020-06-17,BPAC11,64.06,230072889.0
2020-06-18,BPAC11,69.9,350009430.0
2020-06-19,BPAC11,72.0,592551654.0
2020-06-22,BPAC11,75.99,599188176.0
2020-06-23,BPAC11,78.46,611930932.0
2020-06-24,BPAC11,76.7,333917903.0
2020-06-25,BPAC11,76.9,244170248.0
2020-06-26,BPAC11,72.67,358393373.0
2020-06-29,BPAC11,76.0,351367388.0
2020-06-30,BPAC11,76.5,448572590.0
2020-07-01,BPAC11,76.5,315600116.0
2020-07-02,BPAC11,79.0,333068469.0
2020-07-03,BPAC11,79.51,164666973.0
2020-07-06,BPAC11,80.0,313303448.0
2020-07-07,BPAC11,81.62,245071246.0
2020-07-08,BPAC11,85.0,262405923.0
2020-07-09,BPAC11,83.2,284582971.0
2020-07-10,BPAC11,85.4,272493896.0
2020-07-13,BPAC11,84.52,261273849.0
2020-07-14,BPAC11,83.67,335053656.0
2020-07-15,BPAC11,83.98,187543494.0
2020-07-16,BPAC11,86.03,476864819.0
2020-07-17,BPAC11,89.03,356462700.0
2020-07-20,BPAC11,92.5,380820472.0
2020-07-21,BPAC11,89.3,398166245.0
2020-07-22,BPAC11,89.2,276243945.0
2020-07-23,BPAC11,87.4,477142142.0
2020-07-24,BPAC11,86.92,458430042.0
2020-07-27,BPAC11,87.71,322361209.0
2020-07-28,BPAC11,84.87,336086973.0
2020-07-29,BPAC11,87.9,470451286.0
2020-07-30,BPAC11,86.86,286202761.0
2020-07-31,BPAC11,86.42,408955768.0
2020-09-02,BPAC11,83.1,214745217.0
2020-09-03,BPAC11,81.47,510948091.0
2020-09-04,BPAC11,79.5,511341018.0
2020-09-08,BPAC11,78.03,277237377.0
2020-09-09,BPAC11,81.51,292272791.0
2020-09-10,BPAC11,79.13,185885775.0
2020-09-11,BPAC11,78.11,199642757.0
2020-09-14,BPAC11,81.48,276385688.0
2020-09-15,BPAC11,79.89,273549582.0
2020-09-16,BPAC11,80.0,241957880.0
2020-09-17,BPAC11,79.72,145471972.0
2020-09-18,BPAC11,75.76,422934697.0
2020-09-21,BPAC11,72.6,445516751.0
2020-09-22,BPAC11,73.2,372957568.0
2020-09-23,BPAC11,73.13,288514058.0
2020-09-24,BPAC11,74.07,290576643.0
2020-09-25,BPAC11,74.3,150247045.0
2020-09-28,BPAC11,72.3,378088644.0
2020-09-29,BPAC11,71.1,231627066.0
2020-09-30,BPAC11,72.85,211660828.0
2020-10-01,BPAC11,74.51,167068249.0
2020-10-02,BPAC11,72.08,217693135.0
2020-10-05,BPAC11,74.14,145483797.0
2020-10-06,BPAC11,73.92,219509690.0
2020-10-07,BPAC11,72.67,203227689.0
2020-10-08,BPAC11,73.5,294425203.0
2020-10-09,BPAC11,72.95,135938943.0
2020-10-13,BPAC11,71.75,191803970.0
2020-10-14,BPAC11,74.61,291455271.0
2020-10-15,BPAC11,74.04,166200036.0
2020-10-16,BPAC11,72.34,157348966.0
2020-10-19,BPAC11,75.04,258872627.0
2020-10-20,BPAC11,79.19,349280011.0
2020-10-21,BPAC11,81.21,309883661.0
2020-10-22,BPAC11,80.42,282756426.0
2020-10-23,BPAC11,79.6,268466564.0
2020-10-26,BPAC11,78.88,271760672.0
2020-10-27,BPAC11,77.52,258041945.0
2020-10-28,BPAC11,72.0,317710585.0
2020-10-29,BPAC11,74.85,511608239.0
2020-10-30,BPAC11,72.5,313384186.0
2020-11-03,BPAC11,71.97,214094627.0
2020-11-04,BPAC11,76.14,246520519.0
2020-11-05,BPAC11,78.12,352598208.0
2020-11-06,BPAC11,80.15,251638112.0
2020-11-09,BPAC11,78.5,443533159.0
2020-11-10,BPAC11,75.95,497230097.0
2020-11-11,BPAC11,79.99,535345618.0
2020-11-12,BPAC11,79.71,444797864.0
2020-11-13,BPAC11,80.7,264505446.0
2020-11-16,BPAC11,80.89,266562717.0
2020-11-17,BPAC11,83.18,359346550.0
2020-11-18,BPAC11,82.3,237274899.0
2020-11-19,BPAC11,82.36,177338137.0
2020-11-20,BPAC11,81.01,116022266.0
2020-11-23,BPAC11,79.4,222699169.0
2020-11-24,BPAC11,79.41,204119268.0
2020-11-25,BPAC11,81.04,246132797.0
2020-11-26,BPAC11,81.45,101718721.0
2020-11-27,BPAC11,81.01,136767131.0
2020-11-30,BPAC11,79.22,393100823.0
2020-12-01,BPAC11,80.51,371935716.0
2020-12-02,BPAC11,79.9,339885284.0
2019-01-04,BRAP4,31.92,119846014.0
2019-01-07,BRAP4,32.17,105645593.0
2019-01-08,BRAP4,31.94,101064252.0
2019-01-09,BRAP4,32.8,112811668.0
2019-01-10,BRAP4,32.7,55432683.0
2019-01-11,BRAP4,32.59,83122752.0
2019-01-14,BRAP4,32.71,70409220.0
2019-01-15,BRAP4,32.41,69044528.0
2019-01-16,BRAP4,32.52,62921319.0
2019-01-17,BRAP4,33.59,85391804.0
2019-01-18,BRAP4,34.15,121666880.0
2019-01-21,BRAP4,34.35,46351561.0
2019-01-22,BRAP4,34.24,98175724.0
2019-01-23,BRAP4,34.72,62443300.0
2019-01-24,BRAP4,35.0,57374213.0
2019-01-28,BRAP4,26.43,634572739.0
2019-01-29,BRAP4,26.62,215370540.0
2019-01-30,BRAP4,28.72,165423144.0
2019-01-31,BRAP4,28.13,96100119.0
2019-02-01,BRAP4,28.75,79648447.0
2019-02-04,BRAP4,27.97,176623184.0
2019-02-05,BRAP4,28.24,81797005.0
2019-02-06,BRAP4,27.02,89806234.0
2019-02-07,BRAP4,26.21,86944816.0
2019-02-08,BRAP4,27.12,114548178.0
2019-02-11,BRAP4,26.2,72116842.0
2019-02-12,BRAP4,27.48,98931257.0
2019-02-13,BRAP4,27.82,160927244.0
2019-02-14,BRAP4,27.98,99792199.0
2019-02-15,BRAP4,28.08,38542798.0
2019-02-18,BRAP4,27.95,36819164.0
2019-02-19,BRAP4,27.94,31309090.0
2019-02-20,BRAP4,28.18,52188850.0
2019-02-21,BRAP4,27.92,42289238.0
2019-02-22,BRAP4,28.9,54521708.0
2019-02-25,BRAP4,29.02,56370173.0
2019-02-26,BRAP4,28.95,26747585.0
2019-02-27,BRAP4,28.85,37602046.0
2019-02-28,BRAP4,28.82,26830707.0
2019-03-01,BRAP4,28.66,72832192.0
2019-03-06,BRAP4,29.47,62073150.0
2019-03-07,BRAP4,29.86,65048859.0
2019-03-08,BRAP4,29.8,43992582.0
2019-03-11,BRAP4,30.51,49054156.0
2019-03-12,BRAP4,30.86,36837356.0
2019-03-13,BRAP4,31.34,42554383.0
2019-03-14,BRAP4,31.13,49273922.0
2019-03-15,BRAP4,31.37,76239298.0
2019-03-18,BRAP4,31.25,47060331.0
2019-03-19,BRAP4,32.0,58005517.0
2019-03-20,BRAP4,31.28,62274914.0
2019-03-21,BRAP4,31.35,69336588.0
2019-03-22,BRAP4,30.6,94207616.0
2019-03-25,BRAP4,30.53,42531015.0
2019-03-26,BRAP4,31.11,50996320.0
2019-03-27,BRAP4,30.67,80392143.0
2019-03-28,BRAP4,30.58,54651941.0
2019-03-29,BRAP4,31.9,82187768.0
2019-04-01,BRAP4,32.99,84539118.0
2019-04-02,BRAP4,32.1,69201473.0
2019-05-03,BRAP4,31.39,44647490.0
2019-05-06,BRAP4,30.76,35230745.0
2019-05-07,BRAP4,30.98,38379714.0
2019-05-08,BRAP4,30.58,86475998.0
2019-05-09,BRAP4,30.5,37904942.0
2019-05-10,BRAP4,31.19,245229751.0
2019-05-13,BRAP4,29.75,73457427.0
2019-05-14,BRAP4,29.7,32799159.0
2019-05-15,BRAP4,29.81,60989453.0
2019-05-16,BRAP4,28.82,93595779.0
2019-05-17,BRAP4,29.37,80820619.0
2019-05-20,BRAP4,29.29,49453074.0
2019-05-21,BRAP4,29.69,43061022.0
2019-05-22,BRAP4,29.54,68709650.0
2019-05-23,BRAP4,29.59,90128726.0
2019-05-24,BRAP4,30.21,78419346.0
2019-05-27,BRAP4,31.07,30473562.0
2019-05-28,BRAP4,31.02,50331314.0
2019-05-29,BRAP4,30.9,37762568.0
2019-05-30,BRAP4,30.89,40280737.0
2019-05-31,BRAP4,30.7,38604946.0
2019-06-03,BRAP4,30.59,41070390.0
2019-06-04,BRAP4,30.71,43905899.0
2019-06-05,BRAP4,30.28,23708444.0
2019-06-06,BRAP4,30.64,32924852.0
2019-06-07,BRAP4,30.67,29282490.0
2019-06-10,BRAP4,30.63,20855993.0
2019-06-11,BRAP4,32.34,60634316.0
2019-06-12,BRAP4,32.14,42078319.0
2019-06-13,BRAP4,32.61,63838907.0
2019-06-14,BRAP4,32.27,35900015.0
2019-06-17,BRAP4,31.64,45143328.0
2019-06-18,BRAP4,32.99,70401540.0
2019-06-19,BRAP4,33.12,60045194.0
2019-06-21,BRAP4,33.03,59059012.0
2019-06-24,BRAP4,33.19,62873137.0
2019-06-25,BRAP4,32.3,42319298.0
2019-06-26,BRAP4,32.68,80692316.0
2019-06-27,BRAP4,32.81,46006324.0
2019-06-28,BRAP4,32.85,67677173.0
2019-07-01,BRAP4,33.64,84751649.0
2019-07-02,BRAP4,32.3,107748889.0
2019-07-03,BRAP4,32.55,49526485.0
2019-07-04,BRAP4,32.43,54261107.0
2019-07-05,BRAP4,31.54,76170903.0
2019-07-08,BRAP4,32.06,56725238.0
2019-07-10,BRAP4,32.92,58776943.0
2019-07-11,BRAP4,32.96,71967523.0
2019-07-12,BRAP4,32.72,41669718.0
2019-07-15,BRAP4,33.1,41804970.0
2019-07-16,BRAP4,33.28,78345768.0
2019-07-17,BRAP4,33.3,28318225.0
2019-07-18,BRAP4,33.07,37284611.0
2019-07-19,BRAP4,33.11,27805865.0
2019-07-22,BRAP4,32.93,29671876.0
2019-07-23,BRAP4,32.87,25421338.0
2019-07-24,BRAP4,32.04,48167558.0
2019-07-25,BRAP4,32.1,80632719.0
2019-07-26,BRAP4,31.65,49577230.0
2019-07-29,BRAP4,31.66,25204826.0
2019-07-30,BRAP4,31.81,22154513.0
2019-07-31,BRAP4,31.62,44023796.0
2019-08-01,BRAP4,30.65,69113991.0
2019-08-02,BRAP4,30.45,71657152.0
2019-09-02,BRAP4,28.74,35758585.0
2019-09-03,BRAP4,28.38,28556148.0
2019-09-04,BRAP4,28.95,34973360.0
2019-09-05,BRAP4,29.15,40391492.0
2019-09-06,BRAP4,28.95,21366996.0
2019-09-09,BRAP4,29.79,32724166.0
2019-09-10,BRAP4,30.17,34678501.0
2019-09-11,BRAP4,30.05,26942046.0
2019-09-12,BRAP4,31.3,68136870.0
2019-09-13,BRAP4,31.27,42986388.0
2019-09-16,BRAP4,31.11,91030956.0
2019-09-17,BRAP4,31.2,35168060.0
2019-09-18,BRAP4,31.23,69887037.0
2019-09-19,BRAP4,31.38,69395671.0
2019-09-20,BRAP4,31.75,59753578.0
2019-09-23,BRAP4,31.25,27017514.0
2019-09-24,BRAP4,30.61,35700882.0
2019-09-25,BRAP4,31.18,120957733.0
2019-09-26,BRAP4,31.19,29048665.0
2019-09-27,BRAP4,31.29,37745540.0
2019-09-30,BRAP4,31.56,42000604.0
2019-10-01,BRAP4,31.13,39218179.0
2019-10-02,BRAP4,29.6,61356438.0
2019-10-03,BRAP4,30.27,50659769.0
2019-10-04,BRAP4,31.36,55843676.0
2019-10-07,BRAP4,30.93,35433932.0
2019-10-08,BRAP4,30.59,61714252.0
2019-10-09,BRAP4,30.64,26675622.0
2019-10-10,BRAP4,31.49,38272936.0
2019-10-11,BRAP4,32.32,56100811.0
2019-10-14,BRAP4,32.26,20767742.0
2019-10-15,BRAP4,32.44,41075641.0
2019-10-16,BRAP4,32.03,48895644.0
2019-10-17,BRAP4,31.8,42791877.0
2019-10-18,BRAP4,31.16,54216171.0
2019-10-21,BRAP4,31.55,50945358.0
2019-10-22,BRAP4,31.45,59004189.0
2019-10-23,BRAP4,31.29,25019739.0
2019-10-24,BRAP4,30.93,45671961.0
2019-10-25,BRAP4,32.19,50712212.0
2019-10-28,BRAP4,32.52,39473086.0
2019-10-29,BRAP4,32.54,40815686.0
2019-10-30,BRAP4,32.67,37076125.0
2019-10-31,BRAP4,32.01,47251437.0
2019-11-01,BRAP4,32.58,40804295.0
2019-11-04,BRAP4,33.2,87102834.0
2019-11-05,BRAP4,33.08,30795704.0
2019-11-06,BRAP4,33.24,34764510.0
2019-11-07,BRAP4,33.47,30286154.0
2019-11-08,BRAP4,33.14,47400803.0
2019-11-11,BRAP4,32.47,43814236.0
2019-11-12,BRAP4,32.59,41628578.0
2019-11-13,BRAP4,31.95,50364529.0
2019-11-14,BRAP4,32.16,51743902.0
2019-11-18,BRAP4,32.39,40441499.0
2019-11-19,BRAP4,32.69,35618943.0
2019-11-21,BRAP4,33.26,38517045.0
2019-11-22,BRAP4,34.09,35417558.0
2019-11-25,BRAP4,33.96,58511586.0
2019-11-26,BRAP4,34.82,49532226.0
2019-11-27,BRAP4,34.81,36310537.0
2019-11-28,BRAP4,34.2,29343573.0
2019-11-29,BRAP4,34.2,31889394.0
2019-12-02,BRAP4,35.12,43546412.0
2020-01-02,BRAP4,38.03,90149186.0
2020-01-03,BRAP4,38.57,79280632.0
2020-01-06,BRAP4,38.75,64083820.0
2020-01-07,BRAP4,38.92,44335465.0
2020-01-08,BRAP4,38.91,43238761.0
2020-01-09,BRAP4,38.41,42902541.0
2020-01-10,BRAP4,38.29,43638232.0
2020-01-13,BRAP4,39.9,96027517.0
2020-01-14,BRAP4,40.28,52010739.0
2020-01-15,BRAP4,40.38,54357446.0
2020-01-16,BRAP4,40.24,75987174.0
2020-01-17,BRAP4,41.97,307214730.0
2020-01-20,BRAP4,42.39,73808706.0
2020-01-21,BRAP4,41.59,154231315.0
2020-01-22,BRAP4,42.25,68975158.0
2020-01-23,BRAP4,41.66,83783695.0
2020-01-24,BRAP4,40.84,67553828.0
2020-01-27,BRAP4,38.26,98323838.0
2020-01-28,BRAP4,38.25,59076877.0
2020-01-29,BRAP4,37.53,62520592.0
2020-01-30,BRAP4,37.67,65745415.0
2020-01-31,BRAP4,37.01,64026671.0
2020-02-03,BRAP4,37.68,34767923.0
2020-02-04,BRAP4,38.6,45005763.0
2020-02-05,BRAP4,38.86,59734621.0
2020-02-06,BRAP4,38.93,211982220.0
2020-02-07,BRAP4,37.82,44832629.0
2020-02-10,BRAP4,36.91,50383766.0
2020-02-11,BRAP4,38.64,75088419.0
2020-02-12,BRAP4,38.99,70382659.0
2020-02-13,BRAP4,38.18,36955240.0
2020-02-14,BRAP4,37.53,58849644.0
2020-02-17,BRAP4,39.0,42497093.0
2020-02-18,BRAP4,38.64,39512043.0
2020-02-19,BRAP4,38.98,35910921.0
2020-02-20,BRAP4,38.3,43109069.0
2020-02-21,BRAP4,37.72,52843119.0
2020-02-26,BRAP4,34.1,70517200.0
2020-02-27,BRAP4,32.89,71861546.0
2020-02-28,BRAP4,33.39,85789589.0
2020-03-02,BRAP4,34.59,79303217.0
2020-03-03,BRAP4,34.1,73956511.0
2020-03-04,BRAP4,35.05,74047016.0
2020-03-05,BRAP4,33.45,72180878.0
2020-03-06,BRAP4,32.46,71715789.0
2020-03-09,BRAP4,27.5,104769113.0
2020-03-10,BRAP4,31.46,139162324.0
2020-03-11,BRAP4,28.94,99633335.0
2020-03-12,BRAP4,26.08,100833823.0
2020-03-13,BRAP4,30.84,153648950.0
2020-03-16,BRAP4,27.36,117094226.0
2020-03-17,BRAP4,29.19,138194640.0
2020-03-18,BRAP4,27.89,87350037.0
2020-03-19,BRAP4,25.7,120276317.0
2020-03-20,BRAP4,24.35,69822122.0
2020-03-23,BRAP4,24.68,104748163.0
2020-03-24,BRAP4,26.18,51960413.0
2020-03-25,BRAP4,28.32,53077251.0
2020-03-26,BRAP4,28.41,74215205.0
2020-03-27,BRAP4,27.18,60692459.0
2020-03-30,BRAP4,28.57,43375349.0
2020-03-31,BRAP4,29.16,77778113.0
2020-04-01,BRAP4,29.26,71852096.0
2020-04-02,BRAP4,28.99,68665969.0
2020-05-04,BRAP4,28.91,44284074.0
2020-05-05,BRAP4,28.53,31058528.0
2020-05-06,BRAP4,28.92,41136269.0
2020-05-07,BRAP4,29.68,117572848.0
2020-05-08,BRAP4,32.19,121869383.0
2020-05-11,BRAP4,31.94,124159247.0
2020-05-12,BRAP4,32.97,173141064.0
2020-05-13,BRAP4,33.0,136697780.0
2020-05-14,BRAP4,32.35,75662411.0
2020-05-15,BRAP4,32.89,84531721.0
2020-05-18,BRAP4,35.65,157771280.0
2020-05-19,BRAP4,36.14,94862672.0
2020-05-20,BRAP4,36.59,104152851.0
2020-05-21,BRAP4,35.34,111133093.0
2020-05-22,BRAP4,34.65,66521268.0
2020-05-25,BRAP4,34.52,56700874.0
2020-05-26,BRAP4,33.69,97393047.0
2020-05-27,BRAP4,34.08,175602538.0
2020-05-28,BRAP4,33.76,64637373.0
2020-05-29,BRAP4,35.25,78912911.0
2020-06-01,BRAP4,35.8,52692647.0
2020-06-02,BRAP4,35.59,118300169.0
2020-06-03,BRAP4,35.44,130091502.0
2020-06-04,BRAP4,36.8,97102742.0
2020-06-05,BRAP4,36.06,128942086.0
2020-06-08,BRAP4,35.66,120929057.0
2020-06-09,BRAP4,36.14,121464421.0
2020-06-10,BRAP4,35.8,79088765.0
2020-06-12,BRAP4,35.4,104071575.0
2020-06-15,BRAP4,35.53,52961727.0
2020-06-16,BRAP4,36.37,57298634.0
2020-06-17,BRAP4,37.16,78402833.0
2020-06-18,BRAP4,37.13,85188942.0
2020-06-19,BRAP4,36.06,104155639.0
2020-06-22,BRAP4,36.07,69543174.0
2020-06-23,BRAP4,36.82,63474481.0
2020-06-24,BRAP4,36.53,57297583.0
2020-06-25,BRAP4,36.97,42190232.0
2020-06-26,BRAP4,36.43,59424783.0
2020-06-29,BRAP4,36.34,61717158.0
2020-06-30,BRAP4,36.51,97648849.0
2020-07-01,BRAP4,35.44,144242240.0
2020-07-02,BRAP4,35.96,65149702.0
2020-07-03,BRAP4,35.99,23992590.0
2020-07-06,BRAP4,36.46,69630996.0
2020-07-07,BRAP4,36.53,41595742.0
2020-07-08,BRAP4,37.17,74684340.0
2020-07-09,BRAP4,36.82,57532873.0
2020-07-10,BRAP4,37.56,134005442.0
2020-07-13,BRAP4,38.15,137104220.0
2020-07-14,BRAP4,40.72,183003727.0
2020-07-15,BRAP4,40.72,95020927.0
2020-07-16,BRAP4,39.98,60487349.0
2020-07-17,BRAP4,40.79,63336696.0
2020-07-20,BRAP4,41.28,115882711.0
2020-07-21,BRAP4,40.75,89578624.0
2020-07-22,BRAP4,41.4,231617314.0
2020-07-23,BRAP4,40.97,99387930.0
2020-07-24,BRAP4,41.34,142971698.0
2020-07-27,BRAP4,43.64,164752836.0
2020-07-28,BRAP4,42.92,110780051.0
2020-07-29,BRAP4,44.03,106617161.0
2020-07-30,BRAP4,42.86,135353550.0
2020-07-31,BRAP4,43.05,78254328.0
2020-09-02,BRAP4,44.74,56842197.0
2020-09-03,BRAP4,43.78,92792042.0
2020-09-04,BRAP4,44.3,93635678.0
2020-09-08,BRAP4,43.53,67183473.0
2020-09-09,BRAP4,43.73,88561820.0
2020-09-10,BRAP4,43.03,108924417.0
2020-09-11,BRAP4,44.9,205778569.0
2020-09-14,BRAP4,44.55,92832295.0
2020-09-15,BRAP4,45.3,126365949.0
2020-09-16,BRAP4,44.69,127299701.0
2020-09-17,BRAP4,45.69,81361998.0
2020-09-18,BRAP4,45.66,104441893.0
2020-09-21,BRAP4,44.38,111866892.0
2020-09-22,BRAP4,44.64,71833476.0
2020-09-23,BRAP4,44.68,118521030.0
2020-09-24,BRAP4,45.18,141586443.0
2020-09-25,BRAP4,45.54,77419642.0
2020-09-28,BRAP4,44.65,85882299.0
2020-09-29,BRAP4,44.24,90123757.0
2020-09-30,BRAP4,44.89,130651498.0
2020-10-01,BRAP4,44.85,94239854.0
2020-10-02,BRAP4,44.17,108784633.0
2020-10-05,BRAP4,45.47,79027636.0
2020-10-06,BRAP4,44.65,87670841.0
2020-10-07,BRAP4,45.29,89552511.0
2020-10-08,BRAP4,45.8,97565159.0
2020-10-09,BRAP4,46.03,120992666.0
2020-10-13,BRAP4,47.41,200331972.0
2020-10-14,BRAP4,47.98,146960128.0
2020-10-15,BRAP4,48.16,131632096.0
2020-10-16,BRAP4,48.25,199759423.0
2020-10-19,BRAP4,48.15,140677593.0
2020-10-20,BRAP4,48.38,134194527.0
2020-10-21,BRAP4,48.52,173536074.0
2020-10-22,BRAP4,47.86,241320659.0
2020-10-23,BRAP4,47.88,96756493.0
2020-10-26,BRAP4,47.49,94971649.0
2020-10-27,BRAP4,47.99,113864089.0
2020-10-28,BRAP4,46.66,132168737.0
2020-10-29,BRAP4,47.19,190051800.0
2020-10-30,BRAP4,46.74,144954479.0
2020-11-03,BRAP4,48.89,177195297.0
2020-11-04,BRAP4,47.85,171410558.0
2020-11-05,BRAP4,48.75,306794906.0
2020-11-06,BRAP4,49.59,181899836.0
2020-11-09,BRAP4,49.56,159270685.0
2020-11-10,BRAP4,48.5,202156267.0
2020-11-11,BRAP4,48.94,285370071.0
2020-11-12,BRAP4,46.75,187768638.0
2020-11-13,BRAP4,47.44,157442497.0
2020-11-16,BRAP4,48.67,232501621.0
2020-11-17,BRAP4,50.24,312438594.0
2020-11-18,BRAP4,50.1,161239835.0
2020-11-19,BRAP4,50.79,145604362.0
2020-11-20,BRAP4,51.04,73483762.0
2020-11-23,BRAP4,53.21,238905633.0
2020-11-24,BRAP4,55.7,278010028.0
2020-11-25,BRAP4,56.38,229068188.0
2020-11-26,BRAP4,57.71,160778639.0
2020-11-27,BRAP4,59.79,270697488.0
2020-11-30,BRAP4,58.1,1751201261.0
2020-12-01,BRAP4,60.28,238982503.0
2020-12-02,BRAP4,59.08,276475466.0
2019-01-04,BRDT3,26.7,337223936.0
2019-01-07,BRDT3,26.85,103984313.0
2019-01-08,BRDT3,25.95,120246214.0
2019-01-09,BRDT3,26.01,475456236.0
2019-01-10,BRDT3,25.75,214504509.0
2019-01-11,BRDT3,25.8,91936823.0
2019-01-14,BRDT3,26.3,86005767.0
2019-01-15,BRDT3,26.07,89984096.0
2019-01-16,BRDT3,26.33,60105845.0
2019-01-17,BRDT3,26.5,126929698.0
2019-01-18,BRDT3,26.43,218588750.0
2019-01-21,BRDT3,26.2,46162445.0
2019-01-22,BRDT3,25.44,72714863.0
2019-01-23,BRDT3,26.35,122842121.0
2019-01-24,BRDT3,26.66,120496923.0
2019-01-28,BRDT3,27.1,372108767.0
2019-01-29,BRDT3,26.79,100380328.0
2019-01-30,BRDT3,26.6,95404911.0
2019-01-31,BRDT3,26.65,205555558.0
2019-02-01,BRDT3,26.61,132963581.0
2019-02-04,BRDT3,26.85,88147185.0
2019-02-05,BRDT3,26.99,49920282.0
2019-02-06,BRDT3,25.7,109076188.0
2019-02-07,BRDT3,25.01,161021899.0
2019-02-08,BRDT3,25.12,143336592.0
2019-02-11,BRDT3,25.6,105386457.0
2019-02-12,BRDT3,25.52,126070213.0
2019-02-13,BRDT3,26.26,150054462.0
2019-02-14,BRDT3,26.54,117794223.0
2019-02-15,BRDT3,26.23,121021046.0
2019-02-18,BRDT3,25.31,94365178.0
2019-02-19,BRDT3,25.14,71347177.0
2019-02-20,BRDT3,24.96,115231489.0
2019-02-21,BRDT3,24.57,172600474.0
2019-02-22,BRDT3,24.88,65460653.0
2019-02-25,BRDT3,24.52,89988798.0
2019-02-26,BRDT3,24.65,166079736.0
2019-02-27,BRDT3,24.62,87802390.0
2019-02-28,BRDT3,24.45,133267587.0
2019-03-01,BRDT3,24.1,90901138.0
2019-03-06,BRDT3,24.54,78108036.0
2019-03-07,BRDT3,24.75,111246939.0
2019-03-08,BRDT3,24.9,110542865.0
2019-03-11,BRDT3,24.2,209920674.0
2019-03-12,BRDT3,24.54,141861954.0
2019-03-13,BRDT3,24.56,259517473.0
2019-03-14,BRDT3,24.69,92935475.0
2019-03-15,BRDT3,25.21,121582853.0
2019-03-18,BRDT3,25.3,82571099.0
2019-03-19,BRDT3,25.87,142634542.0
2019-03-20,BRDT3,24.9,133511853.0
2019-03-21,BRDT3,24.5,141630520.0
2019-03-22,BRDT3,23.7,105319713.0
2019-03-25,BRDT3,23.8,111610321.0
2019-03-26,BRDT3,24.65,201904786.0
2019-03-27,BRDT3,23.4,118069204.0
2019-03-28,BRDT3,24.14,67830873.0
2019-03-29,BRDT3,23.15,227779452.0
2019-04-01,BRDT3,23.45,95712014.0
2019-04-02,BRDT3,23.48,96549027.0
2019-05-03,BRDT3,22.81,72795057.0
2019-05-06,BRDT3,22.83,78120757.0
2019-05-07,BRDT3,23.63,117269917.0
2019-05-08,BRDT3,23.9,85160667.0
2019-05-09,BRDT3,24.49,89771142.0
2019-05-10,BRDT3,23.95,57917531.0
2019-05-13,BRDT3,23.58,82533969.0
2019-05-14,BRDT3,22.95,84921999.0
2019-05-15,BRDT3,22.75,75313512.0
2019-05-16,BRDT3,21.9,120318697.0
2019-05-17,BRDT3,21.41,100413960.0
2019-05-20,BRDT3,22.48,66378607.0
2019-05-21,BRDT3,23.43,90882637.0
2019-05-22,BRDT3,23.0,159228066.0
2019-05-23,BRDT3,23.09,87629192.0
2019-05-24,BRDT3,23.03,61645490.0
2019-05-27,BRDT3,23.1,37010835.0
2019-05-28,BRDT3,23.64,95023043.0
2019-05-29,BRDT3,24.6,118485136.0
2019-05-30,BRDT3,24.9,93940925.0
2019-05-31,BRDT3,25.55,206455163.0
2019-06-03,BRDT3,25.14,91222086.0
2019-06-04,BRDT3,25.0,84732962.0
2019-06-05,BRDT3,24.51,46513942.0
2019-06-06,BRDT3,25.31,73995081.0
2019-06-07,BRDT3,24.81,84881132.0
2019-06-10,BRDT3,24.35,72739488.0
2019-06-11,BRDT3,24.9,79870978.0
2019-06-12,BRDT3,24.65,67038955.0
2019-06-13,BRDT3,24.9,72816604.0
2019-06-14,BRDT3,24.64,65720754.0
2019-06-17,BRDT3,24.1,76881290.0
2019-06-18,BRDT3,24.72,119348799.0
2019-06-19,BRDT3,24.62,56319189.0
2019-06-21,BRDT3,25.0,74130146.0
2019-06-24,BRDT3,25.0,68586212.0
2019-06-25,BRDT3,24.29,61617483.0
2019-06-26,BRDT3,25.0,88411367.0
2019-06-27,BRDT3,25.0,95872813.0
2019-06-28,BRDT3,25.0,65464002.0
2019-07-01,BRDT3,24.5,79897575.0
2019-07-02,BRDT3,23.6,112156738.0
2019-07-03,BRDT3,24.0,118636357.0
2019-07-04,BRDT3,24.51,93911103.0
2019-07-05,BRDT3,24.75,104667442.0
2019-07-08,BRDT3,25.45,122402574.0
2019-07-10,BRDT3,26.6,282820689.0
2019-07-11,BRDT3,26.7,98665439.0
2019-07-12,BRDT3,26.4,55686073.0
2019-07-15,BRDT3,26.06,78719365.0
2019-07-16,BRDT3,25.88,105564375.0
2019-07-17,BRDT3,26.37,95780168.0
2019-07-18,BRDT3,26.5,84023979.0
2019-07-19,BRDT3,26.25,82578715.0
2019-07-22,BRDT3,25.5,117355759.0
2019-07-23,BRDT3,26.01,216065254.0
2019-07-24,BRDT3,26.32,1631305698.0
2019-07-25,BRDT3,26.35,1266676308.0
2019-07-26,BRDT3,27.04,2114984410.0
2019-07-29,BRDT3,26.71,419265946.0
2019-07-30,BRDT3,26.4,310355926.0
2019-07-31,BRDT3,26.6,274141568.0
2019-08-01,BRDT3,27.1,731977365.0
2019-08-02,BRDT3,27.25,212071949.0
2019-09-02,BRDT3,28.75,181664706.0
2019-09-03,BRDT3,28.33,101152958.0
2019-09-04,BRDT3,28.13,186194455.0
2019-09-05,BRDT3,28.2,100120729.0
2019-09-06,BRDT3,28.34,94166632.0
2019-09-09,BRDT3,27.68,211727067.0
2019-09-10,BRDT3,27.59,122279141.0
2019-09-11,BRDT3,27.9,141679329.0
2019-09-12,BRDT3,27.8,96809628.0
2019-09-13,BRDT3,27.29,141692663.0
2019-09-16,BRDT3,27.53,214300639.0
2019-09-17,BRDT3,27.16,190704908.0
2019-09-18,BRDT3,26.85,180631537.0
2019-09-19,BRDT3,26.9,174147257.0
2019-09-20,BRDT3,27.4,209257001.0
2019-09-23,BRDT3,27.3,77117799.0
2019-09-24,BRDT3,27.1,78387940.0
2019-09-25,BRDT3,27.02,78577490.0
2019-09-26,BRDT3,27.58,113769079.0
2019-09-27,BRDT3,27.41,100762730.0
2019-09-30,BRDT3,27.53,112241635.0
2019-10-01,BRDT3,27.05,97305163.0
2019-10-02,BRDT3,26.45,137617485.0
2019-10-03,BRDT3,26.85,152757829.0
2019-10-04,BRDT3,26.97,71986105.0
2019-10-07,BRDT3,26.5,87792888.0
2019-10-08,BRDT3,26.5,105700875.0
2019-10-09,BRDT3,26.63,121103340.0
2019-10-10,BRDT3,26.58,151047547.0
2019-10-11,BRDT3,27.31,130200588.0
2019-10-14,BRDT3,27.48,86559369.0
2019-10-15,BRDT3,26.85,173216911.0
2019-10-16,BRDT3,26.85,193854900.0
2019-10-17,BRDT3,26.6,128947014.0
2019-10-18,BRDT3,26.65,122962818.0
2019-10-21,BRDT3,27.07,106870901.0
2019-10-22,BRDT3,27.1,175568907.0
2019-10-23,BRDT3,27.74,150432221.0
2019-10-24,BRDT3,28.27,205842181.0
2019-10-25,BRDT3,28.45,128622602.0
2019-10-28,BRDT3,28.99,187888629.0
2019-10-29,BRDT3,28.34,138920125.0
2019-10-30,BRDT3,28.75,83643750.0
2019-10-31,BRDT3,28.28,143360189.0
2019-11-01,BRDT3,28.42,116558642.0
2019-11-04,BRDT3,27.77,113347629.0
2019-11-05,BRDT3,27.47,133661402.0
2019-11-06,BRDT3,27.5,121603884.0
2019-11-07,BRDT3,27.41,196233947.0
2019-11-08,BRDT3,27.88,318112064.0
2019-11-11,BRDT3,28.5,128685982.0
2019-11-12,BRDT3,27.48,516937753.0
2019-11-13,BRDT3,27.14,299630681.0
2019-11-14,BRDT3,27.63,152406749.0
2019-11-18,BRDT3,27.69,104094140.0
2019-11-19,BRDT3,27.68,110007087.0
2019-11-21,BRDT3,27.58,244127441.0
2019-11-22,BRDT3,27.58,161362690.0
2019-11-25,BRDT3,27.77,108965529.0
2019-11-26,BRDT3,28.0,255249063.0
2019-11-27,BRDT3,28.11,165693757.0
2019-11-28,BRDT3,28.28,50442161.0
2019-11-29,BRDT3,28.44,100187044.0
2019-12-02,BRDT3,28.66,363364344.0
2020-01-02,BRDT3,30.74,117658179.0
2020-01-03,BRDT3,30.56,191854310.0
2020-01-06,BRDT3,29.03,368720576.0
2020-01-07,BRDT3,28.99,227200747.0
2020-01-08,BRDT3,28.85,167374447.0
2020-01-09,BRDT3,28.09,198969977.0
2020-01-10,BRDT3,28.2,307611271.0
2020-01-13,BRDT3,28.79,244690166.0
2020-01-14,BRDT3,28.8,216718819.0
2020-01-15,BRDT3,28.44,147694084.0
2020-01-16,BRDT3,28.16,192345073.0
2020-01-17,BRDT3,28.75,160389980.0
2020-01-20,BRDT3,29.13,165636996.0
2020-01-21,BRDT3,28.7,185885163.0
2020-01-22,BRDT3,29.05,157876829.0
2020-01-23,BRDT3,29.47,175840035.0
2020-01-24,BRDT3,29.59,104371824.0
2020-01-27,BRDT3,28.65,106797222.0
2020-01-28,BRDT3,29.0,123562197.0
2020-01-29,BRDT3,28.65,100371561.0
2020-01-30,BRDT3,28.97,157353106.0
2020-01-31,BRDT3,28.8,232036917.0
2020-02-03,BRDT3,29.35,243855092.0
2020-02-04,BRDT3,29.23,171314424.0
2020-02-05,BRDT3,29.59,241708920.0
2020-02-06,BRDT3,29.3,109896534.0
2020-02-07,BRDT3,28.84,139196639.0
2020-02-10,BRDT3,28.75,104466086.0
2020-02-11,BRDT3,30.1,136024164.0
2020-02-12,BRDT3,30.75,241648383.0
2020-02-13,BRDT3,31.09,258161159.0
2020-02-14,BRDT3,30.47,115826440.0
2020-02-17,BRDT3,30.5,62740179.0
2020-02-18,BRDT3,30.27,119554313.0
2020-02-19,BRDT3,29.92,121407386.0
2020-02-20,BRDT3,29.54,138344811.0
2020-02-21,BRDT3,28.99,113595966.0
2020-02-26,BRDT3,27.25,206031952.0
2020-02-27,BRDT3,26.21,243044732.0
2020-02-28,BRDT3,26.1,322973625.0
2020-03-02,BRDT3,26.51,191411041.0
2020-03-03,BRDT3,26.26,221192171.0
2020-03-04,BRDT3,26.5,208879936.0
2020-03-05,BRDT3,25.11,419475550.0
2020-03-06,BRDT3,24.63,199458122.0
2020-03-09,BRDT3,22.2,499485334.0
2020-03-10,BRDT3,24.38,259306208.0
2020-03-11,BRDT3,22.69,205208392.0
2020-03-12,BRDT3,19.22,155410391.0
2020-03-13,BRDT3,20.65,250470384.0
2020-03-16,BRDT3,17.79,211223282.0
2020-03-17,BRDT3,18.25,238658115.0
2020-03-18,BRDT3,15.6,212088320.0
2020-03-19,BRDT3,14.96,193306591.0
2020-03-20,BRDT3,14.68,165936347.0
2020-03-23,BRDT3,13.74,183495760.0
2020-03-24,BRDT3,14.9,151361196.0
2020-03-25,BRDT3,16.56,134486238.0
2020-03-26,BRDT3,17.8,168856005.0
2020-03-27,BRDT3,16.16,177460474.0
2020-03-30,BRDT3,15.75,135832082.0
2020-03-31,BRDT3,15.51,114759666.0
2020-04-01,BRDT3,14.02,158149332.0
2020-04-02,BRDT3,14.35,126727589.0
2020-05-04,BRDT3,19.57,100988093.0
2020-05-05,BRDT3,19.8,133115093.0
2020-05-06,BRDT3,19.36,153826417.0
2020-05-07,BRDT3,18.2,206739719.0
2020-05-08,BRDT3,19.05,152448449.0
2020-05-11,BRDT3,17.91,125415424.0
2020-05-12,BRDT3,17.6,113704378.0
2020-05-13,BRDT3,17.3,108358421.0
2020-05-14,BRDT3,18.55,192805205.0
2020-05-15,BRDT3,18.21,137508025.0
2020-05-18,BRDT3,19.01,117617698.0
2020-05-19,BRDT3,19.35,132176324.0
2020-05-20,BRDT3,19.55,187612195.0
2020-05-21,BRDT3,21.02,188597339.0
2020-05-22,BRDT3,20.13,123898470.0
2020-05-25,BRDT3,22.22,182413756.0
2020-05-26,BRDT3,21.47,275979920.0
2020-05-27,BRDT3,22.2,146840490.0
2020-05-28,BRDT3,22.18,140745404.0
2020-05-29,BRDT3,21.64,342259976.0
2020-06-01,BRDT3,21.6,154360117.0
2020-06-02,BRDT3,22.82,201736565.0
2020-06-03,BRDT3,23.45,223128891.0
2020-06-04,BRDT3,23.39,132352766.0
2020-06-05,BRDT3,22.92,233934762.0
2020-06-08,BRDT3,24.0,303305003.0
2020-06-09,BRDT3,23.41,205097783.0
2020-06-10,BRDT3,22.4,174164290.0
2020-06-12,BRDT3,22.42,322623101.0
2020-06-15,BRDT3,22.64,227937590.0
2020-06-16,BRDT3,22.26,199975681.0
2020-06-17,BRDT3,22.99,273938743.0
2020-06-18,BRDT3,22.88,289140074.0
2020-06-19,BRDT3,22.22,322727309.0
2020-06-22,BRDT3,21.79,162481514.0
2020-06-23,BRDT3,21.6,205330649.0
2020-06-24,BRDT3,21.49,176314561.0
2020-06-25,BRDT3,22.1,369004859.0
2020-06-26,BRDT3,21.22,122357319.0
2020-06-29,BRDT3,21.47,127363523.0
2020-06-30,BRDT3,21.55,197972150.0
2020-07-01,BRDT3,21.8,190144432.0
2020-07-02,BRDT3,21.99,207985997.0
2020-07-03,BRDT3,22.2,130611854.0
2020-07-06,BRDT3,22.48,175372106.0
2020-07-07,BRDT3,22.41,114819556.0
2020-07-08,BRDT3,22.96,154803513.0
2020-07-09,BRDT3,22.8,119761675.0
2020-07-10,BRDT3,22.61,101349534.0
2020-07-13,BRDT3,22.0,82437792.0
2020-07-14,BRDT3,22.74,149311043.0
2020-07-15,BRDT3,22.81,129026437.0
2020-07-16,BRDT3,22.34,81883326.0
2020-07-17,BRDT3,23.75,194872418.0
2020-07-20,BRDT3,23.51,150580658.0
2020-07-21,BRDT3,23.87,162045049.0
2020-07-22,BRDT3,23.63,138002768.0
2020-07-23,BRDT3,23.16,129668933.0
2020-07-24,BRDT3,22.95,145893996.0
2020-07-27,BRDT3,22.92,103849090.0
2020-07-28,BRDT3,22.87,128929135.0
2020-07-29,BRDT3,23.29,164500334.0
2020-07-30,BRDT3,23.0,168350388.0
2020-07-31,BRDT3,22.7,175944003.0
2020-09-02,BRDT3,22.0,125081026.0
2020-09-03,BRDT3,21.91,173338116.0
2020-09-04,BRDT3,22.38,610571948.0
2020-09-08,BRDT3,22.97,229025672.0
2020-09-09,BRDT3,23.09,182799687.0
2020-09-10,BRDT3,22.49,149919823.0
2020-09-11,BRDT3,22.11,112277796.0
2020-09-14,BRDT3,22.25,129545842.0
2020-09-15,BRDT3,22.07,132010859.0
2020-09-16,BRDT3,21.99,151606623.0
2020-09-17,BRDT3,22.17,68026999.0
2020-09-18,BRDT3,21.4,162547165.0
2020-09-21,BRDT3,21.2,124035760.0
2020-09-22,BRDT3,21.35,157653163.0
2020-09-23,BRDT3,20.85,128115602.0
2020-09-24,BRDT3,21.09,110660861.0
2020-09-25,BRDT3,20.88,60195240.0
2020-09-28,BRDT3,20.25,126783767.0
2020-09-29,BRDT3,20.07,97640810.0
2020-09-30,BRDT3,20.15,107232725.0
2020-10-01,BRDT3,21.0,160787537.0
2020-10-02,BRDT3,20.36,150739883.0
2020-10-05,BRDT3,20.57,88239036.0
2020-10-06,BRDT3,20.22,90825371.0
2020-10-07,BRDT3,20.0,143664525.0
2020-10-08,BRDT3,20.33,143166117.0
2020-10-09,BRDT3,20.1,167107627.0
2020-10-13,BRDT3,20.4,166593611.0
2020-10-14,BRDT3,20.6,96471428.0
2020-10-15,BRDT3,20.27,107241572.0
2020-10-16,BRDT3,20.44,100288861.0
2020-10-19,BRDT3,21.05,125167036.0
2020-10-20,BRDT3,20.96,150044386.0
2020-10-21,BRDT3,20.84,80642630.0
2020-10-22,BRDT3,20.78,96628051.0
2020-10-23,BRDT3,20.87,70244008.0
2020-10-26,BRDT3,20.55,117104489.0
2020-10-27,BRDT3,20.23,85036098.0
2020-10-28,BRDT3,19.14,128252110.0
2020-10-29,BRDT3,19.64,506715094.0
2020-10-30,BRDT3,19.18,142248870.0
2020-11-03,BRDT3,19.15,169170233.0
2020-11-04,BRDT3,19.82,106400640.0
2020-11-05,BRDT3,20.94,205088969.0
2020-11-06,BRDT3,21.14,141256003.0
2020-11-09,BRDT3,21.87,224762480.0
2020-11-10,BRDT3,22.6,321599564.0
2020-11-11,BRDT3,22.2,251839613.0
2020-11-12,BRDT3,21.51,145204051.0
2020-11-13,BRDT3,21.59,438539579.0
2020-11-16,BRDT3,21.87,190090754.0
2020-11-17,BRDT3,21.69,171553607.0
2020-11-18,BRDT3,21.18,177371413.0
2020-11-19,BRDT3,21.01,135511141.0
2020-11-20,BRDT3,20.68,153410533.0
2020-11-23,BRDT3,20.35,237306209.0
2020-11-24,BRDT3,20.99,201743592.0
2020-11-25,BRDT3,21.04,111254862.0
2020-11-26,BRDT3,20.77,106970909.0
2020-11-27,BRDT3,21.14,347328533.0
2020-11-30,BRDT3,20.53,270052089.0
2020-12-01,BRDT3,21.0,204283717.0
2020-12-02,BRDT3,21.03,148216596.0
2019-01-04,BRFS3,21.45,170812102.0
2019-01-07,BRFS3,21.59,70142137.0
2019-01-08,BRFS3,22.93,193754121.0
2019-01-09,BRFS3,23.55,180317310.0
2019-01-10,BRFS3,23.45,151093665.0
2019-01-11,BRFS3,22.95,221616677.0
2019-01-14,BRFS3,22.67,133838181.0
2019-01-15,BRFS3,22.43,112959414.0
2019-01-16,BRFS3,22.22,109683337.0
2019-01-17,BRFS3,23.66,235933674.0
2019-01-18,BRFS3,24.05,248522727.0
2019-01-21,BRFS3,24.49,145765289.0
2019-01-22,BRFS3,23.26,333122370.0
2019-01-23,BRFS3,23.75,175736442.0
2019-01-24,BRFS3,24.19,118874802.0
2019-01-28,BRFS3,24.45,111540201.0
2019-01-29,BRFS3,23.85,139922171.0
2019-01-30,BRFS3,23.68,187480544.0
2019-01-31,BRFS3,23.54,130500393.0
2019-02-01,BRFS3,23.89,99781327.0
2019-02-04,BRFS3,23.7,130170837.0
2019-02-05,BRFS3,25.24,399955082.0
2019-02-06,BRFS3,24.18,192413445.0
2019-02-07,BRFS3,23.21,436335966.0
2019-02-08,BRFS3,23.5,136821573.0
2019-02-11,BRFS3,23.12,131054731.0
2019-02-12,BRFS3,23.3,85901675.0
2019-02-13,BRFS3,22.55,315384128.0
2019-02-14,BRFS3,22.82,139751763.0
2019-02-15,BRFS3,22.66,148527619.0
2019-02-18,BRFS3,22.26,116382118.0
2019-02-19,BRFS3,22.16,153085600.0
2019-02-20,BRFS3,22.66,171128942.0
2019-02-21,BRFS3,22.07,94376346.0
2019-02-22,BRFS3,22.29,81553218.0
2019-02-25,BRFS3,22.24,93462363.0
2019-02-26,BRFS3,21.88,92121351.0
2019-02-27,BRFS3,21.6,84879726.0
2019-02-28,BRFS3,20.57,411100727.0
2019-03-01,BRFS3,20.52,113936316.0
2019-03-06,BRFS3,19.7,120144579.0
2019-03-07,BRFS3,19.49,129978550.0
2019-03-08,BRFS3,19.86,182634767.0
2019-03-11,BRFS3,20.33,137356129.0
2019-03-12,BRFS3,20.05,159041666.0
2019-03-13,BRFS3,20.3,141548317.0
2019-03-14,BRFS3,20.75,214085663.0
2019-03-15,BRFS3,22.22,421260652.0
2019-03-18,BRFS3,23.29,278924588.0
2019-03-19,BRFS3,23.06,170906961.0
2019-03-20,BRFS3,22.95,142295155.0
2019-03-21,BRFS3,22.7,130963824.0
2019-03-22,BRFS3,22.2,170667069.0
2019-03-25,BRFS3,21.85,120287345.0
2019-03-26,BRFS3,22.34,171714073.0
2019-03-27,BRFS3,21.94,144231513.0
2019-03-28,BRFS3,22.6,146862445.0
2019-03-29,BRFS3,22.65,246602191.0
2019-04-01,BRFS3,23.0,113074817.0
2019-04-02,BRFS3,22.95,84687632.0
2019-05-03,BRFS3,30.72,221977971.0
2019-05-06,BRFS3,31.05,237807448.0
2019-05-07,BRFS3,31.05,179562239.0
2019-05-08,BRFS3,30.39,296862589.0
2019-05-09,BRFS3,30.73,259515251.0
2019-05-10,BRFS3,29.88,296565504.0
2019-05-13,BRFS3,29.98,185680355.0
2019-05-14,BRFS3,31.26,279132411.0
2019-05-15,BRFS3,31.53,277690735.0
2019-05-16,BRFS3,32.07,364908853.0
2019-05-17,BRFS3,31.65,245034352.0
2019-05-20,BRFS3,31.82,249970275.0
2019-05-21,BRFS3,30.04,436003422.0
2019-05-22,BRFS3,30.59,290292424.0
2019-05-23,BRFS3,30.9,316638654.0
2019-05-24,BRFS3,31.85,166604149.0
2019-05-27,BRFS3,31.5,116526161.0
2019-05-28,BRFS3,30.4,360984081.0
2019-05-29,BRFS3,28.73,358853807.0
2019-05-30,BRFS3,29.01,254268403.0
2019-05-31,BRFS3,27.7,634907900.0
2019-06-03,BRFS3,27.6,250104527.0
2019-06-04,BRFS3,28.06,191973899.0
2019-06-05,BRFS3,27.1,147905517.0
2019-06-06,BRFS3,27.41,128181392.0
2019-06-07,BRFS3,26.16,261799078.0
2019-06-10,BRFS3,27.2,148320642.0
2019-06-11,BRFS3,27.0,152229361.0
2019-06-12,BRFS3,27.0,122995253.0
2019-06-13,BRFS3,28.57,336812132.0
2019-06-14,BRFS3,29.1,364034862.0
2019-06-17,BRFS3,28.7,238545962.0
2019-06-18,BRFS3,28.2,128053469.0
2019-06-19,BRFS3,28.6,167660721.0
2019-06-21,BRFS3,28.66,143095508.0
2019-06-24,BRFS3,28.89,133033870.0
2019-06-25,BRFS3,28.75,136744115.0
2019-06-26,BRFS3,28.52,83809476.0
2019-06-27,BRFS3,29.1,107423903.0
2019-06-28,BRFS3,29.52,218068694.0
2019-07-01,BRFS3,32.08,508077543.0
2019-07-02,BRFS3,33.2,373453581.0
2019-07-03,BRFS3,34.0,288012881.0
2019-07-04,BRFS3,34.23,178860910.0
2019-07-05,BRFS3,34.2,208224403.0
2019-07-08,BRFS3,34.37,142416363.0
2019-07-10,BRFS3,34.98,289633974.0
2019-07-11,BRFS3,33.93,204147033.0
2019-07-12,BRFS3,33.55,311992569.0
2019-07-15,BRFS3,33.45,109754369.0
2019-07-16,BRFS3,32.72,119689816.0
2019-07-17,BRFS3,32.93,98484721.0
2019-07-18,BRFS3,32.96,112244769.0
2019-07-19,BRFS3,33.45,154012177.0
2019-07-22,BRFS3,34.55,213809281.0
2019-07-23,BRFS3,33.75,161277840.0
2019-07-24,BRFS3,34.06,132647873.0
2019-07-25,BRFS3,33.35,138007098.0
2019-07-26,BRFS3,34.0,144193019.0
2019-07-29,BRFS3,33.7,248459468.0
2019-07-30,BRFS3,33.65,102389386.0
2019-07-31,BRFS3,33.41,150941986.0
2019-08-01,BRFS3,34.15,166939580.0
2019-08-02,BRFS3,34.1,121403592.0
2019-09-02,BRFS3,38.41,114315907.0
2019-09-03,BRFS3,37.72,134042591.0
2019-09-04,BRFS3,37.89,180537218.0
2019-09-05,BRFS3,38.06,145602406.0
2019-09-06,BRFS3,37.38,148264067.0
2019-09-09,BRFS3,36.95,403927809.0
2019-09-10,BRFS3,37.9,336744522.0
2019-09-11,BRFS3,38.45,283885295.0
2019-09-12,BRFS3,38.03,144707165.0
2019-09-13,BRFS3,38.0,211187418.0
2019-09-16,BRFS3,38.1,191543748.0
2019-09-17,BRFS3,38.16,142151638.0
2019-09-18,BRFS3,38.39,247721853.0
2019-09-19,BRFS3,37.72,169790412.0
2019-09-20,BRFS3,38.47,311324701.0
2019-09-23,BRFS3,38.75,123191986.0
2019-09-24,BRFS3,39.84,428709459.0
2019-09-25,BRFS3,40.5,299767722.0
2019-09-26,BRFS3,39.92,422704117.0
2019-09-27,BRFS3,38.7,197233526.0
2019-09-30,BRFS3,38.2,252539899.0
2019-10-01,BRFS3,37.99,240969793.0
2019-10-02,BRFS3,37.54,237683488.0
2019-10-03,BRFS3,36.51,203415701.0
2019-10-04,BRFS3,37.38,179322974.0
2019-10-07,BRFS3,36.74,118398274.0
2019-10-08,BRFS3,37.21,190994987.0
2019-10-09,BRFS3,36.6,150053931.0
2019-10-10,BRFS3,36.86,147701188.0
2019-10-11,BRFS3,37.1,160362953.0
2019-10-14,BRFS3,36.38,158338766.0
2019-10-15,BRFS3,35.99,205680027.0
2019-10-16,BRFS3,36.28,190423861.0
2019-10-17,BRFS3,35.93,139985169.0
2019-10-18,BRFS3,36.15,211617874.0
2019-10-21,BRFS3,37.75,191613074.0
2019-10-22,BRFS3,37.53,223772550.0
2019-10-23,BRFS3,36.8,245618504.0
2019-10-24,BRFS3,37.21,180805888.0
2019-10-25,BRFS3,36.57,158137887.0
2019-10-28,BRFS3,35.6,241728991.0
2019-10-29,BRFS3,35.7,171188605.0
2019-10-30,BRFS3,35.66,167989638.0
2019-10-31,BRFS3,35.51,131618316.0
2019-11-01,BRFS3,35.2,209949887.0
2019-11-04,BRFS3,36.3,197587253.0
2019-11-05,BRFS3,36.57,228828460.0
2019-11-06,BRFS3,35.52,209328290.0
2019-11-07,BRFS3,35.96,195570767.0
2019-11-08,BRFS3,34.45,438108426.0
2019-11-11,BRFS3,34.67,155599168.0
2019-11-12,BRFS3,33.2,366717342.0
2019-11-13,BRFS3,32.89,264564628.0
2019-11-14,BRFS3,32.96,214413926.0
2019-11-18,BRFS3,33.28,158323070.0
2019-11-19,BRFS3,33.56,136730020.0
2019-11-21,BRFS3,33.68,169960448.0
2019-11-22,BRFS3,34.09,173255341.0
2019-11-25,BRFS3,36.11,284634613.0
2019-11-26,BRFS3,36.8,370377957.0
2019-11-27,BRFS3,36.62,116496320.0
2019-11-28,BRFS3,36.2,136070210.0
2019-11-29,BRFS3,36.6,247794989.0
2019-12-02,BRFS3,36.42,126941680.0
2020-01-02,BRFS3,35.88,114929389.0
2020-01-03,BRFS3,35.94,165339158.0
2020-01-06,BRFS3,35.57,133416323.0
2020-01-07,BRFS3,35.16,133219939.0
2020-01-08,BRFS3,36.51,249624847.0
2020-01-09,BRFS3,36.84,190436180.0
2020-01-10,BRFS3,36.34,175767476.0
2020-01-13,BRFS3,36.7,142984298.0
2020-01-14,BRFS3,36.55,122250281.0
2020-01-15,BRFS3,36.47,126947311.0
2020-01-16,BRFS3,35.87,172425371.0
2020-01-17,BRFS3,35.75,115996608.0
2020-01-20,BRFS3,36.05,61105471.0
2020-01-21,BRFS3,35.43,198498736.0
2020-01-22,BRFS3,35.6,165969283.0
2020-01-23,BRFS3,34.84,171695036.0
2020-01-24,BRFS3,33.83,239712518.0
2020-01-27,BRFS3,31.78,350300986.0
2020-01-28,BRFS3,31.36,380539323.0
2020-01-29,BRFS3,31.1,234793384.0
2020-01-30,BRFS3,30.6,305348302.0
2020-01-31,BRFS3,30.55,238900883.0
2020-02-03,BRFS3,31.57,310057574.0
2020-02-04,BRFS3,32.18,226459306.0
2020-02-05,BRFS3,32.07,157629044.0
2020-02-06,BRFS3,31.85,157102889.0
2020-02-07,BRFS3,31.54,158387610.0
2020-02-10,BRFS3,30.84,223395033.0
2020-02-11,BRFS3,30.9,157691091.0
2020-02-12,BRFS3,31.25,218610873.0
2020-02-13,BRFS3,31.33,117555563.0
2020-02-14,BRFS3,30.9,116243574.0
2020-02-17,BRFS3,31.0,85941190.0
2020-02-18,BRFS3,30.85,101754389.0
2020-02-19,BRFS3,31.16,146891788.0
2020-02-20,BRFS3,30.68,123290559.0
2020-02-21,BRFS3,30.36,110021156.0
2020-02-26,BRFS3,28.45,289993465.0
2020-02-27,BRFS3,27.53,267292015.0
2020-02-28,BRFS3,27.04,238366433.0
2020-03-02,BRFS3,28.2,187629082.0
2020-03-03,BRFS3,26.15,471667561.0
2020-03-04,BRFS3,26.66,258148846.0
2020-03-05,BRFS3,25.6,130215199.0
2020-03-06,BRFS3,23.11,322294517.0
2020-03-09,BRFS3,20.0,323498301.0
2020-03-10,BRFS3,20.84,369535146.0
2020-03-11,BRFS3,18.5,225907235.0
2020-03-12,BRFS3,15.25,183079314.0
2020-03-13,BRFS3,16.49,264731259.0
2020-03-16,BRFS3,13.25,185921349.0
2020-03-17,BRFS3,14.25,303944864.0
2020-03-18,BRFS3,13.01,214928868.0
2020-03-19,BRFS3,14.9,209287890.0
2020-03-20,BRFS3,14.15,261173578.0
2020-03-23,BRFS3,14.03,163751536.0
2020-03-24,BRFS3,15.04,193942122.0
2020-03-25,BRFS3,15.91,181958433.0
2020-03-26,BRFS3,15.97,204761400.0
2020-03-27,BRFS3,14.87,170749532.0
2020-03-30,BRFS3,14.51,187020405.0
2020-03-31,BRFS3,15.09,183166078.0
2020-04-01,BRFS3,15.61,162411233.0
2020-04-02,BRFS3,16.25,184807764.0
2020-05-04,BRFS3,18.4,161504260.0
2020-05-05,BRFS3,18.34,164186215.0
2020-05-06,BRFS3,18.31,166755799.0
2020-05-07,BRFS3,18.41,213213055.0
2020-05-08,BRFS3,18.74,142789936.0
2020-05-11,BRFS3,20.85,615186336.0
2020-05-12,BRFS3,20.37,327658423.0
2020-05-13,BRFS3,22.85,573982736.0
2020-05-14,BRFS3,23.06,495955572.0
2020-05-15,BRFS3,22.66,318226374.0
2020-05-18,BRFS3,21.74,302586013.0
2020-05-19,BRFS3,22.0,254815885.0
2020-05-20,BRFS3,22.47,207712243.0
2020-05-21,BRFS3,21.8,242092394.0
2020-05-22,BRFS3,21.76,279497912.0
2020-05-25,BRFS3,21.75,138541666.0
2020-05-26,BRFS3,22.5,316938641.0
2020-05-27,BRFS3,23.25,150673334.0
2020-05-28,BRFS3,23.21,180239227.0
2020-05-29,BRFS3,23.13,264519556.0
2020-06-01,BRFS3,23.67,227194180.0
2020-06-02,BRFS3,23.35,211830752.0
2020-06-03,BRFS3,22.65,333510038.0
2020-06-04,BRFS3,23.45,186972816.0
2020-06-05,BRFS3,22.7,273757793.0
2020-06-08,BRFS3,23.25,203073315.0
2020-06-09,BRFS3,23.07,233434665.0
2020-06-10,BRFS3,22.52,192257912.0
2020-06-12,BRFS3,21.56,281910523.0
2020-06-15,BRFS3,21.2,244216420.0
2020-06-16,BRFS3,22.1,268326474.0
2020-06-17,BRFS3,22.49,174585884.0
2020-06-18,BRFS3,22.36,129255713.0
2020-06-19,BRFS3,22.45,168212873.0
2020-06-22,BRFS3,22.01,116822302.0
2020-06-23,BRFS3,22.18,104580576.0
2020-06-24,BRFS3,21.87,129972576.0
2020-06-25,BRFS3,21.99,88446612.0
2020-06-26,BRFS3,21.45,138368656.0
2020-06-29,BRFS3,20.87,310877385.0
2020-06-30,BRFS3,21.26,210206036.0
2020-07-01,BRFS3,20.5,280804370.0
2020-07-02,BRFS3,20.4,278684521.0
2020-07-03,BRFS3,20.19,160005266.0
2020-07-06,BRFS3,21.15,330672407.0
2020-07-07,BRFS3,20.5,314912937.0
2020-07-08,BRFS3,20.91,174084571.0
2020-07-09,BRFS3,20.7,143219054.0
2020-07-10,BRFS3,20.6,139171746.0
2020-07-13,BRFS3,20.08,217215034.0
2020-07-14,BRFS3,20.1,194221946.0
2020-07-15,BRFS3,20.31,249699269.0
2020-07-16,BRFS3,20.15,193560546.0
2020-07-17,BRFS3,20.68,223377087.0
2020-07-20,BRFS3,21.25,241476629.0
2020-07-21,BRFS3,20.89,242098902.0
2020-07-22,BRFS3,20.58,174242943.0
2020-07-23,BRFS3,20.4,180794819.0
2020-07-24,BRFS3,20.33,120209832.0
2020-07-27,BRFS3,20.12,208180948.0
2020-07-28,BRFS3,21.3,346325612.0
2020-07-29,BRFS3,21.86,362251162.0
2020-07-30,BRFS3,21.2,230068982.0
2020-07-31,BRFS3,20.7,133100008.0
2020-09-02,BRFS3,20.45,346924102.0
2020-09-03,BRFS3,19.86,232396558.0
2020-09-04,BRFS3,19.98,153379078.0
2020-09-08,BRFS3,19.85,171877105.0
2020-09-09,BRFS3,19.88,150904339.0
2020-09-10,BRFS3,20.62,399169744.0
2020-09-11,BRFS3,20.1,157913171.0
2020-09-14,BRFS3,20.74,131782668.0
2020-09-15,BRFS3,21.61,318164755.0
2020-09-16,BRFS3,21.35,135513216.0
2020-09-17,BRFS3,21.36,467276202.0
2020-09-18,BRFS3,20.94,228832763.0
2020-09-21,BRFS3,20.52,172982000.0
2020-09-22,BRFS3,20.38,82623783.0
2020-09-23,BRFS3,19.8,175486283.0
2020-09-24,BRFS3,19.82,121183306.0
2020-09-25,BRFS3,19.59,114295275.0
2020-09-28,BRFS3,18.72,252916627.0
2020-09-29,BRFS3,18.21,154338802.0
2020-09-30,BRFS3,18.38,152501691.0
2020-10-01,BRFS3,18.51,153314727.0
2020-10-02,BRFS3,18.04,105602577.0
2020-10-05,BRFS3,18.02,110218647.0
2020-10-06,BRFS3,17.91,141891433.0
2020-10-07,BRFS3,17.7,135378336.0
2020-10-08,BRFS3,17.93,104699367.0
2020-10-09,BRFS3,17.45,165683784.0
2020-10-13,BRFS3,18.09,160843039.0
2020-10-14,BRFS3,18.63,241714956.0
2020-10-15,BRFS3,18.57,178494793.0
2020-10-16,BRFS3,18.73,170460418.0
2020-10-19,BRFS3,18.15,128499219.0
2020-10-20,BRFS3,18.58,134196103.0
2020-10-21,BRFS3,18.26,119650865.0
2020-10-22,BRFS3,18.82,188934994.0
2020-10-23,BRFS3,18.42,136888130.0
2020-10-26,BRFS3,17.94,303587231.0
2020-10-27,BRFS3,17.43,207127837.0
2020-10-28,BRFS3,17.0,152985821.0
2020-10-29,BRFS3,16.92,151509027.0
2020-10-30,BRFS3,16.78,179344725.0
2020-11-03,BRFS3,17.08,163234926.0
2020-11-04,BRFS3,17.24,76666524.0
2020-11-05,BRFS3,17.71,135955341.0
2020-11-06,BRFS3,17.8,94294755.0
2020-11-09,BRFS3,18.5,224071696.0
2020-11-10,BRFS3,19.6,520959262.0
2020-11-11,BRFS3,19.28,175170052.0
2020-11-12,BRFS3,19.23,195169683.0
2020-11-13,BRFS3,19.79,145780694.0
2020-11-16,BRFS3,19.98,210315011.0
2020-11-17,BRFS3,20.68,193856829.0
2020-11-18,BRFS3,21.32,314548558.0
2020-11-19,BRFS3,20.79,190038946.0
2020-11-20,BRFS3,20.8,92839628.0
2020-11-23,BRFS3,22.03,321128594.0
2020-11-24,BRFS3,22.37,182649139.0
2020-11-25,BRFS3,22.3,184070020.0
2020-11-26,BRFS3,21.95,106937463.0
2020-11-27,BRFS3,21.89,94791764.0
2020-11-30,BRFS3,22.03,183299861.0
2020-12-01,BRFS3,21.64,230790828.0
2020-12-02,BRFS3,21.4,193906299.0
2019-01-04,BRKM5,48.06,84794339.0
2019-01-07,BRKM5,47.72,39429309.0
2019-01-08,BRKM5,47.69,51818887.0
2019-01-09,BRKM5,48.01,57252569.0
2019-01-10,BRKM5,47.51,105938285.0
2019-01-11,BRKM5,48.18,112852249.0
2019-01-14,BRKM5,48.28,104288591.0
2019-01-15,BRKM5,48.33,51221672.0
2019-01-16,BRKM5,48.2,70104008.0
2019-01-17,BRKM5,47.37,130300953.0
2019-01-18,BRKM5,46.29,259086605.0
2019-01-21,BRKM5,46.92,59894443.0
2019-01-22,BRKM5,48.35,208662387.0
2019-01-23,BRKM5,48.67,88077243.0
2019-01-24,BRKM5,49.45,70834099.0
2019-01-28,BRKM5,50.36,66990734.0
2019-01-29,BRKM5,50.31,103390180.0
2019-01-30,BRKM5,51.78,211114944.0
2019-01-31,BRKM5,52.26,151712872.0
2019-02-01,BRKM5,52.3,112038619.0
2019-02-04,BRKM5,52.8,62745104.0
2019-02-05,BRKM5,53.79,78664534.0
2019-02-06,BRKM5,53.12,153363131.0
2019-02-07,BRKM5,52.3,92306837.0
2019-02-08,BRKM5,52.08,108989529.0
2019-02-11,BRKM5,53.97,142374144.0
2019-02-12,BRKM5,54.94,113664253.0
2019-02-13,BRKM5,55.38,116434021.0
2019-02-14,BRKM5,55.73,73884729.0
2019-02-15,BRKM5,55.58,58610490.0
2019-02-18,BRKM5,54.87,32427330.0
2019-02-19,BRKM5,55.86,44818545.0
2019-02-20,BRKM5,55.36,67431171.0
2019-02-21,BRKM5,55.0,117019192.0
2019-02-22,BRKM5,55.95,46474215.0
2019-02-25,BRKM5,55.94,41824835.0
2019-02-26,BRKM5,56.03,70647183.0
2019-02-27,BRKM5,55.22,62316084.0
2019-02-28,BRKM5,54.4,77743934.0
2019-03-01,BRKM5,55.05,71913131.0
2019-03-06,BRKM5,54.65,33923357.0
2019-03-07,BRKM5,54.5,58631237.0
2019-03-08,BRKM5,54.98,107856971.0
2019-03-11,BRKM5,55.29,84530954.0
2019-03-12,BRKM5,54.45,53570647.0
2019-03-13,BRKM5,54.67,83557233.0
2019-03-14,BRKM5,55.35,166592020.0
2019-03-15,BRKM5,54.61,89613427.0
2019-03-18,BRKM5,54.66,41824170.0
2019-03-19,BRKM5,53.75,58206777.0
2019-03-20,BRKM5,53.07,80713474.0
2019-03-21,BRKM5,52.19,106938971.0
2019-03-22,BRKM5,51.89,97760528.0
2019-03-25,BRKM5,51.2,45158884.0
2019-03-26,BRKM5,51.58,50908428.0
2019-03-27,BRKM5,49.93,91173919.0
2019-03-28,BRKM5,51.4,78812924.0
2019-03-29,BRKM5,50.9,67372917.0
2019-04-01,BRKM5,51.73,52861749.0
2019-04-02,BRKM5,49.7,87024990.0
2019-05-03,BRKM5,46.09,62680829.0
2019-05-06,BRKM5,45.17,118149430.0
2019-05-07,BRKM5,44.07,101961970.0
2019-05-08,BRKM5,43.75,107511846.0
2019-05-09,BRKM5,40.53,188892170.0
2019-05-10,BRKM5,40.05,112644283.0
2019-05-13,BRKM5,37.25,132191977.0
2019-05-14,BRKM5,38.59,171754535.0
2019-05-15,BRKM5,38.55,157295403.0
2019-05-16,BRKM5,37.69,104273397.0
2019-05-17,BRKM5,36.69,127078792.0
2019-05-20,BRKM5,40.4,134755527.0
2019-05-21,BRKM5,43.15,261364178.0
2019-05-22,BRKM5,42.5,108379777.0
2019-05-23,BRKM5,42.82,52253319.0
2019-05-24,BRKM5,41.15,105338776.0
2019-05-27,BRKM5,41.3,36117698.0
2019-05-28,BRKM5,42.18,134375210.0
2019-05-29,BRKM5,42.31,82082269.0
2019-05-30,BRKM5,41.11,70938950.0
2019-05-31,BRKM5,42.78,153739342.0
2019-06-03,BRKM5,41.2,100038420.0
2019-06-04,BRKM5,34.15,690040044.0
2019-06-05,BRKM5,34.1,418562457.0
2019-06-06,BRKM5,33.3,227341427.0
2019-06-07,BRKM5,32.76,111717480.0
2019-06-10,BRKM5,32.87,105340438.0
2019-06-11,BRKM5,34.1,133365171.0
2019-06-12,BRKM5,34.24,121750342.0
2019-06-13,BRKM5,35.25,218746012.0
2019-06-14,BRKM5,34.55,108373603.0
2019-06-17,BRKM5,33.95,88472621.0
2019-06-18,BRKM5,35.55,223054492.0
2019-06-19,BRKM5,35.8,92701107.0
2019-06-21,BRKM5,35.5,99856224.0
2019-06-24,BRKM5,36.17,77987370.0
2019-06-25,BRKM5,35.69,72543785.0
2019-06-26,BRKM5,35.73,65594426.0
2019-06-27,BRKM5,34.9,76649250.0
2019-06-28,BRKM5,35.03,52525264.0
2019-07-01,BRKM5,35.03,61200144.0
2019-07-02,BRKM5,35.09,59620790.0
2019-07-03,BRKM5,35.29,67489978.0
2019-07-04,BRKM5,36.55,122148889.0
2019-07-05,BRKM5,37.31,105139448.0
2019-07-08,BRKM5,37.32,70693195.0
2019-07-10,BRKM5,36.94,137916295.0
2019-07-11,BRKM5,36.73,63378741.0
2019-07-12,BRKM5,36.71,165793647.0
2019-07-15,BRKM5,36.81,80808066.0
2019-07-16,BRKM5,35.93,106625799.0
2019-07-17,BRKM5,35.9,53169460.0
2019-07-18,BRKM5,36.1,54597128.0
2019-07-19,BRKM5,35.95,35917949.0
2019-07-22,BRKM5,35.29,60034056.0
2019-07-23,BRKM5,35.1,54780768.0
2019-07-24,BRKM5,34.99,35304900.0
2019-07-25,BRKM5,34.9,44358688.0
2019-07-26,BRKM5,34.85,29855645.0
2019-07-29,BRKM5,34.14,67198485.0
2019-07-30,BRKM5,34.12,31623999.0
2019-07-31,BRKM5,34.04,97154916.0
2019-08-01,BRKM5,33.62,60446639.0
2019-08-02,BRKM5,33.15,67429586.0
2019-09-02,BRKM5,28.05,28742753.0
2019-09-03,BRKM5,27.48,54157745.0
2019-09-04,BRKM5,28.87,87106981.0
2019-09-05,BRKM5,28.55,61262458.0
2019-09-06,BRKM5,28.6,54052612.0
2019-09-09,BRKM5,29.74,90990361.0
2019-09-10,BRKM5,29.8,61404547.0
2019-09-11,BRKM5,30.0,50346688.0
2019-09-12,BRKM5,30.06,75475963.0
2019-09-13,BRKM5,29.78,59071922.0
2019-09-16,BRKM5,29.63,54856358.0
2019-09-17,BRKM5,30.48,115385147.0
2019-09-18,BRKM5,31.54,107637019.0
2019-09-19,BRKM5,30.76,83523576.0
2019-09-20,BRKM5,32.39,365473852.0
2019-09-23,BRKM5,32.83,115819785.0
2019-09-24,BRKM5,32.16,84008657.0
2019-09-25,BRKM5,32.35,51301691.0
2019-09-26,BRKM5,32.43,62756741.0
2019-09-27,BRKM5,32.69,43594563.0
2019-09-30,BRKM5,32.52,47977997.0
2019-10-01,BRKM5,31.72,67114454.0
2019-10-02,BRKM5,30.74,69371589.0
2019-10-03,BRKM5,30.61,57219028.0
2019-10-04,BRKM5,29.86,38533038.0
2019-10-07,BRKM5,28.8,95862038.0
2019-10-08,BRKM5,27.99,144886247.0
2019-10-09,BRKM5,28.47,42388722.0
2019-10-10,BRKM5,28.38,66606969.0
2019-10-11,BRKM5,29.19,84133325.0
2019-10-14,BRKM5,29.33,29227105.0
2019-10-15,BRKM5,29.46,38335364.0
2019-10-16,BRKM5,29.49,35658920.0
2019-10-17,BRKM5,29.1,53051181.0
2019-10-18,BRKM5,28.55,87175041.0
2019-10-21,BRKM5,28.69,51542146.0
2019-10-22,BRKM5,28.06,154242908.0
2019-10-23,BRKM5,28.56,76472632.0
2019-10-24,BRKM5,27.65,84701522.0
2019-10-25,BRKM5,27.58,102489443.0
2019-10-28,BRKM5,27.93,34555971.0
2019-10-29,BRKM5,27.85,35830441.0
2019-10-30,BRKM5,27.81,44826194.0
2019-10-31,BRKM5,27.7,43916787.0
2019-11-01,BRKM5,27.87,51832554.0
2019-11-04,BRKM5,28.53,54010107.0
2019-11-05,BRKM5,29.61,106781804.0
2019-11-06,BRKM5,29.0,94979677.0
2019-11-07,BRKM5,30.72,265955137.0
2019-11-08,BRKM5,31.25,179496162.0
2019-11-11,BRKM5,31.4,84814600.0
2019-11-12,BRKM5,30.36,98145084.0
2019-11-13,BRKM5,30.49,39961329.0
2019-11-14,BRKM5,28.81,146215257.0
2019-11-18,BRKM5,28.53,80322376.0
2019-11-19,BRKM5,28.06,69252466.0
2019-11-21,BRKM5,27.58,90539185.0
2019-11-22,BRKM5,27.9,91151088.0
2019-11-25,BRKM5,27.85,42615880.0
2019-11-26,BRKM5,27.9,56898270.0
2019-11-27,BRKM5,27.76,39564623.0
2019-11-28,BRKM5,27.7,29546668.0
2019-11-29,BRKM5,27.99,59435985.0
2019-12-02,BRKM5,28.26,51819323.0
2020-01-02,BRKM5,30.4,82668326.0
2020-01-03,BRKM5,31.75,289926359.0
2020-01-06,BRKM5,33.4,194475612.0
2020-01-07,BRKM5,32.53,134146757.0
2020-01-08,BRKM5,34.16,244222162.0
2020-01-09,BRKM5,34.85,269983432.0
2020-01-10,BRKM5,34.45,128542669.0
2020-01-13,BRKM5,34.0,149386123.0
2020-01-14,BRKM5,34.27,97992427.0
2020-01-15,BRKM5,33.62,106959280.0
2020-01-16,BRKM5,34.08,100036418.0
2020-01-17,BRKM5,34.27,81239113.0
2020-01-20,BRKM5,34.43,80125572.0
2020-01-21,BRKM5,35.54,239317574.0
2020-01-22,BRKM5,36.36,126841445.0
2020-01-23,BRKM5,39.0,254852234.0
2020-01-24,BRKM5,37.63,190523059.0
2020-01-27,BRKM5,35.22,138942707.0
2020-01-28,BRKM5,34.17,127315504.0
2020-01-29,BRKM5,32.85,157560335.0
2020-01-30,BRKM5,31.8,197772963.0
2020-01-31,BRKM5,31.55,152311117.0
2020-02-03,BRKM5,33.45,154875129.0
2020-02-04,BRKM5,33.4,115154161.0
2020-02-05,BRKM5,34.31,135347047.0
2020-02-06,BRKM5,31.75,271205909.0
2020-02-07,BRKM5,31.78,124381654.0
2020-02-10,BRKM5,31.39,81632655.0
2020-02-11,BRKM5,32.16,75578906.0
2020-02-12,BRKM5,31.86,99607286.0
2020-02-13,BRKM5,30.83,105881392.0
2020-02-14,BRKM5,30.93,89888940.0
2020-02-17,BRKM5,31.2,51061976.0
2020-02-18,BRKM5,31.35,60429409.0
2020-02-19,BRKM5,31.9,69557548.0
2020-02-20,BRKM5,31.58,91983473.0
2020-02-21,BRKM5,30.6,83495135.0
2020-02-26,BRKM5,28.87,89789976.0
2020-02-27,BRKM5,27.4,137461392.0
2020-02-28,BRKM5,26.89,173610119.0
2020-03-02,BRKM5,27.5,101093865.0
2020-03-03,BRKM5,28.08,126728307.0
2020-03-04,BRKM5,28.98,75357668.0
2020-03-05,BRKM5,26.74,93343850.0
2020-03-06,BRKM5,25.07,114516482.0
2020-03-09,BRKM5,21.88,119633970.0
2020-03-10,BRKM5,25.12,113263954.0
2020-03-11,BRKM5,21.75,118634408.0
2020-03-12,BRKM5,16.5,132775670.0
2020-03-13,BRKM5,19.77,113990366.0
2020-03-16,BRKM5,16.98,87624209.0
2020-03-17,BRKM5,17.08,65452736.0
2020-03-18,BRKM5,12.9,115557958.0
2020-03-19,BRKM5,12.55,89765935.0
2020-03-20,BRKM5,11.8,83802019.0
2020-03-23,BRKM5,10.07,74242409.0
2020-03-24,BRKM5,11.4,52384587.0
2020-03-25,BRKM5,15.02,111222651.0
2020-03-26,BRKM5,19.23,200799137.0
2020-03-27,BRKM5,17.72,127894311.0
2020-03-30,BRKM5,17.7,65214690.0
2020-03-31,BRKM5,17.22,60294668.0
2020-04-01,BRKM5,16.27,54928968.0
2020-04-02,BRKM5,16.87,62245542.0
2020-05-04,BRKM5,21.1,40192345.0
2020-05-05,BRKM5,20.68,43088859.0
2020-05-06,BRKM5,20.1,80119340.0
2020-05-07,BRKM5,20.44,83134570.0
2020-05-08,BRKM5,20.38,45996374.0
2020-05-11,BRKM5,22.08,170284463.0
2020-05-12,BRKM5,20.47,126021175.0
2020-05-13,BRKM5,21.67,211036676.0
2020-05-14,BRKM5,22.17,97064639.0
2020-05-15,BRKM5,23.44,198752271.0
2020-05-18,BRKM5,26.95,299655366.0
2020-05-19,BRKM5,26.0,186022038.0
2020-05-20,BRKM5,26.17,125961482.0
2020-05-21,BRKM5,26.39,132933725.0
2020-05-22,BRKM5,25.99,78886784.0
2020-05-25,BRKM5,26.39,75863415.0
2020-05-26,BRKM5,26.47,79972186.0
2020-05-27,BRKM5,27.6,182765681.0
2020-05-28,BRKM5,29.0,175494731.0
2020-05-29,BRKM5,27.74,167247228.0
2020-06-01,BRKM5,27.92,74360091.0
2020-06-02,BRKM5,29.38,138141760.0
2020-06-03,BRKM5,27.95,270815481.0
2020-06-04,BRKM5,27.22,135948122.0
2020-06-05,BRKM5,27.24,93546953.0
2020-06-08,BRKM5,27.55,89187597.0
2020-06-09,BRKM5,27.0,73798803.0
2020-06-10,BRKM5,26.78,100916763.0
2020-06-12,BRKM5,24.7,210849864.0
2020-06-15,BRKM5,24.5,74562071.0
2020-06-16,BRKM5,25.07,64433935.0
2020-06-17,BRKM5,25.51,51532210.0
2020-06-18,BRKM5,25.61,40387105.0
2020-06-19,BRKM5,25.7,78513889.0
2020-06-22,BRKM5,24.83,102777451.0
2020-06-23,BRKM5,24.9,52277384.0
2020-06-24,BRKM5,23.79,77373091.0
2020-06-25,BRKM5,23.39,118579698.0
2020-06-26,BRKM5,22.91,100126601.0
2020-06-29,BRKM5,23.13,56752777.0
2020-06-30,BRKM5,23.22,76796998.0
2020-07-01,BRKM5,23.96,57423903.0
2020-07-02,BRKM5,23.65,55339529.0
2020-07-03,BRKM5,23.51,25543426.0
2020-07-06,BRKM5,24.13,31243132.0
2020-07-07,BRKM5,23.8,45674801.0
2020-07-08,BRKM5,25.35,165895799.0
2020-07-09,BRKM5,23.57,188939152.0
2020-07-10,BRKM5,23.6,90796576.0
2020-07-13,BRKM5,23.24,95656911.0
2020-07-14,BRKM5,23.7,65019360.0
2020-07-15,BRKM5,24.11,82576252.0
2020-07-16,BRKM5,24.24,81045910.0
2020-07-17,BRKM5,25.08,83090469.0
2020-07-20,BRKM5,25.11,46309511.0
2020-07-21,BRKM5,24.61,68035292.0
2020-07-22,BRKM5,24.22,43363169.0
2020-07-23,BRKM5,24.03,48089472.0
2020-07-24,BRKM5,24.14,31015057.0
2020-07-27,BRKM5,24.04,36481054.0
2020-07-28,BRKM5,23.8,28385569.0
2020-07-29,BRKM5,23.99,33093338.0
2020-07-30,BRKM5,23.81,21170973.0
2020-07-31,BRKM5,22.8,60751034.0
2020-09-02,BRKM5,21.31,49455673.0
2020-09-03,BRKM5,21.02,89882406.0
2020-09-04,BRKM5,21.88,86381911.0
2020-09-08,BRKM5,22.2,57291693.0
2020-09-09,BRKM5,22.17,44126627.0
2020-09-10,BRKM5,21.86,44964585.0
2020-09-11,BRKM5,21.63,38333073.0
2020-09-14,BRKM5,21.99,43621009.0
2020-09-15,BRKM5,22.3,56066336.0
2020-09-16,BRKM5,22.06,33447504.0
2020-09-17,BRKM5,22.62,69667057.0
2020-09-18,BRKM5,21.81,47041041.0
2020-09-21,BRKM5,22.13,83238683.0
2020-09-22,BRKM5,22.64,68259906.0
2020-09-23,BRKM5,21.24,71536651.0
2020-09-24,BRKM5,21.02,40427007.0
2020-09-25,BRKM5,20.78,47324102.0
2020-09-28,BRKM5,19.82,62692705.0
2020-09-29,BRKM5,20.04,68561405.0
2020-09-30,BRKM5,20.79,63397556.0
2020-10-01,BRKM5,21.32,47167847.0
2020-10-02,BRKM5,20.79,51382329.0
2020-10-05,BRKM5,21.05,24781361.0
2020-10-06,BRKM5,22.0,126935598.0
2020-10-07,BRKM5,22.22,61531123.0
2020-10-08,BRKM5,21.98,47062503.0
2020-10-09,BRKM5,21.32,42818383.0
2020-10-13,BRKM5,21.71,62173783.0
2020-10-14,BRKM5,21.45,47837125.0
2020-10-15,BRKM5,21.16,57261894.0
2020-10-16,BRKM5,22.34,103761132.0
2020-10-19,BRKM5,22.59,117446061.0
2020-10-20,BRKM5,23.25,137367385.0
2020-10-21,BRKM5,24.35,146634690.0
2020-10-22,BRKM5,24.38,91465721.0
2020-10-23,BRKM5,25.44,114002393.0
2020-10-26,BRKM5,24.63,85939753.0
2020-10-27,BRKM5,24.22,53662388.0
2020-10-28,BRKM5,23.4,75317104.0
2020-10-29,BRKM5,23.05,72302189.0
2020-10-30,BRKM5,22.84,57674555.0
2020-11-03,BRKM5,22.9,67523589.0
2020-11-04,BRKM5,22.31,73791819.0
2020-11-05,BRKM5,22.96,63171221.0
2020-11-06,BRKM5,24.2,69707781.0
2020-11-09,BRKM5,24.17,94626307.0
2020-11-10,BRKM5,25.42,107432659.0
2020-11-11,BRKM5,23.75,168996356.0
2020-11-12,BRKM5,23.63,79792960.0
2020-11-13,BRKM5,24.7,117770020.0
2020-11-16,BRKM5,23.93,114273710.0
2020-11-17,BRKM5,24.05,66192375.0
2020-11-18,BRKM5,23.59,56639291.0
2020-11-19,BRKM5,23.26,47481933.0
2020-11-20,BRKM5,23.02,26487400.0
2020-11-23,BRKM5,23.55,71891314.0
2020-11-24,BRKM5,23.7,78901270.0
2020-11-25,BRKM5,23.95,94936856.0
2020-11-26,BRKM5,23.57,71290642.0
2020-11-27,BRKM5,23.44,96538211.0
2020-11-30,BRKM5,22.6,712029804.0
2020-12-01,BRKM5,23.42,76079215.0
2020-12-02,BRKM5,22.28,176046849.0
2019-01-04,BRML3,13.29,149548487.0
2019-01-07,BRML3,13.21,60040374.0
2019-01-08,BRML3,13.23,59513306.0
2019-01-09,BRML3,13.44,102976177.0
2019-01-10,BRML3,13.34,75253153.0
2019-01-11,BRML3,13.23,91932045.0
2019-01-14,BRML3,13.3,86678774.0
2019-01-15,BRML3,13.28,67702190.0
2019-01-16,BRML3,13.2,64585344.0
2019-01-17,BRML3,13.49,202425467.0
2019-01-18,BRML3,13.59,126256382.0
2019-01-21,BRML3,13.52,49114187.0
2019-01-22,BRML3,13.51,108352092.0
2019-01-23,BRML3,13.84,164999164.0
2019-01-24,BRML3,14.26,232395921.0
2019-01-28,BRML3,14.33,119183888.0
2019-01-29,BRML3,14.5,122181665.0
2019-01-30,BRML3,14.5,80580038.0
2019-01-31,BRML3,14.55,180161348.0
2019-02-01,BRML3,14.3,79362412.0
2019-02-04,BRML3,14.4,76539228.0
2019-02-05,BRML3,14.38,62172117.0
2019-02-06,BRML3,14.1,79817309.0
2019-02-07,BRML3,13.85,78647822.0
2019-02-08,BRML3,13.91,207039725.0
2019-02-11,BRML3,13.74,52725796.0
2019-02-12,BRML3,13.56,150665777.0
2019-02-13,BRML3,13.6,115861304.0
2019-02-14,BRML3,13.9,112351241.0
2019-02-15,BRML3,13.82,74351442.0
2019-02-18,BRML3,13.85,53337594.0
2019-02-19,BRML3,13.92,52646198.0
2019-02-20,BRML3,13.52,98459497.0
2019-02-21,BRML3,13.49,80693171.0
2019-02-22,BRML3,13.52,87587942.0
2019-02-25,BRML3,13.67,55478628.0
2019-02-26,BRML3,13.6,74092384.0
2019-02-27,BRML3,13.52,125819591.0
2019-02-28,BRML3,13.39,83209807.0
2019-03-01,BRML3,13.11,68625934.0
2019-03-06,BRML3,12.9,62302340.0
2019-03-07,BRML3,12.96,78648713.0
2019-03-08,BRML3,13.24,61956069.0
2019-03-11,BRML3,13.52,79510974.0
2019-03-12,BRML3,13.46,46689148.0
2019-03-13,BRML3,13.61,103567967.0
2019-03-14,BRML3,13.47,51873714.0
2019-03-15,BRML3,13.17,126227725.0
2019-03-18,BRML3,13.01,124864992.0
2019-03-19,BRML3,12.88,96874297.0
2019-03-20,BRML3,12.86,115057588.0
2019-03-21,BRML3,12.73,83816342.0
2019-03-22,BRML3,12.51,115324856.0
2019-03-25,BRML3,12.63,81756082.0
2019-03-26,BRML3,12.64,78213111.0
2019-03-27,BRML3,12.15,103542172.0
2019-03-28,BRML3,12.45,103176040.0
2019-03-29,BRML3,12.57,108041953.0
2019-04-01,BRML3,12.46,42747883.0
2019-04-02,BRML3,12.64,30388665.0
2019-05-03,BRML3,12.65,98588889.0
2019-05-06,BRML3,12.44,46122652.0
2019-05-07,BRML3,12.1,84142043.0
2019-05-08,BRML3,12.19,71966633.0
2019-05-09,BRML3,12.25,72118824.0
2019-05-10,BRML3,12.2,58171806.0
2019-05-13,BRML3,11.8,71101454.0
2019-05-14,BRML3,11.92,72364419.0
2019-05-15,BRML3,11.79,68137353.0
2019-05-16,BRML3,11.62,75823021.0
2019-05-17,BRML3,11.46,61200011.0
2019-05-20,BRML3,11.86,93262580.0
2019-05-21,BRML3,12.21,94549673.0
2019-05-22,BRML3,12.1,48734600.0
2019-05-23,BRML3,12.1,56573952.0
2019-05-24,BRML3,12.07,155682142.0
2019-05-27,BRML3,12.13,60098831.0
2019-05-28,BRML3,12.41,155706799.0
2019-05-29,BRML3,12.61,66036667.0
2019-05-30,BRML3,12.84,89077458.0
2019-05-31,BRML3,12.81,123008804.0
2019-06-03,BRML3,12.69,66931045.0
2019-06-04,BRML3,12.95,64264526.0
2019-06-05,BRML3,12.69,75988824.0
2019-06-06,BRML3,12.83,47668635.0
2019-06-07,BRML3,13.38,81890758.0
2019-06-10,BRML3,13.35,70158979.0
2019-06-11,BRML3,13.29,53511727.0
2019-06-12,BRML3,13.4,63402922.0
2019-06-13,BRML3,13.97,137319468.0
2019-06-14,BRML3,14.08,177273719.0
2019-06-17,BRML3,14.0,60722507.0
2019-06-18,BRML3,14.09,112460945.0
2019-06-19,BRML3,14.07,84835763.0
2019-06-21,BRML3,14.62,132727926.0
2019-06-24,BRML3,14.47,107960162.0
2019-06-25,BRML3,14.15,106066964.0
2019-06-26,BRML3,14.11,57302880.0
2019-06-27,BRML3,14.03,58924521.0
2019-06-28,BRML3,14.33,65427891.0
2019-07-01,BRML3,14.12,64544927.0
2019-07-02,BRML3,14.06,66357142.0
2019-07-03,BRML3,14.25,92554220.0
2019-07-04,BRML3,14.49,72909080.0
2019-07-05,BRML3,14.8,62711031.0
2019-07-08,BRML3,14.87,90386661.0
2019-07-10,BRML3,15.46,128897419.0
2019-07-11,BRML3,14.93,130324058.0
2019-07-12,BRML3,14.88,99315954.0
2019-07-15,BRML3,14.73,59819504.0
2019-07-16,BRML3,14.54,92126800.0
2019-07-17,BRML3,14.72,159976216.0
2019-07-18,BRML3,14.64,812620877.0
2019-07-19,BRML3,14.45,65065507.0
2019-07-22,BRML3,14.3,60669744.0
2019-07-23,BRML3,14.19,84758645.0
2019-07-24,BRML3,14.32,95675276.0
2019-07-25,BRML3,14.24,76055180.0
2019-07-26,BRML3,14.25,59752429.0
2019-07-29,BRML3,14.92,128925259.0
2019-07-30,BRML3,15.21,123350031.0
2019-07-31,BRML3,15.01,134776556.0
2019-08-01,BRML3,14.95,162103105.0
2019-08-02,BRML3,15.06,72560286.0
2019-09-02,BRML3,13.8,99153823.0
2019-09-03,BRML3,13.61,76432311.0
2019-09-04,BRML3,13.58,87883408.0
2019-09-05,BRML3,13.69,104010751.0
2019-09-06,BRML3,13.58,73863232.0
2019-09-09,BRML3,13.23,94479287.0
2019-09-10,BRML3,13.32,67745014.0
2019-09-11,BRML3,13.88,96186666.0
2019-09-12,BRML3,13.59,178101520.0
2019-09-13,BRML3,13.3,64456478.0
2019-09-16,BRML3,13.34,66206841.0
2019-09-17,BRML3,13.73,108158785.0
2019-09-18,BRML3,13.88,56838993.0
2019-09-19,BRML3,14.33,178688491.0
2019-09-20,BRML3,14.49,141028872.0
2019-09-23,BRML3,14.45,50554928.0
2019-09-24,BRML3,14.58,66565350.0
2019-09-25,BRML3,14.47,72444749.0
2019-09-26,BRML3,14.52,77040655.0
2019-09-27,BRML3,14.36,94553301.0
2019-09-30,BRML3,14.41,176749859.0
2019-10-01,BRML3,14.21,92060167.0
2019-10-02,BRML3,13.89,86104185.0
2019-10-03,BRML3,14.08,86604245.0
2019-10-04,BRML3,14.16,74364270.0
2019-10-07,BRML3,13.81,77160089.0
2019-10-08,BRML3,13.8,47800820.0
2019-10-09,BRML3,14.16,54854606.0
2019-10-10,BRML3,13.91,93517867.0
2019-10-11,BRML3,14.24,53222465.0
2019-10-14,BRML3,14.39,52857795.0
2019-10-15,BRML3,14.7,98847378.0
2019-10-16,BRML3,14.96,116948080.0
2019-10-17,BRML3,15.07,67345788.0
2019-10-18,BRML3,15.17,80985074.0
2019-10-21,BRML3,15.27,75015624.0
2019-10-22,BRML3,15.09,90235008.0
2019-10-23,BRML3,15.02,98264467.0
2019-10-24,BRML3,15.05,96404350.0
2019-10-25,BRML3,15.13,62417690.0
2019-10-28,BRML3,15.35,84922733.0
2019-10-29,BRML3,15.15,113733729.0
2019-10-30,BRML3,15.34,91814250.0
2019-10-31,BRML3,15.35,76227642.0
2019-11-01,BRML3,15.47,88254914.0
2019-11-04,BRML3,15.43,81332018.0
2019-11-05,BRML3,15.2,99154247.0
2019-11-06,BRML3,15.39,83074858.0
2019-11-07,BRML3,15.41,35255865.0
2019-11-08,BRML3,15.16,64190770.0
2019-11-11,BRML3,15.29,61215135.0
2019-11-12,BRML3,15.07,83226454.0
2019-11-13,BRML3,15.09,102298719.0
2019-11-14,BRML3,15.78,225644373.0
2019-11-18,BRML3,15.66,277152881.0
2019-11-19,BRML3,15.5,68413149.0
2019-11-21,BRML3,15.67,126178619.0
2019-11-22,BRML3,15.72,102456613.0
2019-11-25,BRML3,15.7,98542549.0
2019-11-26,BRML3,15.73,153952547.0
2019-11-27,BRML3,15.41,119386660.0
2019-11-28,BRML3,15.72,95597168.0
2019-11-29,BRML3,15.57,111801292.0
2019-12-02,BRML3,16.18,179579116.0
2020-01-02,BRML3,18.22,116806475.0
2020-01-03,BRML3,18.63,137249671.0
2020-01-06,BRML3,18.5,118179296.0
2020-01-07,BRML3,18.8,124997424.0
2020-01-08,BRML3,18.25,207725124.0
2020-01-09,BRML3,18.51,119760272.0
2020-01-10,BRML3,18.64,113364261.0
2020-01-13,BRML3,19.04,99356459.0
2020-01-14,BRML3,19.22,188628036.0
2020-01-15,BRML3,19.13,116109655.0
2020-01-16,BRML3,18.75,125542881.0
2020-01-17,BRML3,18.97,75344616.0
2020-01-20,BRML3,18.97,66747106.0
2020-01-21,BRML3,18.39,130334036.0
2020-01-22,BRML3,18.47,163356603.0
2020-01-23,BRML3,18.86,192378707.0
2020-01-24,BRML3,18.74,112695879.0
2020-01-27,BRML3,18.44,100157922.0
2020-01-28,BRML3,18.8,123797794.0
2020-01-29,BRML3,18.96,176764446.0
2020-01-30,BRML3,18.76,233728429.0
2020-01-31,BRML3,18.4,162918910.0
2020-02-03,BRML3,19.05,157998571.0
2020-02-04,BRML3,19.18,96446177.0
2020-02-05,BRML3,19.1,194824089.0
2020-02-06,BRML3,18.34,245237777.0
2020-02-07,BRML3,18.04,187437578.0
2020-02-10,BRML3,17.87,188231150.0
2020-02-11,BRML3,18.24,187328696.0
2020-02-12,BRML3,18.56,207690675.0
2020-02-13,BRML3,18.4,114610084.0
2020-02-14,BRML3,18.08,105729576.0
2020-02-17,BRML3,17.76,87461602.0
2020-02-18,BRML3,17.67,163812113.0
2020-02-19,BRML3,17.95,115646303.0
2020-02-20,BRML3,17.66,106241414.0
2020-02-21,BRML3,17.87,101896763.0
2020-02-26,BRML3,16.68,200638240.0
2020-02-27,BRML3,16.33,335123979.0
2020-02-28,BRML3,16.34,332699032.0
2020-03-02,BRML3,16.75,220948271.0
2020-03-03,BRML3,16.54,180567574.0
2020-03-04,BRML3,16.98,138834918.0
2020-03-05,BRML3,15.84,396296967.0
2020-03-06,BRML3,15.01,317997614.0
2020-03-09,BRML3,13.85,227146148.0
2020-03-10,BRML3,14.29,273917441.0
2020-03-11,BRML3,12.48,226682422.0
2020-03-12,BRML3,11.3,128933372.0
2020-03-13,BRML3,11.93,286471746.0
2020-03-16,BRML3,9.96,176467329.0
2020-03-17,BRML3,10.51,276472621.0
2020-03-18,BRML3,8.0,254639634.0
2020-03-19,BRML3,8.8,261880531.0
2020-03-20,BRML3,8.27,330347516.0
2020-03-23,BRML3,7.9,144919717.0
2020-03-24,BRML3,8.94,207734779.0
2020-03-25,BRML3,9.96,256313329.0
2020-03-26,BRML3,11.49,251293496.0
2020-03-27,BRML3,10.9,155371727.0
2020-03-30,BRML3,10.8,178968439.0
2020-03-31,BRML3,9.98,149722108.0
2020-04-01,BRML3,9.46,217517361.0
2020-04-02,BRML3,9.53,156740426.0
2020-05-04,BRML3,9.35,155101889.0
2020-05-05,BRML3,9.1,69560879.0
2020-05-06,BRML3,8.74,136114733.0
2020-05-07,BRML3,8.14,214550947.0
2020-05-08,BRML3,8.18,121520512.0
2020-05-11,BRML3,7.95,105304655.0
2020-05-12,BRML3,7.82,237477806.0
2020-05-13,BRML3,7.99,141437718.0
2020-05-14,BRML3,8.61,166264445.0
2020-05-15,BRML3,8.4,115165161.0
2020-05-18,BRML3,9.0,121407285.0
2020-05-19,BRML3,9.05,152684415.0
2020-05-20,BRML3,9.47,183637189.0
2020-05-21,BRML3,10.21,291500721.0
2020-05-22,BRML3,9.65,98988047.0
2020-05-25,BRML3,10.18,120927151.0
2020-05-26,BRML3,10.03,183010253.0
2020-05-27,BRML3,10.46,143632467.0
2020-05-28,BRML3,9.95,148136640.0
2020-05-29,BRML3,9.81,189655110.0
2020-06-01,BRML3,10.43,122537073.0
2020-06-02,BRML3,10.42,220012095.0
2020-06-03,BRML3,11.23,245480923.0
2020-06-04,BRML3,10.97,118227494.0
2020-06-05,BRML3,10.9,217907975.0
2020-06-08,BRML3,11.44,180596759.0
2020-06-09,BRML3,11.77,277460490.0
2020-06-10,BRML3,11.16,306222885.0
2020-06-12,BRML3,10.79,198564309.0
2020-06-15,BRML3,10.5,141248250.0
2020-06-16,BRML3,10.37,114929998.0
2020-06-17,BRML3,10.64,149313086.0
2020-06-18,BRML3,10.56,130041593.0
2020-06-19,BRML3,10.72,190049235.0
2020-06-22,BRML3,10.6,116834962.0
2020-06-23,BRML3,10.48,96517454.0
2020-06-24,BRML3,10.34,125280011.0
2020-06-25,BRML3,10.2,117462339.0
2020-06-26,BRML3,9.64,178425320.0
2020-06-29,BRML3,10.15,154106160.0
2020-06-30,BRML3,10.08,156870777.0
2020-07-01,BRML3,10.39,111876065.0
2020-07-02,BRML3,10.3,89850433.0
2020-07-03,BRML3,10.48,55045427.0
2020-07-06,BRML3,10.93,127115880.0
2020-07-07,BRML3,10.74,91153991.0
2020-07-08,BRML3,10.87,123882354.0
2020-07-09,BRML3,11.03,105533219.0
2020-07-10,BRML3,11.27,111217489.0
2020-07-13,BRML3,10.81,105158838.0
2020-07-14,BRML3,10.85,107150335.0
2020-07-15,BRML3,11.05,167485064.0
2020-07-16,BRML3,11.01,136456117.0
2020-07-17,BRML3,11.33,142963970.0
2020-07-20,BRML3,11.5,132460938.0
2020-07-21,BRML3,11.49,203944392.0
2020-07-22,BRML3,10.93,251027613.0
2020-07-23,BRML3,10.42,138977601.0
2020-07-24,BRML3,10.3,107080704.0
2020-07-27,BRML3,10.13,125327117.0
2020-07-28,BRML3,10.31,123870875.0
2020-07-29,BRML3,10.34,104175395.0
2020-07-30,BRML3,10.3,65140458.0
2020-07-31,BRML3,9.9,142072144.0
2020-09-02,BRML3,9.56,136419480.0
2020-09-03,BRML3,9.34,191876282.0
2020-09-04,BRML3,9.45,161523663.0
2020-09-08,BRML3,9.86,273140210.0
2020-09-09,BRML3,9.66,154768581.0
2020-09-10,BRML3,9.47,121129252.0
2020-09-11,BRML3,9.31,156508719.0
2020-09-14,BRML3,9.86,177207581.0
2020-09-15,BRML3,9.77,188758153.0
2020-09-16,BRML3,9.98,177497830.0
2020-09-17,BRML3,9.79,170712927.0
2020-09-18,BRML3,9.4,174942437.0
2020-09-21,BRML3,9.13,169607009.0
2020-09-22,BRML3,9.1,144023456.0
2020-09-23,BRML3,8.77,164202251.0
2020-09-24,BRML3,8.82,117266021.0
2020-09-25,BRML3,8.72,92118215.0
2020-09-28,BRML3,8.5,151769885.0
2020-09-29,BRML3,8.36,161899831.0
2020-09-30,BRML3,8.38,128232012.0
2020-10-01,BRML3,8.85,144367727.0
2020-10-02,BRML3,8.81,129902060.0
2020-10-05,BRML3,8.8,140521783.0
2020-10-06,BRML3,8.98,196264835.0
2020-10-07,BRML3,8.96,142909948.0
2020-10-08,BRML3,9.13,145784356.0
2020-10-09,BRML3,9.09,133109243.0
2020-10-13,BRML3,9.0,103964997.0
2020-10-14,BRML3,8.93,118873058.0
2020-10-15,BRML3,9.0,150653879.0
2020-10-16,BRML3,8.84,122567754.0
2020-10-19,BRML3,9.32,275610221.0
2020-10-20,BRML3,9.46,186929698.0
2020-10-21,BRML3,9.71,157506559.0
2020-10-22,BRML3,9.48,146072553.0
2020-10-23,BRML3,9.43,77813312.0
2020-10-26,BRML3,9.09,148740284.0
2020-10-27,BRML3,8.81,130109603.0
2020-10-28,BRML3,8.24,186394292.0
2020-10-29,BRML3,8.37,313478580.0
2020-10-30,BRML3,8.16,174605346.0
2020-11-03,BRML3,7.92,139334336.0
2020-11-04,BRML3,8.3,118090280.0
2020-11-05,BRML3,8.78,144796618.0
2020-11-06,BRML3,9.05,135012883.0
2020-11-09,BRML3,10.14,539070943.0
2020-11-10,BRML3,10.04,297740118.0
2020-11-11,BRML3,10.05,235824004.0
2020-11-12,BRML3,9.6,281180658.0
2020-11-13,BRML3,9.6,244963094.0
2020-11-16,BRML3,9.8,186113376.0
2020-11-17,BRML3,9.79,123855242.0
2020-11-18,BRML3,9.58,149429070.0
2020-11-19,BRML3,9.46,98063597.0
2020-11-20,BRML3,9.2,72359682.0
2020-11-23,BRML3,9.33,109726766.0
2020-11-24,BRML3,9.99,210738130.0
2020-11-25,BRML3,10.16,119128087.0
2020-11-26,BRML3,10.18,62917805.0
2020-11-27,BRML3,10.23,122491396.0
2020-11-30,BRML3,9.79,140516497.0
2020-12-01,BRML3,10.2,138043033.0
2020-12-02,BRML3,10.34,108929319.0
2019-01-04,BTOW3,42.0,70441583.0
2019-01-07,BTOW3,40.14,101971490.0
2019-01-08,BTOW3,42.0,100422280.0
2019-01-09,BTOW3,44.78,231936512.0
2019-01-10,BTOW3,46.5,112488778.0
2019-01-11,BTOW3,45.08,127618943.0
2019-01-14,BTOW3,45.6,78800455.0
2019-01-15,BTOW3,46.25,84059514.0
2019-01-16,BTOW3,47.91,105079304.0
2019-01-17,BTOW3,46.75,119345817.0
2019-01-18,BTOW3,46.0,100778330.0
2019-01-21,BTOW3,44.5,125891105.0
2019-01-22,BTOW3,43.99,94469003.0
2019-01-23,BTOW3,44.45,109233965.0
2019-01-24,BTOW3,45.61,100084183.0
2019-01-28,BTOW3,45.97,136725712.0
2019-01-29,BTOW3,47.8,95159104.0
2019-01-30,BTOW3,48.12,123178023.0
2019-01-31,BTOW3,50.0,162801697.0
2019-02-01,BTOW3,48.08,193389330.0
2019-02-04,BTOW3,47.95,107422152.0
2019-02-05,BTOW3,46.0,169654690.0
2019-02-06,BTOW3,44.45,176764074.0
2019-02-07,BTOW3,44.1,126228972.0
2019-02-08,BTOW3,44.99,82213325.0
2019-02-11,BTOW3,44.35,70378925.0
2019-02-12,BTOW3,46.4,75703889.0
2019-02-13,BTOW3,46.37,90758780.0
2019-02-14,BTOW3,47.5,74040579.0
2019-02-15,BTOW3,47.35,68473303.0
2019-02-18,BTOW3,47.47,25620993.0
2019-02-19,BTOW3,47.55,107886081.0
2019-02-20,BTOW3,45.0,141136600.0
2019-02-21,BTOW3,44.26,112293846.0
2019-02-22,BTOW3,46.47,90105509.0
2019-02-25,BTOW3,47.23,129576421.0
2019-02-26,BTOW3,47.13,78987258.0
2019-02-27,BTOW3,48.3,104457312.0
2019-02-28,BTOW3,48.35,127930732.0
2019-03-01,BTOW3,49.31,115462471.0
2019-03-06,BTOW3,48.47,50643679.0
2019-03-07,BTOW3,48.02,71556812.0
2019-03-08,BTOW3,49.9,60925814.0
2019-03-11,BTOW3,50.48,44504009.0
2019-03-12,BTOW3,47.9,138774199.0
2019-03-13,BTOW3,46.28,126118342.0
2019-03-14,BTOW3,47.65,72161978.0
2019-03-15,BTOW3,46.95,69768406.0
2019-03-18,BTOW3,48.56,67427785.0
2019-03-19,BTOW3,49.9,101436912.0
2019-03-20,BTOW3,49.9,139850711.0
2019-03-21,BTOW3,46.75,208331180.0
2019-03-22,BTOW3,42.5,167840168.0
2019-03-25,BTOW3,41.19,112328829.0
2019-03-26,BTOW3,42.21,110217643.0
2019-03-27,BTOW3,39.16,219510340.0
2019-03-28,BTOW3,41.46,130722871.0
2019-03-29,BTOW3,42.22,177517643.0
2019-04-01,BTOW3,42.0,98450545.0
2019-04-02,BTOW3,41.29,84289106.0
2019-05-03,BTOW3,38.12,68536304.0
2019-05-06,BTOW3,38.8,48693577.0
2019-05-07,BTOW3,37.08,118430926.0
2019-05-08,BTOW3,37.4,80425920.0
2019-05-09,BTOW3,36.15,86313417.0
2019-05-10,BTOW3,33.8,261055994.0
2019-05-13,BTOW3,32.3,87307520.0
2019-05-14,BTOW3,32.0,164730796.0
2019-05-15,BTOW3,32.33,93639024.0
2019-05-16,BTOW3,32.02,88048316.0
2019-05-17,BTOW3,32.39,105149075.0
2019-05-20,BTOW3,33.91,86915836.0
2019-05-21,BTOW3,34.6,110630133.0
2019-05-22,BTOW3,33.3,57026314.0
2019-05-23,BTOW3,31.5,105437141.0
2019-05-24,BTOW3,30.43,110084788.0
2019-05-27,BTOW3,30.45,59530380.0
2019-05-28,BTOW3,32.45,157422098.0
2019-05-29,BTOW3,32.23,119932506.0
2019-05-30,BTOW3,32.42,98582524.0
2019-05-31,BTOW3,31.4,94902697.0
2019-06-03,BTOW3,30.7,91637535.0
2019-06-04,BTOW3,30.5,62627426.0
2019-06-05,BTOW3,29.98,78481124.0
2019-06-06,BTOW3,30.83,82084755.0
2019-06-07,BTOW3,31.07,103515404.0
2019-06-10,BTOW3,31.91,100139459.0
2019-06-11,BTOW3,33.3,88796461.0
2019-06-12,BTOW3,31.81,98719367.0
2019-06-13,BTOW3,32.29,60531363.0
2019-06-14,BTOW3,31.15,71171107.0
2019-06-17,BTOW3,31.43,92539980.0
2019-06-18,BTOW3,33.23,95905276.0
2019-06-19,BTOW3,34.15,104490754.0
2019-06-21,BTOW3,34.55,139784292.0
2019-06-24,BTOW3,33.9,115726587.0
2019-06-25,BTOW3,32.8,96004481.0
2019-06-26,BTOW3,32.79,75379823.0
2019-06-27,BTOW3,32.64,92684455.0
2019-06-28,BTOW3,32.72,58496985.0
2019-07-01,BTOW3,32.01,103840051.0
2019-07-02,BTOW3,31.84,74437480.0
2019-07-03,BTOW3,32.31,63188383.0
2019-07-04,BTOW3,34.28,116757014.0
2019-07-05,BTOW3,35.78,128461059.0
2019-07-08,BTOW3,36.47,129000047.0
2019-07-10,BTOW3,39.21,205399262.0
2019-07-11,BTOW3,39.52,214729554.0
2019-07-12,BTOW3,38.24,171591801.0
2019-07-15,BTOW3,37.13,106733521.0
2019-07-16,BTOW3,35.83,142674461.0
2019-07-17,BTOW3,36.87,140632228.0
2019-07-18,BTOW3,36.92,96399386.0
2019-07-19,BTOW3,35.98,60033796.0
2019-07-22,BTOW3,35.74,50965110.0
2019-07-23,BTOW3,35.02,121558703.0
2019-07-24,BTOW3,35.86,86510295.0
2019-07-25,BTOW3,35.49,91627237.0
2019-07-26,BTOW3,36.12,90404944.0
2019-07-29,BTOW3,36.95,92776408.0
2019-07-30,BTOW3,36.59,101509223.0
2019-07-31,BTOW3,37.94,211767691.0
2019-08-01,BTOW3,38.05,192998295.0
2019-08-02,BTOW3,38.35,96172189.0
2019-09-02,BTOW3,46.8,70563907.0
2019-09-03,BTOW3,45.9,83364514.0
2019-09-04,BTOW3,47.07,61775661.0
2019-09-05,BTOW3,46.6,74760377.0
2019-09-06,BTOW3,46.1,62685415.0
2019-09-09,BTOW3,43.5,184599053.0
2019-09-10,BTOW3,41.4,328983104.0
2019-09-11,BTOW3,42.75,152404864.0
2019-09-12,BTOW3,43.12,97368488.0
2019-09-13,BTOW3,41.75,126078614.0
2019-09-16,BTOW3,42.78,113369986.0
2019-09-17,BTOW3,43.41,80093624.0
2019-09-18,BTOW3,44.9,156731346.0
2019-09-19,BTOW3,47.48,214149819.0
2019-09-20,BTOW3,47.52,162653539.0
2019-09-23,BTOW3,47.29,76668964.0
2019-09-24,BTOW3,49.35,138260785.0
2019-09-25,BTOW3,47.5,145388788.0
2019-09-26,BTOW3,47.78,81804457.0
2019-09-27,BTOW3,48.83,73941714.0
2019-09-30,BTOW3,48.35,107971356.0
2019-10-01,BTOW3,48.61,158953400.0
2019-10-02,BTOW3,48.11,108753182.0
2019-10-03,BTOW3,48.1,87235646.0
2019-10-04,BTOW3,49.0,87857562.0
2019-10-07,BTOW3,48.87,93793867.0
2019-10-08,BTOW3,47.67,110755627.0
2019-10-09,BTOW3,49.49,118157622.0
2019-10-10,BTOW3,49.1,103094689.0
2019-10-11,BTOW3,53.0,277473051.0
2019-10-14,BTOW3,54.0,143259532.0
2019-10-15,BTOW3,54.8,171778037.0
2019-10-16,BTOW3,56.13,273394429.0
2019-10-17,BTOW3,54.85,132592264.0
2019-10-18,BTOW3,54.5,86135031.0
2019-10-21,BTOW3,54.5,137020106.0
2019-10-22,BTOW3,54.68,141250546.0
2019-10-23,BTOW3,54.37,87573036.0
2019-10-24,BTOW3,54.78,88830530.0
2019-10-25,BTOW3,53.97,87036490.0
2019-10-28,BTOW3,53.15,206176027.0
2019-10-29,BTOW3,52.18,310498096.0
2019-10-30,BTOW3,52.93,250737018.0
2019-10-31,BTOW3,50.8,272265221.0
2019-11-01,BTOW3,51.13,162514108.0
2019-11-04,BTOW3,50.54,94959435.0
2019-11-05,BTOW3,52.55,192954692.0
2019-11-06,BTOW3,54.26,118879025.0
2019-11-07,BTOW3,53.1,127048159.0
2019-11-08,BTOW3,52.08,175072162.0
2019-11-11,BTOW3,53.1,145467629.0
2019-11-12,BTOW3,52.29,98040328.0
2019-11-13,BTOW3,51.99,137245281.0
2019-11-14,BTOW3,54.21,137848306.0
2019-11-18,BTOW3,53.68,97369289.0
2019-11-19,BTOW3,53.96,110637428.0
2019-11-21,BTOW3,54.96,107139768.0
2019-11-22,BTOW3,55.98,105405061.0
2019-11-25,BTOW3,55.12,69857294.0
2019-11-26,BTOW3,53.42,139121117.0
2019-11-27,BTOW3,55.9,141935081.0
2019-11-28,BTOW3,55.16,98579724.0
2019-11-29,BTOW3,56.34,161038877.0
2019-12-02,BTOW3,58.8,199991802.0
2020-01-02,BTOW3,65.18,163121521.0
2020-01-03,BTOW3,64.3,171807460.0
2020-01-06,BTOW3,63.9,107819619.0
2020-01-07,BTOW3,63.74,88445986.0
2020-01-08,BTOW3,64.59,84307345.0
2020-01-09,BTOW3,68.04,135936219.0
2020-01-10,BTOW3,66.78,91576945.0
2020-01-13,BTOW3,69.17,92154442.0
2020-01-14,BTOW3,68.35,201383374.0
2020-01-15,BTOW3,70.11,139598367.0
2020-01-16,BTOW3,70.36,80177386.0
2020-01-17,BTOW3,71.26,62007131.0
2020-01-20,BTOW3,75.68,132297535.0
2020-01-21,BTOW3,76.56,288798445.0
2020-01-22,BTOW3,75.85,136746274.0
2020-01-23,BTOW3,75.35,129682268.0
2020-01-24,BTOW3,74.25,111068550.0
2020-01-27,BTOW3,72.13,110456223.0
2020-01-28,BTOW3,75.05,156886645.0
2020-01-29,BTOW3,75.44,120991511.0
2020-01-30,BTOW3,74.0,238936341.0
2020-01-31,BTOW3,71.2,231638083.0
2020-02-03,BTOW3,71.42,106583006.0
2020-02-04,BTOW3,73.45,87809554.0
2020-02-05,BTOW3,73.5,96604054.0
2020-02-06,BTOW3,71.5,101654071.0
2020-02-07,BTOW3,67.96,148005056.0
2020-02-10,BTOW3,65.77,150896483.0
2020-02-11,BTOW3,70.6,148652637.0
2020-02-12,BTOW3,70.93,174425816.0
2020-02-13,BTOW3,73.33,150214872.0
2020-02-14,BTOW3,70.6,181293802.0
2020-02-17,BTOW3,71.65,120205754.0
2020-02-18,BTOW3,72.0,114303147.0
2020-02-19,BTOW3,73.2,135583197.0
2020-02-20,BTOW3,70.99,180995777.0
2020-02-21,BTOW3,72.76,255006115.0
2020-02-26,BTOW3,65.68,244276259.0
2020-02-27,BTOW3,62.71,214469267.0
2020-02-28,BTOW3,62.15,422481338.0
2020-03-02,BTOW3,63.35,272739790.0
2020-03-03,BTOW3,66.51,328147824.0
2020-03-04,BTOW3,68.58,208515941.0
2020-03-05,BTOW3,62.35,239330567.0
2020-03-06,BTOW3,56.26,333288642.0
2020-03-09,BTOW3,49.25,309535820.0
2020-03-10,BTOW3,54.92,190257037.0
2020-03-11,BTOW3,51.79,273223460.0
2020-03-12,BTOW3,43.0,172956899.0
2020-03-13,BTOW3,54.78,314336149.0
2020-03-16,BTOW3,49.5,456252965.0
2020-03-17,BTOW3,53.7,254043228.0
2020-03-18,BTOW3,51.0,314617857.0
2020-03-19,BTOW3,48.67,380791047.0
2020-03-20,BTOW3,49.21,287754227.0
2020-03-23,BTOW3,45.34,161831454.0
2020-03-24,BTOW3,54.8,170742157.0
2020-03-25,BTOW3,60.0,230555882.0
2020-03-26,BTOW3,56.11,325040454.0
2020-03-27,BTOW3,51.28,221935110.0
2020-03-30,BTOW3,50.99,203658201.0
2020-03-31,BTOW3,48.0,247984187.0
2020-04-01,BTOW3,48.08,231734179.0
2020-04-02,BTOW3,49.74,181621975.0
2020-05-04,BTOW3,74.07,247564544.0
2020-05-05,BTOW3,74.86,237049861.0
2020-05-06,BTOW3,89.18,872771628.0
2020-05-07,BTOW3,90.2,774915245.0
2020-05-08,BTOW3,87.5,676683853.0
2020-05-11,BTOW3,86.94,286609945.0
2020-05-12,BTOW3,89.51,456355672.0
2020-05-13,BTOW3,91.41,412001625.0
2020-05-14,BTOW3,88.85,359831195.0
2020-05-15,BTOW3,86.07,314327959.0
2020-05-18,BTOW3,84.12,469216023.0
2020-05-19,BTOW3,92.16,530595592.0
2020-05-20,BTOW3,88.53,480561383.0
2020-05-21,BTOW3,86.6,575654408.0
2020-05-22,BTOW3,85.15,603002263.0
2020-05-25,BTOW3,87.38,347136825.0
2020-05-26,BTOW3,95.4,667175371.0
2020-05-27,BTOW3,94.0,559662454.0
2020-05-28,BTOW3,92.49,479922654.0
2020-05-29,BTOW3,91.62,424203648.0
2020-06-01,BTOW3,91.4,271277994.0
2020-06-02,BTOW3,89.19,514152665.0
2020-06-03,BTOW3,87.35,532242080.0
2020-06-04,BTOW3,86.03,373128641.0
2020-06-05,BTOW3,86.33,549338355.0
2020-06-08,BTOW3,93.0,462027648.0
2020-06-09,BTOW3,94.5,302841164.0
2020-06-10,BTOW3,99.7,600021401.0
2020-06-12,BTOW3,99.47,617551168.0
2020-06-15,BTOW3,101.9,323690108.0
2020-06-16,BTOW3,100.08,304281760.0
2020-06-17,BTOW3,106.2,491909700.0
2020-06-18,BTOW3,104.88,316294546.0
2020-06-19,BTOW3,104.0,400510919.0
2020-06-22,BTOW3,102.4,238295694.0
2020-06-23,BTOW3,103.3,357195841.0
2020-06-24,BTOW3,106.27,387279644.0
2020-06-25,BTOW3,105.25,218158286.0
2020-06-26,BTOW3,103.1,199365642.0
2020-06-29,BTOW3,106.15,223262612.0
2020-06-30,BTOW3,107.05,323584173.0
2020-07-01,BTOW3,112.02,353735932.0
2020-07-02,BTOW3,107.93,352629656.0
2020-07-03,BTOW3,108.86,169932919.0
2020-07-06,BTOW3,118.25,352090366.0
2020-07-07,BTOW3,117.1,264449727.0
2020-07-08,BTOW3,115.41,297115125.0
2020-07-09,BTOW3,120.18,310053479.0
2020-07-10,BTOW3,120.24,228968747.0
2020-07-13,BTOW3,117.0,263197491.0
2020-07-14,BTOW3,115.69,421993475.0
2020-07-15,BTOW3,113.99,335549012.0
2020-07-16,BTOW3,110.61,312006742.0
2020-07-17,BTOW3,115.48,436496686.0
2020-07-20,BTOW3,119.64,265130715.0
2020-07-21,BTOW3,119.23,454876348.0
2020-07-22,BTOW3,125.55,435160157.0
2020-07-23,BTOW3,120.0,337286359.0
2020-07-24,BTOW3,121.59,409520437.0
2020-07-27,BTOW3,120.5,294776810.0
2020-07-28,BTOW3,121.83,218964086.0
2020-07-29,BTOW3,123.41,310104513.0
2020-07-30,BTOW3,122.0,333530332.0
2020-07-31,BTOW3,119.32,427424886.0
2020-09-02,BTOW3,110.9,220818481.0
2020-09-03,BTOW3,102.5,752908401.0
2020-09-04,BTOW3,102.3,696572861.0
2020-09-08,BTOW3,99.36,307858853.0
2020-09-09,BTOW3,102.8,326915426.0
2020-09-10,BTOW3,100.18,266173019.0
2020-09-11,BTOW3,98.16,238296121.0
2020-09-14,BTOW3,100.47,211011329.0
2020-09-15,BTOW3,99.9,255351177.0
2020-09-16,BTOW3,98.5,172474298.0
2020-09-17,BTOW3,97.31,267766716.0
2020-09-18,BTOW3,94.19,331643148.0
2020-09-21,BTOW3,97.97,349255075.0
2020-09-22,BTOW3,94.25,303035484.0
2020-09-23,BTOW3,91.4,269464749.0
2020-09-24,BTOW3,95.15,363342180.0
2020-09-25,BTOW3,95.41,251188895.0
2020-09-28,BTOW3,91.23,349499745.0
2020-09-29,BTOW3,89.17,293546707.0
2020-09-30,BTOW3,89.98,310295931.0
2020-10-01,BTOW3,89.23,259062078.0
2020-10-02,BTOW3,87.34,263587962.0
2020-10-05,BTOW3,87.01,272304904.0
2020-10-06,BTOW3,89.13,362170940.0
2020-10-07,BTOW3,88.63,206557311.0
2020-10-08,BTOW3,87.2,338292233.0
2020-10-09,BTOW3,89.03,388721620.0
2020-10-13,BTOW3,95.02,566397382.0
2020-10-14,BTOW3,95.61,602519694.0
2020-10-15,BTOW3,94.54,303750261.0
2020-10-16,BTOW3,93.0,183668502.0
2020-10-19,BTOW3,90.16,193441745.0
2020-10-20,BTOW3,90.2,242640980.0
2020-10-21,BTOW3,89.15,190325221.0
2020-10-22,BTOW3,87.1,237637410.0
2020-10-23,BTOW3,86.7,216938272.0
2020-10-26,BTOW3,86.86,157383159.0
2020-10-27,BTOW3,85.65,181385680.0
2020-10-28,BTOW3,83.2,151606050.0
2020-10-29,BTOW3,82.65,250368697.0
2020-10-30,BTOW3,75.24,587836115.0
2020-11-03,BTOW3,75.98,648549463.0
2020-11-04,BTOW3,80.99,460838182.0
2020-11-05,BTOW3,84.03,467377511.0
2020-11-06,BTOW3,82.28,524198169.0
2020-11-09,BTOW3,79.69,581869338.0
2020-11-10,BTOW3,73.07,749795268.0
2020-11-11,BTOW3,74.73,533762317.0
2020-11-12,BTOW3,75.86,389717491.0
2020-11-13,BTOW3,75.27,270229750.0
2020-11-16,BTOW3,74.3,422359725.0
2020-11-17,BTOW3,76.32,380970067.0
2020-11-18,BTOW3,75.6,315229035.0
2020-11-19,BTOW3,74.63,331150780.0
2020-11-20,BTOW3,75.0,252137569.0
2020-11-23,BTOW3,73.86,217310485.0
2020-11-24,BTOW3,74.1,301557384.0
2020-11-25,BTOW3,74.8,269479387.0
2020-11-26,BTOW3,75.75,150715044.0
2020-11-27,BTOW3,76.61,219799213.0
2020-11-30,BTOW3,70.4,560198295.0
2020-12-01,BTOW3,69.76,385616959.0
2020-12-02,BTOW3,68.5,279381053.0
2019-01-04,CCRO3,12.25,79988678.0
2019-01-07,CCRO3,11.9,80531725.0
2019-01-08,CCRO3,12.24,96325762.0
2019-01-09,CCRO3,12.7,178553654.0
2019-01-10,CCRO3,12.91,167237486.0
2019-01-11,CCRO3,13.4,119866353.0
2019-01-14,CCRO3,14.0,210776732.0
2019-01-15,CCRO3,13.46,322115304.0
2019-01-16,CCRO3,13.45,465514443.0
2019-01-17,CCRO3,13.6,139578018.0
2019-01-18,CCRO3,13.5,101257835.0
2019-01-21,CCRO3,13.49,53046479.0
2019-01-22,CCRO3,13.4,95810050.0
2019-01-23,CCRO3,13.53,107794994.0
2019-01-24,CCRO3,14.28,231929515.0
2019-01-28,CCRO3,14.68,226445309.0
2019-01-29,CCRO3,15.65,293715382.0
2019-01-30,CCRO3,15.2,253343179.0
2019-01-31,CCRO3,14.88,270233908.0
2019-02-01,CCRO3,14.8,130248519.0
2019-02-04,CCRO3,14.84,68257465.0
2019-02-05,CCRO3,14.79,69549162.0
2019-02-06,CCRO3,13.87,218542632.0
2019-02-07,CCRO3,14.0,207439868.0
2019-02-08,CCRO3,14.17,143082138.0
2019-02-11,CCRO3,14.15,98400551.0
2019-02-12,CCRO3,14.19,167509629.0
2019-02-13,CCRO3,13.75,166754233.0
2019-02-14,CCRO3,14.12,148056578.0
2019-02-15,CCRO3,14.0,103278270.0
2019-02-18,CCRO3,14.21,50840767.0
2019-02-19,CCRO3,14.31,91698451.0
2019-02-20,CCRO3,13.95,120985568.0
2019-02-21,CCRO3,14.07,70906116.0
2019-02-22,CCRO3,14.09,49026183.0
2019-02-25,CCRO3,13.96,59265455.0
2019-02-26,CCRO3,14.0,51273839.0
2019-02-27,CCRO3,14.31,93245204.0
2019-02-28,CCRO3,14.23,90292367.0
2019-03-01,CCRO3,13.95,82281679.0
2019-03-06,CCRO3,13.51,103724816.0
2019-03-07,CCRO3,12.7,276627509.0
2019-03-08,CCRO3,12.79,263268745.0
2019-03-11,CCRO3,12.88,270844995.0
2019-03-12,CCRO3,13.17,167665253.0
2019-03-13,CCRO3,13.42,96455163.0
2019-03-14,CCRO3,13.35,81991852.0
2019-03-15,CCRO3,13.07,87710196.0
2019-03-18,CCRO3,12.96,76356617.0
2019-03-19,CCRO3,12.56,105878343.0
2019-03-20,CCRO3,12.4,137680445.0
2019-03-21,CCRO3,12.3,93064309.0
2019-03-22,CCRO3,11.69,163205258.0
2019-03-25,CCRO3,11.69,117308289.0
2019-03-26,CCRO3,11.75,128937155.0
2019-03-27,CCRO3,11.3,130158602.0
2019-03-28,CCRO3,11.79,104299385.0
2019-03-29,CCRO3,11.74,127407704.0
2019-04-01,CCRO3,11.74,69664589.0
2019-04-02,CCRO3,11.83,69194432.0
2019-05-03,CCRO3,11.98,71581692.0
2019-05-06,CCRO3,12.29,126166158.0
2019-05-07,CCRO3,12.2,163866252.0
2019-05-08,CCRO3,12.16,86922726.0
2019-05-09,CCRO3,12.12,87403958.0
2019-05-10,CCRO3,12.35,95460166.0
2019-05-13,CCRO3,12.14,100409918.0
2019-05-14,CCRO3,12.22,57499849.0
2019-05-15,CCRO3,12.05,77550626.0
2019-05-16,CCRO3,11.91,96302287.0
2019-05-17,CCRO3,11.77,91224752.0
2019-05-20,CCRO3,12.27,119550827.0
2019-05-21,CCRO3,12.8,141911562.0
2019-05-22,CCRO3,12.57,97002332.0
2019-05-23,CCRO3,12.55,110839800.0
2019-05-24,CCRO3,12.8,98992839.0
2019-05-27,CCRO3,13.15,68315554.0
2019-05-28,CCRO3,13.15,153213514.0
2019-05-29,CCRO3,13.12,126393873.0
2019-05-30,CCRO3,13.2,133495980.0
2019-05-31,CCRO3,13.37,168604929.0
2019-06-03,CCRO3,13.16,124152663.0
2019-06-04,CCRO3,13.19,159754494.0
2019-06-05,CCRO3,13.05,100571373.0
2019-06-06,CCRO3,13.18,86092744.0
2019-06-07,CCRO3,13.62,86667171.0
2019-06-10,CCRO3,13.71,145645407.0
2019-06-11,CCRO3,14.21,169073502.0
2019-06-12,CCRO3,14.09,176374017.0
2019-06-13,CCRO3,14.18,112662383.0
2019-06-14,CCRO3,14.0,103301161.0
2019-06-17,CCRO3,13.82,160954577.0
2019-06-18,CCRO3,14.0,97098107.0
2019-06-19,CCRO3,14.03,134089169.0
2019-06-21,CCRO3,14.52,176270824.0
2019-06-24,CCRO3,14.25,131404606.0
2019-06-25,CCRO3,13.95,109630767.0
2019-06-26,CCRO3,13.89,73673036.0
2019-06-27,CCRO3,13.72,99426265.0
2019-06-28,CCRO3,13.66,118561426.0
2019-07-01,CCRO3,13.6,65567456.0
2019-07-02,CCRO3,13.79,95346756.0
2019-07-03,CCRO3,13.93,98980176.0
2019-07-04,CCRO3,13.96,55614729.0
2019-07-05,CCRO3,14.15,88552126.0
2019-07-08,CCRO3,14.54,56662731.0
2019-07-10,CCRO3,14.85,92520497.0
2019-07-11,CCRO3,14.65,113524490.0
2019-07-12,CCRO3,15.05,134340725.0
2019-07-15,CCRO3,14.56,194246078.0
2019-07-16,CCRO3,14.78,89082330.0
2019-07-17,CCRO3,14.87,105146946.0
2019-07-18,CCRO3,14.84,222600101.0
2019-07-19,CCRO3,14.67,103100811.0
2019-07-22,CCRO3,14.8,56952210.0
2019-07-23,CCRO3,14.6,164705546.0
2019-07-24,CCRO3,14.76,104346333.0
2019-07-25,CCRO3,14.81,108879792.0
2019-07-26,CCRO3,14.99,100477887.0
2019-07-29,CCRO3,15.23,87713785.0
2019-07-30,CCRO3,15.16,99444644.0
2019-07-31,CCRO3,14.95,130047226.0
2019-08-01,CCRO3,15.44,162704300.0
2019-08-02,CCRO3,15.24,91466856.0
2019-09-02,CCRO3,16.3,41318791.0
2019-09-03,CCRO3,16.3,108935597.0
2019-09-04,CCRO3,16.75,72923901.0
2019-09-05,CCRO3,17.34,139060299.0
2019-09-06,CCRO3,16.6,125299978.0
2019-09-09,CCRO3,16.41,90118900.0
2019-09-10,CCRO3,16.85,92673427.0
2019-09-11,CCRO3,16.67,81340739.0
2019-09-12,CCRO3,17.05,74892750.0
2019-09-13,CCRO3,16.5,68498526.0
2019-09-16,CCRO3,16.66,73281802.0
2019-09-17,CCRO3,17.06,79828512.0
2019-09-18,CCRO3,17.21,52708976.0
2019-09-19,CCRO3,17.31,123942413.0
2019-09-20,CCRO3,17.17,190431921.0
2019-09-23,CCRO3,17.1,58312132.0
2019-09-24,CCRO3,16.59,141904364.0
2019-09-25,CCRO3,16.96,116205194.0
2019-09-26,CCRO3,16.7,102267972.0
2019-09-27,CCRO3,16.9,158495590.0
2019-09-30,CCRO3,17.25,103856723.0
2019-10-01,CCRO3,17.0,92186525.0
2019-10-02,CCRO3,16.82,124756827.0
2019-10-03,CCRO3,16.99,63515259.0
2019-10-04,CCRO3,16.98,56703170.0
2019-10-07,CCRO3,16.55,192417030.0
2019-10-08,CCRO3,16.72,155099144.0
2019-10-09,CCRO3,16.8,104471465.0
2019-10-10,CCRO3,16.82,71276869.0
2019-10-11,CCRO3,17.58,107770128.0
2019-10-14,CCRO3,17.43,76854557.0
2019-10-15,CCRO3,17.8,89129355.0
2019-10-16,CCRO3,17.86,102498688.0
2019-10-17,CCRO3,17.58,278649077.0
2019-10-18,CCRO3,17.92,184925366.0
2019-10-21,CCRO3,17.33,76628130.0
2019-10-22,CCRO3,17.4,93608170.0
2019-10-23,CCRO3,17.26,69970090.0
2019-10-24,CCRO3,17.4,102429951.0
2019-10-25,CCRO3,16.98,124273572.0
2019-10-28,CCRO3,16.89,98849592.0
2019-10-29,CCRO3,16.51,89883121.0
2019-10-30,CCRO3,16.7,116927945.0
2019-10-31,CCRO3,16.44,156354465.0
2019-11-01,CCRO3,16.77,88142050.0
2019-11-04,CCRO3,17.02,61573508.0
2019-11-05,CCRO3,16.78,75761739.0
2019-11-06,CCRO3,16.88,115788185.0
2019-11-07,CCRO3,17.78,87606041.0
2019-11-08,CCRO3,17.36,120609198.0
2019-11-11,CCRO3,17.81,94505820.0
2019-11-12,CCRO3,17.22,91572126.0
2019-11-13,CCRO3,17.25,54878616.0
2019-11-14,CCRO3,17.5,101844259.0
2019-11-18,CCRO3,17.24,84997266.0
2019-11-19,CCRO3,17.0,99411253.0
2019-11-21,CCRO3,17.2,95757976.0
2019-11-22,CCRO3,17.07,79619107.0
2019-11-25,CCRO3,17.23,85980401.0
2019-11-26,CCRO3,17.25,140418450.0
2019-11-27,CCRO3,17.18,173339458.0
2019-11-28,CCRO3,17.5,40612090.0
2019-11-29,CCRO3,17.19,66296182.0
2019-12-02,CCRO3,17.08,70825589.0
2020-01-02,CCRO3,19.0,101833718.0
2020-01-03,CCRO3,18.79,113713900.0
2020-01-06,CCRO3,18.31,124893458.0
2020-01-07,CCRO3,18.72,115489052.0
2020-01-08,CCRO3,18.59,101504700.0
2020-01-09,CCRO3,18.14,149310704.0
2020-01-10,CCRO3,18.17,106918150.0
2020-01-13,CCRO3,18.3,162948217.0
2020-01-14,CCRO3,18.91,127112730.0
2020-01-15,CCRO3,18.51,96340654.0
2020-01-16,CCRO3,18.78,93470737.0
2020-01-17,CCRO3,19.03,87615483.0
2020-01-20,CCRO3,19.45,76497887.0
2020-01-21,CCRO3,19.44,102030236.0
2020-01-22,CCRO3,19.3,130307865.0
2020-01-23,CCRO3,20.08,139020013.0
2020-01-24,CCRO3,19.82,46925429.0
2020-01-27,CCRO3,19.42,60731211.0
2020-01-28,CCRO3,19.45,66002012.0
2020-01-29,CCRO3,19.0,144842993.0
2020-01-30,CCRO3,18.8,124596695.0
2020-01-31,CCRO3,18.24,164965792.0
2020-02-03,CCRO3,18.45,123060816.0
2020-02-04,CCRO3,18.1,141746002.0
2020-02-05,CCRO3,18.35,138166435.0
2020-02-06,CCRO3,17.8,85782078.0
2020-02-07,CCRO3,17.28,94069066.0
2020-02-10,CCRO3,17.26,119805883.0
2020-02-11,CCRO3,17.96,115043480.0
2020-02-12,CCRO3,18.16,132563748.0
2020-02-13,CCRO3,18.0,165320663.0
2020-02-14,CCRO3,17.9,62974228.0
2020-02-17,CCRO3,17.94,54922882.0
2020-02-18,CCRO3,18.12,68765867.0
2020-02-19,CCRO3,18.76,128998378.0
2020-02-20,CCRO3,18.41,139832991.0
2020-02-21,CCRO3,18.15,94743841.0
2020-02-26,CCRO3,16.63,229799618.0
2020-02-27,CCRO3,15.84,156244232.0
2020-02-28,CCRO3,16.33,180817263.0
2020-03-02,CCRO3,16.64,105917004.0
2020-03-03,CCRO3,16.44,132488085.0
2020-03-04,CCRO3,16.55,106143507.0
2020-03-05,CCRO3,15.35,115783411.0
2020-03-06,CCRO3,14.41,155987849.0
2020-03-09,CCRO3,12.7,209279763.0
2020-03-10,CCRO3,14.9,277871897.0
2020-03-11,CCRO3,14.11,198555658.0
2020-03-12,CCRO3,11.87,170585234.0
2020-03-13,CCRO3,14.5,266395030.0
2020-03-16,CCRO3,11.9,159802930.0
2020-03-17,CCRO3,12.05,163869885.0
2020-03-18,CCRO3,10.68,145477354.0
2020-03-19,CCRO3,10.52,208247347.0
2020-03-20,CCRO3,10.36,218790050.0
2020-03-23,CCRO3,9.92,113305817.0
2020-03-24,CCRO3,11.88,193239174.0
2020-03-25,CCRO3,13.2,158930122.0
2020-03-26,CCRO3,13.82,197431651.0
2020-03-27,CCRO3,12.73,160761618.0
2020-03-30,CCRO3,12.29,137280816.0
2020-03-31,CCRO3,11.73,109620103.0
2020-04-01,CCRO3,11.63,102194624.0
2020-04-02,CCRO3,11.44,81370381.0
2020-05-04,CCRO3,12.18,99740539.0
2020-05-05,CCRO3,12.5,84822001.0
2020-05-06,CCRO3,12.29,94249226.0
2020-05-07,CCRO3,11.42,131405885.0
2020-05-08,CCRO3,11.42,101572427.0
2020-05-11,CCRO3,11.24,79428182.0
2020-05-12,CCRO3,10.99,136257734.0
2020-05-13,CCRO3,10.91,129432363.0
2020-05-14,CCRO3,11.46,126725493.0
2020-05-15,CCRO3,10.97,108738382.0
2020-05-18,CCRO3,11.83,108648507.0
2020-05-19,CCRO3,12.12,132203580.0
2020-05-20,CCRO3,12.7,175489574.0
2020-05-21,CCRO3,14.18,379079912.0
2020-05-22,CCRO3,13.47,150689759.0
2020-05-25,CCRO3,14.3,102775711.0
2020-05-26,CCRO3,14.69,235567948.0
2020-05-27,CCRO3,14.7,151987034.0
2020-05-28,CCRO3,14.78,148675244.0
2020-05-29,CCRO3,14.7,176445109.0
2020-06-01,CCRO3,14.59,101960934.0
2020-06-02,CCRO3,14.5,91655017.0
2020-06-03,CCRO3,15.15,153753558.0
2020-06-04,CCRO3,14.69,134904242.0
2020-06-05,CCRO3,14.6,229381097.0
2020-06-08,CCRO3,14.94,104511907.0
2020-06-09,CCRO3,14.48,115474161.0
2020-06-10,CCRO3,14.35,233189567.0
2020-06-12,CCRO3,14.36,149185972.0
2020-06-15,CCRO3,14.22,95891173.0
2020-06-16,CCRO3,13.98,134756651.0
2020-06-17,CCRO3,14.06,179094026.0
2020-06-18,CCRO3,14.61,206173192.0
2020-06-19,CCRO3,15.0,273580326.0
2020-06-22,CCRO3,14.69,94091489.0
2020-06-23,CCRO3,14.65,71230803.0
2020-06-24,CCRO3,14.4,81500282.0
2020-06-25,CCRO3,15.7,235121769.0
2020-06-26,CCRO3,14.8,152678836.0
2020-06-29,CCRO3,14.7,77279217.0
2020-06-30,CCRO3,14.5,102213643.0
2020-07-01,CCRO3,14.98,101364687.0
2020-07-02,CCRO3,14.87,123414410.0
2020-07-03,CCRO3,14.8,37418651.0
2020-07-06,CCRO3,15.4,163150487.0
2020-07-07,CCRO3,15.01,75565094.0
2020-07-08,CCRO3,15.22,142928157.0
2020-07-09,CCRO3,14.47,212619157.0
2020-07-10,CCRO3,14.5,126211822.0
2020-07-13,CCRO3,14.23,113082838.0
2020-07-14,CCRO3,14.27,80743041.0
2020-07-15,CCRO3,14.35,88060713.0
2020-07-16,CCRO3,14.38,174506296.0
2020-07-17,CCRO3,14.75,147056300.0
2020-07-20,CCRO3,15.0,96388149.0
2020-07-21,CCRO3,14.9,115782225.0
2020-07-22,CCRO3,14.77,96604109.0
2020-07-23,CCRO3,14.6,82598503.0
2020-07-24,CCRO3,14.64,112014555.0
2020-07-27,CCRO3,14.76,67638256.0
2020-07-28,CCRO3,14.45,120729836.0
2020-07-29,CCRO3,14.67,79850501.0
2020-07-30,CCRO3,14.83,89442821.0
2020-07-31,CCRO3,14.96,100743943.0
2020-09-02,CCRO3,14.11,70669179.0
2020-09-03,CCRO3,13.8,155882239.0
2020-09-04,CCRO3,14.4,220719486.0
2020-09-08,CCRO3,14.51,123392913.0
2020-09-09,CCRO3,14.8,98201483.0
2020-09-10,CCRO3,14.35,216443393.0
2020-09-11,CCRO3,14.23,207437308.0
2020-09-14,CCRO3,14.84,178627535.0
2020-09-15,CCRO3,14.55,76510316.0
2020-09-16,CCRO3,14.12,100387799.0
2020-09-17,CCRO3,14.19,71129870.0
2020-09-18,CCRO3,13.84,132190258.0
2020-09-21,CCRO3,13.35,132429028.0
2020-09-22,CCRO3,13.61,77993041.0
2020-09-23,CCRO3,13.64,80957164.0
2020-09-24,CCRO3,13.79,88637593.0
2020-09-25,CCRO3,13.72,83938349.0
2020-09-28,CCRO3,13.09,237247913.0
2020-09-29,CCRO3,12.68,125720882.0
2020-09-30,CCRO3,12.67,84857869.0
2020-10-01,CCRO3,12.81,114737849.0
2020-10-02,CCRO3,12.43,86013308.0
2020-10-05,CCRO3,12.6,148373427.0
2020-10-06,CCRO3,12.45,81266565.0
2020-10-07,CCRO3,12.11,116191437.0
2020-10-08,CCRO3,12.69,150889264.0
2020-10-09,CCRO3,12.62,90141662.0
2020-10-13,CCRO3,12.68,107702271.0
2020-10-14,CCRO3,13.24,257124895.0
2020-10-15,CCRO3,13.25,119250977.0
2020-10-16,CCRO3,13.19,76535358.0
2020-10-19,CCRO3,12.84,83731596.0
2020-10-20,CCRO3,13.02,75345895.0
2020-10-21,CCRO3,12.74,70616127.0
2020-10-22,CCRO3,12.74,169943409.0
2020-10-23,CCRO3,12.37,111924156.0
2020-10-26,CCRO3,12.27,70319700.0
2020-10-27,CCRO3,11.9,396544428.0
2020-10-28,CCRO3,11.53,103111120.0
2020-10-29,CCRO3,11.43,88301910.0
2020-10-30,CCRO3,11.16,100345985.0
2020-11-03,CCRO3,11.2,135689779.0
2020-11-04,CCRO3,11.34,314422296.0
2020-11-05,CCRO3,12.34,549751635.0
2020-11-06,CCRO3,12.34,119621298.0
2020-11-09,CCRO3,12.43,189324051.0
2020-11-10,CCRO3,12.5,236837019.0
2020-11-11,CCRO3,12.41,176829052.0
2020-11-12,CCRO3,11.7,207516643.0
2020-11-13,CCRO3,11.75,92741396.0
2020-11-16,CCRO3,12.25,165940862.0
2020-11-17,CCRO3,12.63,247619020.0
2020-11-18,CCRO3,12.62,147626496.0
2020-11-19,CCRO3,12.7,98260402.0
2020-11-20,CCRO3,12.38,96753833.0
2020-11-23,CCRO3,12.3,75580472.0
2020-11-24,CCRO3,12.83,262792756.0
2020-11-25,CCRO3,12.79,106118016.0
2020-11-26,CCRO3,12.68,89789934.0
2020-11-27,CCRO3,12.92,67831634.0
2020-11-30,CCRO3,13.04,187231021.0
2020-12-01,CCRO3,13.67,358084654.0
2020-12-02,CCRO3,13.85,173942244.0
2019-01-04,CIEL3,10.15,227783658.0
2019-01-07,CIEL3,10.06,134375513.0
2019-01-08,CIEL3,9.72,179402004.0
2019-01-09,CIEL3,10.13,136214865.0
2019-01-10,CIEL3,11.09,296335751.0
2019-01-11,CIEL3,10.71,347635227.0
2019-01-14,CIEL3,10.9,159955163.0
2019-01-15,CIEL3,10.5,177560676.0
2019-01-16,CIEL3,10.24,147038104.0
2019-01-17,CIEL3,10.48,136544250.0
2019-01-18,CIEL3,10.42,153366306.0
2019-01-21,CIEL3,10.65,101862482.0
2019-01-22,CIEL3,10.4,120791751.0
2019-01-23,CIEL3,10.21,141417883.0
2019-01-24,CIEL3,10.68,236855216.0
2019-01-28,CIEL3,10.89,147211711.0
2019-01-29,CIEL3,11.42,386219590.0
2019-01-30,CIEL3,11.59,437903950.0
2019-01-31,CIEL3,11.94,304893481.0
2019-02-01,CIEL3,12.03,202856389.0
2019-02-04,CIEL3,11.72,191610129.0
2019-02-05,CIEL3,11.18,380784829.0
2019-02-06,CIEL3,10.35,300509396.0
2019-02-07,CIEL3,10.7,239934106.0
2019-02-08,CIEL3,10.6,177287385.0
2019-02-11,CIEL3,11.06,149661515.0
2019-02-12,CIEL3,11.07,186204015.0
2019-02-13,CIEL3,10.98,159305862.0
2019-02-14,CIEL3,11.3,129745821.0
2019-02-15,CIEL3,10.96,135288689.0
2019-02-18,CIEL3,10.66,81044003.0
2019-02-19,CIEL3,10.82,111387199.0
2019-02-20,CIEL3,11.1,160233365.0
2019-02-21,CIEL3,10.9,124676874.0
2019-02-22,CIEL3,11.35,152613261.0
2019-02-25,CIEL3,10.9,170850504.0
2019-02-26,CIEL3,11.36,112082742.0
2019-02-27,CIEL3,11.13,130444538.0
2019-02-28,CIEL3,10.87,162890421.0
2019-03-01,CIEL3,10.8,83106796.0
2019-03-06,CIEL3,10.69,75876132.0
2019-03-07,CIEL3,10.67,86814928.0
2019-03-08,CIEL3,10.84,103764275.0
2019-03-11,CIEL3,11.12,72164776.0
2019-03-12,CIEL3,10.97,80106811.0
2019-03-13,CIEL3,10.79,177491094.0
2019-03-14,CIEL3,10.69,89934624.0
2019-03-15,CIEL3,10.53,238792255.0
2019-03-18,CIEL3,10.8,125001487.0
2019-03-19,CIEL3,11.12,220961965.0
2019-03-20,CIEL3,10.79,117666781.0
2019-03-21,CIEL3,10.36,182463797.0
2019-03-22,CIEL3,9.95,184994210.0
2019-03-25,CIEL3,9.6,213931626.0
2019-03-26,CIEL3,9.6,153614553.0
2019-03-27,CIEL3,9.34,140845061.0
2019-03-28,CIEL3,9.57,141165057.0
2019-03-29,CIEL3,9.49,88261721.0
2019-04-01,CIEL3,9.61,57495142.0
2019-04-02,CIEL3,9.14,167100793.0
2019-05-03,CIEL3,7.38,91045508.0
2019-05-06,CIEL3,7.59,125331195.0
2019-05-07,CIEL3,7.5,89050979.0
2019-05-08,CIEL3,7.82,124699391.0
2019-05-09,CIEL3,7.69,95831812.0
2019-05-10,CIEL3,7.54,94236923.0
2019-05-13,CIEL3,7.36,89810951.0
2019-05-14,CIEL3,7.39,83817758.0
2019-05-15,CIEL3,7.41,106242256.0
2019-05-16,CIEL3,7.15,104812914.0
2019-05-17,CIEL3,6.84,119604359.0
2019-05-20,CIEL3,6.95,77640263.0
2019-05-21,CIEL3,7.09,83686444.0
2019-05-22,CIEL3,7.3,80170187.0
2019-05-23,CIEL3,7.5,81585512.0
2019-05-24,CIEL3,7.58,47393312.0
2019-05-27,CIEL3,7.25,111021454.0
2019-05-28,CIEL3,7.06,143125078.0
2019-05-29,CIEL3,6.76,145543353.0
2019-05-30,CIEL3,6.76,108736799.0
2019-05-31,CIEL3,6.7,73474018.0
2019-06-03,CIEL3,6.73,70063697.0
2019-06-04,CIEL3,6.6,80414104.0
2019-06-05,CIEL3,6.66,66025162.0
2019-06-06,CIEL3,6.9,72935052.0
2019-06-07,CIEL3,6.7,96238890.0
2019-06-10,CIEL3,6.57,133832216.0
2019-06-11,CIEL3,6.6,103155835.0
2019-06-12,CIEL3,6.4,227260433.0
2019-06-13,CIEL3,6.66,148012137.0
2019-06-14,CIEL3,6.6,76159630.0
2019-06-17,CIEL3,6.62,138376409.0
2019-06-18,CIEL3,6.75,70432437.0
2019-06-19,CIEL3,6.85,87529492.0
2019-06-21,CIEL3,7.28,228492293.0
2019-06-24,CIEL3,7.17,87406617.0
2019-06-25,CIEL3,6.95,86246358.0
2019-06-26,CIEL3,6.94,74420734.0
2019-06-27,CIEL3,6.89,125744662.0
2019-06-28,CIEL3,6.72,96524555.0
2019-07-01,CIEL3,6.68,56863187.0
2019-07-02,CIEL3,6.55,103391282.0
2019-07-03,CIEL3,6.9,106024609.0
2019-07-04,CIEL3,7.0,73216296.0
2019-07-05,CIEL3,6.87,70165374.0
2019-07-08,CIEL3,7.01,75991660.0
2019-07-10,CIEL3,7.3,278166191.0
2019-07-11,CIEL3,7.46,201987286.0
2019-07-12,CIEL3,7.23,114847541.0
2019-07-15,CIEL3,7.04,91215323.0
2019-07-16,CIEL3,7.01,102727421.0
2019-07-17,CIEL3,6.95,115801138.0
2019-07-18,CIEL3,6.7,167479363.0
2019-07-19,CIEL3,6.68,112300908.0
2019-07-22,CIEL3,7.0,184124764.0
2019-07-23,CIEL3,6.75,214653426.0
2019-07-24,CIEL3,7.62,481722578.0
2019-07-25,CIEL3,7.51,501369284.0
2019-07-26,CIEL3,7.38,149640542.0
2019-07-29,CIEL3,7.3,98642061.0
2019-07-30,CIEL3,7.39,116469952.0
2019-07-31,CIEL3,7.24,97248113.0
2019-08-01,CIEL3,8.35,198565869.0
2019-08-02,CIEL3,7.99,314359721.0
2019-09-02,CIEL3,7.59,69007025.0
2019-09-03,CIEL3,7.7,86390972.0
2019-09-04,CIEL3,7.91,81976566.0
2019-09-05,CIEL3,7.75,87208921.0
2019-09-06,CIEL3,7.75,69102611.0
2019-09-09,CIEL3,7.49,82713883.0
2019-09-10,CIEL3,7.52,69878904.0
2019-09-11,CIEL3,7.7,62644863.0
2019-09-12,CIEL3,7.71,131722920.0
2019-09-13,CIEL3,7.64,65635961.0
2019-09-16,CIEL3,8.1,259169403.0
2019-09-17,CIEL3,8.22,89059715.0
2019-09-18,CIEL3,8.96,381933270.0
2019-09-19,CIEL3,8.5,259875579.0
2019-09-20,CIEL3,8.39,285877937.0
2019-09-23,CIEL3,8.61,144125599.0
2019-09-24,CIEL3,8.58,201854038.0
2019-09-25,CIEL3,8.37,168030839.0
2019-09-26,CIEL3,8.3,140947399.0
2019-09-27,CIEL3,7.93,153530770.0
2019-09-30,CIEL3,8.0,113318730.0
2019-10-01,CIEL3,7.86,111848736.0
2019-10-02,CIEL3,7.51,116378100.0
2019-10-03,CIEL3,7.82,130357129.0
2019-10-04,CIEL3,7.71,75179511.0
2019-10-07,CIEL3,7.64,64456489.0
2019-10-08,CIEL3,7.5,100997622.0
2019-10-09,CIEL3,7.65,175001533.0
2019-10-10,CIEL3,7.47,178351392.0
2019-10-11,CIEL3,7.75,123960071.0
2019-10-14,CIEL3,7.78,81001762.0
2019-10-15,CIEL3,7.58,128802665.0
2019-10-16,CIEL3,7.65,88560916.0
2019-10-17,CIEL3,7.6,95670653.0
2019-10-18,CIEL3,7.65,102624546.0
2019-10-21,CIEL3,7.7,72285147.0
2019-10-22,CIEL3,7.89,180488681.0
2019-10-23,CIEL3,7.83,107220710.0
2019-10-24,CIEL3,7.64,87144216.0
2019-10-25,CIEL3,7.89,112424359.0
2019-10-28,CIEL3,7.81,106806892.0
2019-10-29,CIEL3,7.94,109105484.0
2019-10-30,CIEL3,7.65,286967506.0
2019-10-31,CIEL3,7.56,89346308.0
2019-11-01,CIEL3,7.4,97312815.0
2019-11-04,CIEL3,7.52,65448553.0
2019-11-05,CIEL3,7.4,92998831.0
2019-11-06,CIEL3,7.36,97665832.0
2019-11-07,CIEL3,7.63,255207787.0
2019-11-08,CIEL3,7.74,169588211.0
2019-11-11,CIEL3,8.02,160469689.0
2019-11-12,CIEL3,7.95,145102964.0
2019-11-13,CIEL3,8.01,150261890.0
2019-11-14,CIEL3,7.89,99477580.0
2019-11-18,CIEL3,7.65,112224447.0
2019-11-19,CIEL3,7.65,65911430.0
2019-11-21,CIEL3,7.64,76461916.0
2019-11-22,CIEL3,7.53,74245001.0
2019-11-25,CIEL3,7.82,137348114.0
2019-11-26,CIEL3,7.58,143660355.0
2019-11-27,CIEL3,7.46,79509514.0
2019-11-28,CIEL3,7.74,83909991.0
2019-11-29,CIEL3,7.8,79477733.0
2019-12-02,CIEL3,7.77,112020112.0
2020-01-02,CIEL3,8.57,123668853.0
2020-01-03,CIEL3,8.46,112532581.0
2020-01-06,CIEL3,8.25,79772356.0
2020-01-07,CIEL3,8.01,83032846.0
2020-01-08,CIEL3,7.83,119241672.0
2020-01-09,CIEL3,7.35,223271737.0
2020-01-10,CIEL3,7.4,104778696.0
2020-01-13,CIEL3,7.43,85400418.0
2020-01-14,CIEL3,7.49,51908348.0
2020-01-15,CIEL3,7.27,131616726.0
2020-01-16,CIEL3,7.3,202564861.0
2020-01-17,CIEL3,7.23,129033857.0
2020-01-20,CIEL3,7.05,115759130.0
2020-01-21,CIEL3,6.9,110043687.0
2020-01-22,CIEL3,7.16,97721105.0
2020-01-23,CIEL3,7.12,134043332.0
2020-01-24,CIEL3,7.0,53162782.0
2020-01-27,CIEL3,7.0,106822776.0
2020-01-28,CIEL3,7.25,201640118.0
2020-01-29,CIEL3,6.96,116006958.0
2020-01-30,CIEL3,7.09,135846883.0
2020-01-31,CIEL3,7.07,115172413.0
2020-02-03,CIEL3,7.16,84538717.0
2020-02-04,CIEL3,6.96,97312480.0
2020-02-05,CIEL3,7.04,121256497.0
2020-02-06,CIEL3,7.37,210966411.0
2020-02-07,CIEL3,7.36,145623714.0
2020-02-10,CIEL3,7.24,94578536.0
2020-02-11,CIEL3,7.13,95021584.0
2020-02-12,CIEL3,7.32,184238610.0
2020-02-13,CIEL3,7.2,69280822.0
2020-02-14,CIEL3,7.29,70298688.0
2020-02-17,CIEL3,7.24,66680510.0
2020-02-18,CIEL3,7.4,50628518.0
2020-02-19,CIEL3,7.45,75507441.0
2020-02-20,CIEL3,7.2,79550294.0
2020-02-21,CIEL3,7.05,75573074.0
2020-02-26,CIEL3,6.86,176174123.0
2020-02-27,CIEL3,6.49,139646564.0
2020-02-28,CIEL3,6.85,136801483.0
2020-03-02,CIEL3,7.08,157013345.0
2020-03-03,CIEL3,7.2,162206328.0
2020-03-04,CIEL3,7.37,104018619.0
2020-03-05,CIEL3,6.88,115730996.0
2020-03-06,CIEL3,6.56,142340799.0
2020-03-09,CIEL3,6.02,119849709.0
2020-03-10,CIEL3,6.34,137389936.0
2020-03-11,CIEL3,5.95,115430378.0
2020-03-12,CIEL3,4.69,96411265.0
2020-03-13,CIEL3,5.67,117176023.0
2020-03-16,CIEL3,5.0,99706708.0
2020-03-17,CIEL3,5.46,113797225.0
2020-03-18,CIEL3,5.09,114584726.0
2020-03-19,CIEL3,4.65,152144624.0
2020-03-20,CIEL3,4.43,172329708.0
2020-03-23,CIEL3,4.14,109131639.0
2020-03-24,CIEL3,4.05,111374157.0
2020-03-25,CIEL3,5.0,111455197.0
2020-03-26,CIEL3,5.0,99242525.0
2020-03-27,CIEL3,4.61,79606411.0
2020-03-30,CIEL3,4.76,61771763.0
2020-03-31,CIEL3,4.44,60967547.0
2020-04-01,CIEL3,4.28,66380358.0
2020-04-02,CIEL3,4.23,46510353.0
2020-05-04,CIEL3,3.94,97906664.0
2020-05-05,CIEL3,3.91,73137593.0
2020-05-06,CIEL3,3.81,86438854.0
2020-05-07,CIEL3,3.6,108091966.0
2020-05-08,CIEL3,3.76,100768689.0
2020-05-11,CIEL3,3.64,53636086.0
2020-05-12,CIEL3,3.54,82982470.0
2020-05-13,CIEL3,3.33,92643262.0
2020-05-14,CIEL3,3.55,136646927.0
2020-05-15,CIEL3,3.47,83724660.0
2020-05-18,CIEL3,3.7,144486428.0
2020-05-19,CIEL3,3.6,68774710.0
2020-05-20,CIEL3,3.56,70936543.0
2020-05-21,CIEL3,3.48,72637980.0
2020-05-22,CIEL3,3.41,72078114.0
2020-05-25,CIEL3,3.68,84228174.0
2020-05-26,CIEL3,3.81,106428401.0
2020-05-27,CIEL3,4.0,133980347.0
2020-05-28,CIEL3,4.05,109216953.0
2020-05-29,CIEL3,4.09,236347876.0
2020-06-01,CIEL3,4.17,88402103.0
2020-06-02,CIEL3,4.4,147976789.0
2020-06-03,CIEL3,4.54,198791777.0
2020-06-04,CIEL3,4.38,164856073.0
2020-06-05,CIEL3,4.5,144667553.0
2020-06-08,CIEL3,4.64,122356709.0
2020-06-09,CIEL3,4.84,200438990.0
2020-06-10,CIEL3,4.56,195083191.0
2020-06-12,CIEL3,4.21,157753948.0
2020-06-15,CIEL3,4.8,1126182968.0
2020-06-16,CIEL3,4.96,522284508.0
2020-06-17,CIEL3,5.18,437538099.0
2020-06-18,CIEL3,5.63,647704252.0
2020-06-19,CIEL3,5.7,660011134.0
2020-06-22,CIEL3,5.51,295683236.0
2020-06-23,CIEL3,5.4,227523011.0
2020-06-24,CIEL3,4.7,564308325.0
2020-06-25,CIEL3,4.87,383771274.0
2020-06-26,CIEL3,4.63,201521255.0
2020-06-29,CIEL3,4.62,219405458.0
2020-06-30,CIEL3,4.62,128557778.0
2020-07-01,CIEL3,4.87,351236636.0
2020-07-02,CIEL3,4.85,208946838.0
2020-07-03,CIEL3,4.8,97794937.0
2020-07-06,CIEL3,4.83,166830352.0
2020-07-07,CIEL3,4.75,156413058.0
2020-07-08,CIEL3,5.0,323062625.0
2020-07-09,CIEL3,4.9,181848813.0
2020-07-10,CIEL3,4.91,439186396.0
2020-07-13,CIEL3,4.98,356163686.0
2020-07-14,CIEL3,4.9,284984589.0
2020-07-15,CIEL3,4.9,199116544.0
2020-07-16,CIEL3,4.82,221642855.0
2020-07-17,CIEL3,5.26,783741772.0
2020-07-20,CIEL3,5.24,289608024.0
2020-07-21,CIEL3,5.33,354801641.0
2020-07-22,CIEL3,5.52,656112679.0
2020-07-23,CIEL3,5.22,334173064.0
2020-07-24,CIEL3,5.27,317535730.0
2020-07-27,CIEL3,5.24,194353823.0
2020-07-28,CIEL3,5.12,192224332.0
2020-07-29,CIEL3,4.94,634391039.0
2020-07-30,CIEL3,4.84,232614943.0
2020-07-31,CIEL3,5.37,611728795.0
2020-09-02,CIEL3,4.68,293335966.0
2020-09-03,CIEL3,4.56,316457337.0
2020-09-04,CIEL3,4.68,204765447.0
2020-09-08,CIEL3,4.7,131428445.0
2020-09-09,CIEL3,4.69,180582118.0
2020-09-10,CIEL3,4.64,146040687.0
2020-09-11,CIEL3,4.44,247507654.0
2020-09-14,CIEL3,4.75,286877108.0
2020-09-15,CIEL3,4.6,509668717.0
2020-09-16,CIEL3,4.58,114519996.0
2020-09-17,CIEL3,4.56,153744837.0
2020-09-18,CIEL3,4.26,646509701.0
2020-09-21,CIEL3,4.15,289591091.0
2020-09-22,CIEL3,4.25,170902302.0
2020-09-23,CIEL3,4.13,149943642.0
2020-09-24,CIEL3,4.17,133136573.0
2020-09-25,CIEL3,4.15,117332858.0
2020-09-28,CIEL3,4.07,154218702.0
2020-09-29,CIEL3,3.97,155072609.0
2020-09-30,CIEL3,3.93,231785128.0
2020-10-01,CIEL3,3.97,115887893.0
2020-10-02,CIEL3,3.93,122076856.0
2020-10-05,CIEL3,3.91,132334138.0
2020-10-06,CIEL3,3.9,129327271.0
2020-10-07,CIEL3,3.7,195393870.0
2020-10-08,CIEL3,3.8,231622180.0
2020-10-09,CIEL3,3.71,152146639.0
2020-10-13,CIEL3,3.7,110878024.0
2020-10-14,CIEL3,3.67,147571533.0
2020-10-15,CIEL3,3.65,90267400.0
2020-10-16,CIEL3,3.56,116777785.0
2020-10-19,CIEL3,3.8,295422775.0
2020-10-20,CIEL3,3.84,182829370.0
2020-10-21,CIEL3,3.77,90529226.0
2020-10-22,CIEL3,3.77,112655876.0
2020-10-23,CIEL3,3.75,69334672.0
2020-10-26,CIEL3,3.88,312656423.0
2020-10-27,CIEL3,3.86,117831006.0
2020-10-28,CIEL3,3.41,285417223.0
2020-10-29,CIEL3,3.42,151028445.0
2020-10-30,CIEL3,3.37,128057672.0
2020-11-03,CIEL3,3.3,101862465.0
2020-11-04,CIEL3,3.33,97353756.0
2020-11-05,CIEL3,3.62,172429037.0
2020-11-06,CIEL3,3.72,130292942.0
2020-11-09,CIEL3,3.7,197862856.0
2020-11-10,CIEL3,3.75,142707117.0
2020-11-11,CIEL3,3.8,113838318.0
2020-11-12,CIEL3,3.69,139380342.0
2020-11-13,CIEL3,3.7,63803546.0
2020-11-16,CIEL3,3.77,142142218.0
2020-11-17,CIEL3,3.73,92817480.0
2020-11-18,CIEL3,3.76,106338349.0
2020-11-19,CIEL3,3.77,76634281.0
2020-11-20,CIEL3,3.9,149392037.0
2020-11-23,CIEL3,3.77,137833273.0
2020-11-24,CIEL3,3.76,128730929.0
2020-11-25,CIEL3,3.74,117440496.0
2020-11-26,CIEL3,3.86,67114903.0
2020-11-27,CIEL3,3.76,112799806.0
2020-11-30,CIEL3,3.55,802301542.0
2020-12-01,CIEL3,3.6,117099753.0
2020-12-02,CIEL3,3.58,119511752.0
2019-01-04,CMIG4,13.86,180969745.0
2019-01-07,CMIG4,13.45,252738890.0
2019-01-08,CMIG4,13.38,269089620.0
2019-01-09,CMIG4,13.59,310633395.0
2019-01-10,CMIG4,13.83,282869673.0
2019-01-11,CMIG4,13.86,179626057.0
2019-01-14,CMIG4,13.94,204980620.0
2019-01-15,CMIG4,13.83,138153004.0
2019-01-16,CMIG4,13.66,184849404.0
2019-01-17,CMIG4,14.06,195560411.0
2019-01-18,CMIG4,13.88,151559880.0
2019-01-21,CMIG4,14.1,98815634.0
2019-01-22,CMIG4,14.07,185306825.0
2019-01-23,CMIG4,14.23,134840307.0
2019-01-24,CMIG4,14.49,212249898.0
2019-01-28,CMIG4,14.07,195147469.0
2019-01-29,CMIG4,14.08,139642292.0
2019-01-30,CMIG4,14.0,190341767.0
2019-01-31,CMIG4,13.85,223198681.0
2019-02-01,CMIG4,13.71,160573456.0
2019-02-04,CMIG4,13.6,125405995.0
2019-02-05,CMIG4,13.66,207444562.0
2019-02-06,CMIG4,13.13,183392297.0
2019-02-07,CMIG4,13.28,168249919.0
2019-02-08,CMIG4,13.4,196346776.0
2019-02-11,CMIG4,13.09,180049017.0
2019-02-12,CMIG4,13.28,160650854.0
2019-02-13,CMIG4,13.5,213075638.0
2019-02-14,CMIG4,13.72,159449155.0
2019-02-15,CMIG4,13.8,169719351.0
2019-02-18,CMIG4,13.95,119219976.0
2019-02-19,CMIG4,14.01,121428980.0
2019-02-20,CMIG4,13.95,226062030.0
2019-02-21,CMIG4,13.9,160143313.0
2019-02-22,CMIG4,14.05,161669946.0
2019-02-25,CMIG4,14.26,137907894.0
2019-02-26,CMIG4,14.35,124256275.0
2019-02-27,CMIG4,14.69,239251338.0
2019-02-28,CMIG4,14.4,129297473.0
2019-03-01,CMIG4,14.06,133006118.0
2019-03-06,CMIG4,13.86,90835959.0
2019-03-07,CMIG4,13.77,150015889.0
2019-03-08,CMIG4,14.1,121873091.0
2019-03-11,CMIG4,14.35,97153737.0
2019-03-12,CMIG4,14.61,139632771.0
2019-03-13,CMIG4,14.7,114912159.0
2019-03-14,CMIG4,14.62,74491234.0
2019-03-15,CMIG4,14.72,208195196.0
2019-03-18,CMIG4,14.88,85765043.0
2019-03-19,CMIG4,14.83,79733670.0
2019-03-20,CMIG4,14.43,96803901.0
2019-03-21,CMIG4,14.15,171385572.0
2019-03-22,CMIG4,13.78,147734418.0
2019-03-25,CMIG4,14.14,92647561.0
2019-03-26,CMIG4,14.26,112186416.0
2019-03-27,CMIG4,13.27,325161300.0
2019-03-28,CMIG4,13.62,154347358.0
2019-03-29,CMIG4,13.9,124837246.0
2019-04-01,CMIG4,13.89,153520926.0
2019-04-02,CMIG4,13.5,138599242.0
2019-05-03,CMIG4,14.47,153887649.0
2019-05-06,CMIG4,14.01,95319190.0
2019-05-07,CMIG4,13.91,279342750.0
2019-05-08,CMIG4,13.97,87267786.0
2019-05-09,CMIG4,13.89,59271367.0
2019-05-10,CMIG4,13.78,78701339.0
2019-05-13,CMIG4,13.23,138391305.0
2019-05-14,CMIG4,13.38,102151293.0
2019-05-15,CMIG4,13.08,111066984.0
2019-05-16,CMIG4,12.7,207513285.0
2019-05-17,CMIG4,12.49,159270281.0
2019-05-20,CMIG4,13.2,196221673.0
2019-05-21,CMIG4,13.89,205638214.0
2019-05-22,CMIG4,13.82,115665583.0
2019-05-23,CMIG4,13.73,99447180.0
2019-05-24,CMIG4,13.5,193445534.0
2019-05-27,CMIG4,13.71,71592613.0
2019-05-28,CMIG4,14.0,231271836.0
2019-05-29,CMIG4,14.3,146950333.0
2019-05-30,CMIG4,14.6,151155825.0
2019-05-31,CMIG4,14.76,237127277.0
2019-06-03,CMIG4,14.7,158142574.0
2019-06-04,CMIG4,14.9,169855472.0
2019-06-05,CMIG4,14.75,97924206.0
2019-06-06,CMIG4,15.25,222875768.0
2019-06-07,CMIG4,15.15,224103339.0
2019-06-10,CMIG4,14.7,186539381.0
2019-06-11,CMIG4,15.0,211325020.0
2019-06-12,CMIG4,14.61,128262205.0
2019-06-13,CMIG4,14.78,141534569.0
2019-06-14,CMIG4,14.53,144606327.0
2019-06-17,CMIG4,14.71,101120813.0
2019-06-18,CMIG4,14.59,149064338.0
2019-06-19,CMIG4,14.6,95440970.0
2019-06-21,CMIG4,14.74,185133919.0
2019-06-24,CMIG4,14.77,135861665.0
2019-06-25,CMIG4,14.39,133446135.0
2019-06-26,CMIG4,14.33,101220867.0
2019-06-27,CMIG4,14.66,100579001.0
2019-06-28,CMIG4,14.85,126330453.0
2019-07-01,CMIG4,14.96,108205927.0
2019-07-02,CMIG4,14.7,172566954.0
2019-07-03,CMIG4,14.84,124488216.0
2019-07-04,CMIG4,14.99,88608027.0
2019-07-05,CMIG4,15.04,119674714.0
2019-07-08,CMIG4,15.11,105047659.0
2019-07-10,CMIG4,15.4,153448612.0
2019-07-11,CMIG4,15.29,126047926.0
2019-07-12,CMIG4,15.12,109088594.0
2019-07-15,CMIG4,14.87,98514382.0
2019-07-16,CMIG4,14.9,84908911.0
2019-07-17,CMIG4,14.99,77570123.0
2019-07-18,CMIG4,14.86,143763034.0
2019-07-19,CMIG4,14.5,174094106.0
2019-07-22,CMIG4,14.43,74424930.0
2019-07-23,CMIG4,14.45,90752730.0
2019-07-24,CMIG4,14.23,95549567.0
2019-07-25,CMIG4,14.07,105507220.0
2019-07-26,CMIG4,14.11,82355468.0
2019-07-29,CMIG4,14.05,134477375.0
2019-07-30,CMIG4,14.18,70813150.0
2019-07-31,CMIG4,14.14,86272457.0
2019-08-01,CMIG4,14.37,167963393.0
2019-08-02,CMIG4,14.36,83073630.0
2019-09-02,CMIG4,14.9,71221753.0
2019-09-03,CMIG4,14.61,133782204.0
2019-09-04,CMIG4,14.69,120233211.0
2019-09-05,CMIG4,14.82,107015275.0
2019-09-06,CMIG4,14.71,118378656.0
2019-09-09,CMIG4,14.47,120381933.0
2019-09-10,CMIG4,14.4,104701031.0
2019-09-11,CMIG4,14.73,96582521.0
2019-09-12,CMIG4,14.69,136999558.0
2019-09-13,CMIG4,14.43,169440824.0
2019-09-16,CMIG4,14.11,138482201.0
2019-09-17,CMIG4,14.42,361681801.0
2019-09-18,CMIG4,14.3,125794247.0
2019-09-19,CMIG4,14.35,128966133.0
2019-09-20,CMIG4,14.29,160825755.0
2019-09-23,CMIG4,14.2,76411018.0
2019-09-24,CMIG4,14.05,172675530.0
2019-09-25,CMIG4,13.9,259491915.0
2019-09-26,CMIG4,14.1,73069846.0
2019-09-27,CMIG4,14.1,84549533.0
2019-09-30,CMIG4,14.33,100154324.0
2019-10-01,CMIG4,14.5,188953189.0
2019-10-02,CMIG4,14.09,96150899.0
2019-10-03,CMIG4,13.94,127817502.0
2019-10-04,CMIG4,13.96,147487901.0
2019-10-07,CMIG4,13.78,97720058.0
2019-10-08,CMIG4,13.81,106594961.0
2019-10-09,CMIG4,13.8,130728644.0
2019-10-10,CMIG4,13.67,136606734.0
2019-10-11,CMIG4,13.87,139145797.0
2019-10-14,CMIG4,13.87,57142555.0
2019-10-15,CMIG4,13.9,87117490.0
2019-10-16,CMIG4,13.84,119816109.0
2019-10-17,CMIG4,13.92,138076935.0
2019-10-18,CMIG4,13.65,129931179.0
2019-10-21,CMIG4,13.7,100207503.0
2019-10-22,CMIG4,13.7,132936485.0
2019-10-23,CMIG4,13.57,90767827.0
2019-10-24,CMIG4,13.49,106686809.0
2019-10-25,CMIG4,13.16,121515199.0
2019-10-28,CMIG4,13.26,64903493.0
2019-10-29,CMIG4,13.26,81834335.0
2019-10-30,CMIG4,13.55,80837346.0
2019-10-31,CMIG4,13.65,94968187.0
2019-11-01,CMIG4,13.44,131370663.0
2019-11-04,CMIG4,13.43,82781882.0
2019-11-05,CMIG4,13.26,83928878.0
2019-11-06,CMIG4,13.13,81369167.0
2019-11-07,CMIG4,13.25,52834057.0
2019-11-08,CMIG4,13.09,89430047.0
2019-11-11,CMIG4,13.14,60315263.0
2019-11-12,CMIG4,12.92,81815873.0
2019-11-13,CMIG4,12.85,78905512.0
2019-11-14,CMIG4,12.88,61686785.0
2019-11-18,CMIG4,12.6,116376394.0
2019-11-19,CMIG4,12.55,59595264.0
2019-11-21,CMIG4,12.6,195811566.0
2019-11-22,CMIG4,12.9,151917116.0
2019-11-25,CMIG4,12.8,87211236.0
2019-11-26,CMIG4,12.69,97849430.0
2019-11-27,CMIG4,12.66,65608519.0
2019-11-28,CMIG4,12.82,45830973.0
2019-11-29,CMIG4,13.05,85202338.0
2019-12-02,CMIG4,12.98,90610090.0
2020-01-02,CMIG4,13.88,114987516.0
2020-01-03,CMIG4,13.73,109510092.0
2020-01-06,CMIG4,13.92,132275376.0
2020-01-07,CMIG4,14.43,186266862.0
2020-01-08,CMIG4,14.83,208641442.0
2020-01-09,CMIG4,14.71,143479048.0
2020-01-10,CMIG4,14.93,126350787.0
2020-01-13,CMIG4,15.35,162402474.0
2020-01-14,CMIG4,15.51,155199414.0
2020-01-15,CMIG4,15.41,106439375.0
2020-01-16,CMIG4,15.5,103707706.0
2020-01-17,CMIG4,15.64,118714104.0
2020-01-20,CMIG4,15.41,94896440.0
2020-01-21,CMIG4,15.22,106704187.0
2020-01-22,CMIG4,15.05,119031078.0
2020-01-23,CMIG4,15.28,98142022.0
2020-01-24,CMIG4,15.44,63055586.0
2020-01-27,CMIG4,15.22,81042473.0
2020-01-28,CMIG4,15.5,66569184.0
2020-01-29,CMIG4,15.41,74732212.0
2020-01-30,CMIG4,15.19,137688363.0
2020-01-31,CMIG4,14.95,129374370.0
2020-02-03,CMIG4,15.18,110468312.0
2020-02-04,CMIG4,15.37,91552714.0
2020-02-05,CMIG4,15.97,189101068.0
2020-02-06,CMIG4,15.68,134995594.0
2020-02-07,CMIG4,15.18,138900831.0
2020-02-10,CMIG4,14.63,97787999.0
2020-02-11,CMIG4,15.06,83741405.0
2020-02-12,CMIG4,15.08,100415763.0
2020-02-13,CMIG4,14.78,106799229.0
2020-02-14,CMIG4,14.82,124516558.0
2020-02-17,CMIG4,15.07,73865117.0
2020-02-18,CMIG4,15.06,61114718.0
2020-02-19,CMIG4,14.98,100578839.0
2020-02-20,CMIG4,14.6,133725861.0
2020-02-21,CMIG4,14.96,98289919.0
2020-02-26,CMIG4,13.86,221874472.0
2020-02-27,CMIG4,13.7,210160405.0
2020-02-28,CMIG4,13.96,203236312.0
2020-03-02,CMIG4,14.39,123353465.0
2020-03-03,CMIG4,14.42,143784170.0
2020-03-04,CMIG4,15.08,147198379.0
2020-03-05,CMIG4,14.36,168505417.0
2020-03-06,CMIG4,13.69,179880587.0
2020-03-09,CMIG4,12.3,244391727.0
2020-03-10,CMIG4,12.64,280690985.0
2020-03-11,CMIG4,11.39,210746976.0
2020-03-12,CMIG4,9.19,192966055.0
2020-03-13,CMIG4,10.5,178416937.0
2020-03-16,CMIG4,9.32,192064341.0
2020-03-17,CMIG4,9.92,198211228.0
2020-03-18,CMIG4,9.18,289944459.0
2020-03-19,CMIG4,9.44,213874916.0
2020-03-20,CMIG4,8.9,173371363.0
2020-03-23,CMIG4,8.15,153206911.0
2020-03-24,CMIG4,8.4,173080734.0
2020-03-25,CMIG4,9.07,183999923.0
2020-03-26,CMIG4,10.0,251786741.0
2020-03-27,CMIG4,9.22,145972439.0
2020-03-30,CMIG4,9.11,81123049.0
2020-03-31,CMIG4,8.91,120024775.0
2020-04-01,CMIG4,8.43,94739433.0
2020-04-02,CMIG4,8.21,90675947.0
2020-05-04,CMIG4,9.24,94604533.0
2020-05-05,CMIG4,9.25,101650077.0
2020-05-06,CMIG4,8.82,129612864.0
2020-05-07,CMIG4,8.28,190049401.0
2020-05-08,CMIG4,8.63,113673302.0
2020-05-11,CMIG4,8.3,103761771.0
2020-05-12,CMIG4,8.06,116750268.0
2020-05-13,CMIG4,7.92,141866572.0
2020-05-14,CMIG4,8.59,220857880.0
2020-05-15,CMIG4,8.21,116815214.0
2020-05-18,CMIG4,8.78,129604859.0
2020-05-19,CMIG4,8.53,93218620.0
2020-05-20,CMIG4,8.77,107917733.0
2020-05-21,CMIG4,9.25,177471573.0
2020-05-22,CMIG4,9.36,153779388.0
2020-05-25,CMIG4,10.03,115955691.0
2020-05-26,CMIG4,10.47,242793853.0
2020-05-27,CMIG4,10.93,246838451.0
2020-05-28,CMIG4,10.61,135265064.0
2020-05-29,CMIG4,10.8,188470320.0
2020-06-01,CMIG4,10.9,99794733.0
2020-06-02,CMIG4,11.13,108310253.0
2020-06-03,CMIG4,11.26,160082446.0
2020-06-04,CMIG4,11.18,115660076.0
2020-06-05,CMIG4,11.4,183824293.0
2020-06-08,CMIG4,12.01,131650083.0
2020-06-09,CMIG4,12.05,108433821.0
2020-06-10,CMIG4,11.51,115614487.0
2020-06-12,CMIG4,11.03,196334035.0
2020-06-15,CMIG4,10.75,182265738.0
2020-06-16,CMIG4,11.12,214540683.0
2020-06-17,CMIG4,11.72,154943338.0
2020-06-18,CMIG4,11.36,116924868.0
2020-06-19,CMIG4,11.38,138816809.0
2020-06-22,CMIG4,11.58,105445657.0
2020-06-23,CMIG4,11.4,67239516.0
2020-06-24,CMIG4,11.04,88945279.0
2020-06-25,CMIG4,11.19,78271027.0
2020-06-26,CMIG4,10.6,136765265.0
2020-06-29,CMIG4,10.87,77695864.0
2020-06-30,CMIG4,11.02,121007694.0
2020-07-01,CMIG4,11.17,71854832.0
2020-07-02,CMIG4,11.12,63750019.0
2020-07-03,CMIG4,11.13,35883914.0
2020-07-06,CMIG4,11.36,65405874.0
2020-07-07,CMIG4,11.26,79210084.0
2020-07-08,CMIG4,11.5,62044329.0
2020-07-09,CMIG4,11.57,65271676.0
2020-07-10,CMIG4,11.52,70647517.0
2020-07-13,CMIG4,11.67,87369601.0
2020-07-14,CMIG4,11.41,104236782.0
2020-07-15,CMIG4,11.45,106960465.0
2020-07-16,CMIG4,11.25,74129844.0
2020-07-17,CMIG4,11.33,185920011.0
2020-07-20,CMIG4,11.64,98469894.0
2020-07-21,CMIG4,11.51,86956923.0
2020-07-22,CMIG4,12.4,329461423.0
2020-07-23,CMIG4,12.14,124790304.0
2020-07-24,CMIG4,12.01,91933075.0
2020-07-27,CMIG4,12.35,131165994.0
2020-07-28,CMIG4,12.39,132898089.0
2020-07-29,CMIG4,12.19,81919434.0
2020-07-30,CMIG4,12.24,130369343.0
2020-07-31,CMIG4,12.0,100234301.0
2020-09-02,CMIG4,10.87,74726291.0
2020-09-03,CMIG4,10.92,133257769.0
2020-09-04,CMIG4,10.79,123654859.0
2020-09-08,CMIG4,10.72,72569298.0
2020-09-09,CMIG4,11.19,130894728.0
2020-09-10,CMIG4,11.03,172444710.0
2020-09-11,CMIG4,10.76,151842894.0
2020-09-14,CMIG4,10.82,101001702.0
2020-09-15,CMIG4,10.62,130337594.0
2020-09-16,CMIG4,10.81,124697446.0
2020-09-17,CMIG4,10.92,75496097.0
2020-09-18,CMIG4,10.63,207518348.0
2020-09-21,CMIG4,10.44,84821707.0
2020-09-22,CMIG4,10.63,98626921.0
2020-09-23,CMIG4,10.41,108691159.0
2020-09-24,CMIG4,10.78,129373663.0
2020-09-25,CMIG4,10.54,115671695.0
2020-09-28,CMIG4,10.2,156654380.0
2020-09-29,CMIG4,10.13,141971445.0
2020-09-30,CMIG4,10.1,118683996.0
2020-10-01,CMIG4,10.27,82675704.0
2020-10-02,CMIG4,10.15,141245515.0
2020-10-05,CMIG4,10.5,138522662.0
2020-10-06,CMIG4,10.42,101143796.0
2020-10-07,CMIG4,10.4,107007626.0
2020-10-08,CMIG4,10.61,117542932.0
2020-10-09,CMIG4,10.68,136654414.0
2020-10-13,CMIG4,10.71,90987470.0
2020-10-14,CMIG4,10.89,100902228.0
2020-10-15,CMIG4,10.92,53202142.0
2020-10-16,CMIG4,10.91,86072351.0
2020-10-19,CMIG4,10.82,79925587.0
2020-10-20,CMIG4,10.96,79295974.0
2020-10-21,CMIG4,10.93,83879232.0
2020-10-22,CMIG4,11.0,60455328.0
2020-10-23,CMIG4,10.91,72459599.0
2020-10-26,CMIG4,10.93,107765480.0
2020-10-27,CMIG4,10.73,194500728.0
2020-10-28,CMIG4,10.45,113802021.0
2020-10-29,CMIG4,10.39,104230169.0
2020-10-30,CMIG4,10.25,112994230.0
2020-11-03,CMIG4,10.33,112858283.0
2020-11-04,CMIG4,10.66,143012442.0
2020-11-05,CMIG4,11.05,153119690.0
2020-11-06,CMIG4,11.2,88082278.0
2020-11-09,CMIG4,11.44,136311947.0
2020-11-10,CMIG4,11.69,162341794.0
2020-11-11,CMIG4,11.29,117150979.0
2020-11-12,CMIG4,11.03,137979684.0
2020-11-13,CMIG4,11.32,82237024.0
2020-11-16,CMIG4,11.75,156266432.0
2020-11-17,CMIG4,11.89,100476083.0
2020-11-18,CMIG4,12.05,165598964.0
2020-11-19,CMIG4,11.95,104783187.0
2020-11-20,CMIG4,11.67,96967056.0
2020-11-23,CMIG4,11.85,93486387.0
2020-11-24,CMIG4,12.28,194153281.0
2020-11-25,CMIG4,12.42,185348469.0
2020-11-26,CMIG4,12.31,47783765.0
2020-11-27,CMIG4,12.45,124555030.0
2020-11-30,CMIG4,12.63,182967333.0
2020-12-01,CMIG4,12.95,182727229.0
2020-12-02,CMIG4,13.01,86532704.0
2020-01-02,COGN3,12.2,151708272.0
2020-01-03,COGN3,12.15,153225332.0
2020-01-06,COGN3,11.99,106698108.0
2020-01-07,COGN3,12.08,90809959.0
2020-01-08,COGN3,12.0,94642127.0
2020-01-09,COGN3,12.1,75182100.0
2020-01-10,COGN3,12.2,116975001.0
2020-01-13,COGN3,12.55,168926112.0
2020-01-14,COGN3,12.79,90047159.0
2020-01-15,COGN3,12.35,108851408.0
2020-01-16,COGN3,12.02,171262560.0
2020-01-17,COGN3,11.67,164562577.0
2020-01-20,COGN3,11.53,155057670.0
2020-01-21,COGN3,11.18,115674006.0
2020-01-22,COGN3,11.3,173137878.0
2020-01-23,COGN3,11.69,158305202.0
2020-01-24,COGN3,11.67,141554605.0
2020-01-27,COGN3,11.28,102373167.0
2020-01-28,COGN3,11.7,163426333.0
2020-01-29,COGN3,11.7,129353693.0
2020-01-30,COGN3,11.49,137833523.0
2020-01-31,COGN3,11.62,157616188.0
2020-02-03,COGN3,11.65,421286612.0
2020-02-04,COGN3,12.3,481032934.0
2020-02-05,COGN3,12.18,317913422.0
2020-02-06,COGN3,11.85,164831357.0
2020-02-07,COGN3,11.29,120918824.0
2020-02-10,COGN3,11.09,121941928.0
2020-02-11,COGN3,11.15,163099847.0
2020-02-12,COGN3,11.6,614496975.0
2020-02-13,COGN3,11.8,452355658.0
2020-02-14,COGN3,11.71,571642765.0
2020-02-17,COGN3,11.71,166676790.0
2020-02-18,COGN3,11.4,213567049.0
2020-02-19,COGN3,11.15,238705623.0
2020-02-20,COGN3,11.05,185630256.0
2020-02-21,COGN3,11.05,138165932.0
2020-02-26,COGN3,10.26,370005986.0
2020-02-27,COGN3,9.94,285713313.0
2020-02-28,COGN3,10.09,298899072.0
2020-03-02,COGN3,10.25,219728858.0
2020-03-03,COGN3,10.49,206593127.0
2020-03-04,COGN3,10.43,177950952.0
2020-03-05,COGN3,9.98,105310537.0
2020-03-06,COGN3,9.0,201372182.0
2020-03-09,COGN3,7.54,313871637.0
2020-03-10,COGN3,8.15,296649863.0
2020-03-11,COGN3,7.55,147212272.0
2020-03-12,COGN3,5.98,212701746.0
2020-03-13,COGN3,6.67,268559511.0
2020-03-16,COGN3,5.29,201732341.0
2020-03-17,COGN3,5.91,195862911.0
2020-03-18,COGN3,4.75,191239778.0
2020-03-19,COGN3,4.86,247932343.0
2020-03-20,COGN3,4.91,286288928.0
2020-03-23,COGN3,4.53,112980531.0
2020-03-24,COGN3,4.48,167392543.0
2020-03-25,COGN3,5.0,195424586.0
2020-03-26,COGN3,5.85,217566706.0
2020-03-27,COGN3,5.32,129256139.0
2020-03-30,COGN3,5.06,98732761.0
2020-03-31,COGN3,4.0,411842591.0
2020-04-01,COGN3,3.87,154906868.0
2020-04-02,COGN3,3.66,175683853.0
2020-05-04,COGN3,5.22,351627668.0
2020-05-05,COGN3,4.96,295826323.0
2020-05-06,COGN3,4.98,294706261.0
2020-05-07,COGN3,4.71,289658771.0
2020-05-08,COGN3,4.73,202210582.0
2020-05-11,COGN3,4.52,219864566.0
2020-05-12,COGN3,4.36,309266331.0
2020-05-13,COGN3,4.15,279982745.0
2020-05-14,COGN3,4.2,207392635.0
2020-05-15,COGN3,4.21,213705999.0
2020-05-18,COGN3,4.65,175143507.0
2020-05-19,COGN3,4.61,211298581.0
2020-05-20,COGN3,4.57,199556469.0
2020-05-21,COGN3,4.7,179918374.0
2020-05-22,COGN3,4.3,359864608.0
2020-05-25,COGN3,4.73,293279789.0
2020-05-26,COGN3,4.81,393756453.0
2020-05-27,COGN3,5.3,404648802.0
2020-05-28,COGN3,5.23,423633435.0
2020-05-29,COGN3,5.26,370214495.0
2020-06-01,COGN3,5.63,269893647.0
2020-06-02,COGN3,6.4,760426051.0
2020-06-03,COGN3,6.78,738319386.0
2020-06-04,COGN3,6.74,331915611.0
2020-06-05,COGN3,6.9,450928085.0
2020-06-08,COGN3,6.9,352953385.0
2020-06-09,COGN3,6.95,367931438.0
2020-06-10,COGN3,6.66,326353273.0
2020-06-12,COGN3,6.35,456390680.0
2020-06-15,COGN3,6.39,433106492.0
2020-06-16,COGN3,6.15,350393241.0
2020-06-17,COGN3,6.43,296794631.0
2020-06-18,COGN3,6.33,219166648.0
2020-06-19,COGN3,6.31,267884608.0
2020-06-22,COGN3,6.61,472287404.0
2020-06-23,COGN3,7.01,559911311.0
2020-06-24,COGN3,6.76,491668987.0
2020-06-25,COGN3,6.71,332011926.0
2020-06-26,COGN3,6.36,352302116.0
2020-06-29,COGN3,6.55,390793889.0
2020-06-30,COGN3,6.61,405883239.0
2020-07-01,COGN3,6.97,386840629.0
2020-07-02,COGN3,6.92,613988885.0
2020-07-03,COGN3,7.2,244647897.0
2020-07-06,COGN3,7.6,1008973570.0
2020-07-07,COGN3,7.45,583322889.0
2020-07-08,COGN3,7.66,516220672.0
2020-07-09,COGN3,7.78,371944159.0
2020-07-10,COGN3,8.64,1238020595.0
2020-07-13,COGN3,8.68,1071040348.0
2020-07-14,COGN3,8.62,683482258.0
2020-07-15,COGN3,8.75,502071055.0
2020-07-16,COGN3,9.19,721426778.0
2020-07-17,COGN3,9.35,576137044.0
2020-07-20,COGN3,9.6,855898682.0
2020-07-21,COGN3,9.4,811718267.0
2020-07-22,COGN3,9.39,693513607.0
2020-07-23,COGN3,8.75,1676825353.0
2020-07-24,COGN3,8.28,1044991086.0
2020-07-27,COGN3,8.33,643830330.0
2020-07-28,COGN3,9.0,990101369.0
2020-07-29,COGN3,9.24,755386589.0
2020-07-30,COGN3,9.46,958412255.0
2020-07-31,COGN3,8.28,2453842923.0
2020-09-02,COGN3,5.93,302088906.0
2020-09-03,COGN3,5.8,380531789.0
2020-09-04,COGN3,6.01,380064983.0
2020-09-08,COGN3,6.15,492438196.0
2020-09-09,COGN3,5.9,452241942.0
2020-09-10,COGN3,5.88,300785128.0
2020-09-11,COGN3,5.7,308970202.0
2020-09-14,COGN3,5.98,385218973.0
2020-09-15,COGN3,5.8,349033518.0
2020-09-16,COGN3,5.83,228552036.0
2020-09-17,COGN3,5.77,298441336.0
2020-09-18,COGN3,5.53,352928180.0
2020-09-21,COGN3,5.56,360247988.0
2020-09-22,COGN3,5.67,255253304.0
2020-09-23,COGN3,5.51,266246000.0
2020-09-24,COGN3,5.5,280546152.0
2020-09-25,COGN3,5.58,224887463.0
2020-09-28,COGN3,5.33,312320694.0
2020-09-29,COGN3,5.21,232887266.0
2020-09-30,COGN3,5.18,207097198.0
2020-10-01,COGN3,5.52,412093623.0
2020-10-02,COGN3,5.4,208333431.0
2020-10-05,COGN3,5.31,363090407.0
2020-10-06,COGN3,5.24,333906381.0
2020-10-07,COGN3,5.2,191271608.0
2020-10-08,COGN3,5.38,302552126.0
2020-10-09,COGN3,5.25,297683432.0
2020-10-13,COGN3,5.21,250384395.0
2020-10-14,COGN3,5.22,266716523.0
2020-10-15,COGN3,5.04,405624486.0
2020-10-16,COGN3,4.83,297558316.0
2020-10-19,COGN3,4.81,269215480.0
2020-10-20,COGN3,4.94,261017808.0
2020-10-21,COGN3,5.04,326925240.0
2020-10-22,COGN3,4.91,246297873.0
2020-10-23,COGN3,4.85,182021889.0
2020-10-26,COGN3,4.8,250540319.0
2020-10-27,COGN3,4.62,188589028.0
2020-10-28,COGN3,4.25,280941008.0
2020-10-29,COGN3,4.54,378081977.0
2020-10-30,COGN3,4.29,293574587.0
2020-11-03,COGN3,4.2,247367663.0
2020-11-04,COGN3,4.47,235812182.0
2020-11-05,COGN3,4.39,197685722.0
2020-11-06,COGN3,4.5,255720953.0
2020-11-09,COGN3,4.92,501960448.0
2020-11-10,COGN3,4.9,439942705.0
2020-11-11,COGN3,4.71,254569116.0
2020-11-12,COGN3,4.58,215299717.0
2020-11-13,COGN3,4.76,319426487.0
2020-11-16,COGN3,4.75,242057248.0
2020-11-17,COGN3,4.87,137596095.0
2020-11-18,COGN3,5.13,568157865.0
2020-11-19,COGN3,4.98,294977053.0
2020-11-20,COGN3,5.12,222822606.0
2020-11-23,COGN3,5.04,256732583.0
2020-11-24,COGN3,5.02,270108669.0
2020-11-25,COGN3,4.88,250448912.0
2020-11-26,COGN3,5.09,280650933.0
2020-11-27,COGN3,4.89,346912876.0
2020-11-30,COGN3,4.69,1396950158.0
2020-12-01,COGN3,5.0,344337362.0
2020-12-02,COGN3,5.17,381943491.0
2020-05-04,CPFE3,29.45,141601717.0
2020-05-05,CPFE3,30.39,125500503.0
2020-05-06,CPFE3,30.1,103635555.0
2020-05-07,CPFE3,28.19,152692774.0
2020-05-08,CPFE3,29.65,70031364.0
2020-05-11,CPFE3,29.17,58711152.0
2020-05-12,CPFE3,28.99,95194600.0
2020-05-13,CPFE3,28.2,169772110.0
2020-05-14,CPFE3,29.35,78864074.0
2020-05-15,CPFE3,29.69,118085814.0
2020-05-18,CPFE3,30.25,83547189.0
2020-05-19,CPFE3,29.4,121645890.0
2020-05-20,CPFE3,28.63,142454130.0
2020-05-21,CPFE3,29.82,166147732.0
2020-05-22,CPFE3,30.57,115146368.0
2020-05-25,CPFE3,31.82,89004927.0
2020-05-26,CPFE3,31.55,122712048.0
2020-05-27,CPFE3,33.61,190502845.0
2020-05-28,CPFE3,32.78,136641090.0
2020-05-29,CPFE3,32.25,1035548577.0
2020-06-01,CPFE3,31.72,115159279.0
2020-06-02,CPFE3,32.0,79384830.0
2020-06-03,CPFE3,32.1,197554662.0
2020-06-04,CPFE3,32.05,78797513.0
2020-06-05,CPFE3,32.4,203682356.0
2020-06-08,CPFE3,33.21,164338218.0
2020-06-09,CPFE3,33.45,173393527.0
2020-06-10,CPFE3,33.06,98824892.0
2020-06-12,CPFE3,32.31,110185394.0
2020-06-15,CPFE3,31.6,86897528.0
2020-06-16,CPFE3,31.17,103042453.0
2020-06-17,CPFE3,31.96,76943063.0
2020-06-18,CPFE3,31.69,101242137.0
2020-06-19,CPFE3,32.18,98469747.0
2020-06-22,CPFE3,31.6,45341110.0
2020-06-23,CPFE3,30.55,129540106.0
2020-06-24,CPFE3,30.27,86796253.0
2020-06-25,CPFE3,30.41,80997627.0
2020-06-26,CPFE3,29.96,65441888.0
2020-06-29,CPFE3,30.31,64318074.0
2020-06-30,CPFE3,30.66,78278630.0
2020-07-01,CPFE3,30.81,124663854.0
2020-07-02,CPFE3,30.43,80344177.0
2020-07-03,CPFE3,30.8,26099206.0
2020-07-06,CPFE3,31.49,172430772.0
2020-07-07,CPFE3,31.25,99413532.0
2020-07-08,CPFE3,30.91,115415830.0
2020-07-09,CPFE3,30.26,136771890.0
2020-07-10,CPFE3,30.34,45479854.0
2020-07-13,CPFE3,29.92,52153036.0
2020-07-14,CPFE3,30.39,77972364.0
2020-07-15,CPFE3,30.8,99911011.0
2020-07-16,CPFE3,30.24,91082979.0
2020-07-17,CPFE3,30.65,91727549.0
2020-07-20,CPFE3,31.14,65338399.0
2020-07-21,CPFE3,31.14,78909825.0
2020-07-22,CPFE3,31.71,85104897.0
2020-07-23,CPFE3,31.59,102956669.0
2020-07-24,CPFE3,32.22,132023554.0
2020-07-27,CPFE3,33.01,163876034.0
2020-07-28,CPFE3,31.2,120536790.0
2020-07-29,CPFE3,31.4,70540788.0
2020-07-30,CPFE3,31.73,123594608.0
2020-07-31,CPFE3,31.4,92155344.0
2020-09-02,CPFE3,29.03,65173638.0
2020-09-03,CPFE3,29.41,71809293.0
2020-09-04,CPFE3,29.35,78501579.0
2020-09-08,CPFE3,29.52,71907990.0
2020-09-09,CPFE3,30.44,95788239.0
2020-09-10,CPFE3,29.78,50764798.0
2020-09-11,CPFE3,28.84,70417757.0
2020-09-14,CPFE3,30.05,89526468.0
2020-09-15,CPFE3,29.7,100262214.0
2020-09-16,CPFE3,29.95,76952183.0
2020-09-17,CPFE3,30.01,85672740.0
2020-09-18,CPFE3,29.0,75842019.0
2020-09-21,CPFE3,28.5,88960922.0
2020-09-22,CPFE3,29.0,99960323.0
2020-09-23,CPFE3,28.44,88036145.0
2020-09-24,CPFE3,28.63,46888894.0
2020-09-25,CPFE3,28.32,37330548.0
2020-09-28,CPFE3,27.77,83159021.0
2020-09-29,CPFE3,27.57,51906705.0
2020-09-30,CPFE3,27.56,63515801.0
2020-10-01,CPFE3,27.78,103055684.0
2020-10-02,CPFE3,27.42,37877859.0
2020-10-05,CPFE3,27.55,44945753.0
2020-10-06,CPFE3,27.83,72369395.0
2020-10-07,CPFE3,27.45,35041340.0
2020-10-08,CPFE3,27.81,78083082.0
2020-10-09,CPFE3,27.57,81047621.0
2020-10-13,CPFE3,27.58,123468692.0
2020-10-14,CPFE3,27.8,120503316.0
2020-10-15,CPFE3,28.08,193822042.0
2020-10-16,CPFE3,27.92,99547575.0
2020-10-19,CPFE3,28.2,69125661.0
2020-10-20,CPFE3,29.28,175870661.0
2020-10-21,CPFE3,29.1,49955684.0
2020-10-22,CPFE3,29.74,75325134.0
2020-10-23,CPFE3,29.37,67537298.0
2020-10-26,CPFE3,29.53,58098192.0
2020-10-27,CPFE3,29.59,89007927.0
2020-10-28,CPFE3,28.62,76467120.0
2020-10-29,CPFE3,28.57,72293344.0
2020-10-30,CPFE3,27.87,65520493.0
2020-11-03,CPFE3,28.07,66830049.0
2020-11-04,CPFE3,28.79,64867311.0
2020-11-05,CPFE3,30.47,115663243.0
2020-11-06,CPFE3,31.0,79904772.0
2020-11-09,CPFE3,30.67,103433328.0
2020-11-10,CPFE3,30.79,70967710.0
2020-11-11,CPFE3,30.41,63651446.0
2020-11-12,CPFE3,29.7,67596703.0
2020-11-13,CPFE3,30.6,88390543.0
2020-11-16,CPFE3,30.26,61556139.0
2020-11-17,CPFE3,31.03,111814489.0
2020-11-18,CPFE3,30.88,102918157.0
2020-11-19,CPFE3,30.77,59596769.0
2020-11-20,CPFE3,30.34,39393603.0
2020-11-23,CPFE3,30.11,40381053.0
2020-11-24,CPFE3,30.25,62239403.0
2020-11-25,CPFE3,30.22,79373167.0
2020-11-26,CPFE3,30.32,26135588.0
2020-11-27,CPFE3,30.6,57395636.0
2020-11-30,CPFE3,31.35,199320623.0
2020-12-01,CPFE3,30.69,81719107.0
2020-12-02,CPFE3,30.85,46882430.0
2020-01-02,CRFB3,23.93,75795048.0
2020-01-03,CRFB3,24.55,376055784.0
2020-01-06,CRFB3,23.48,90365148.0
2020-01-07,CRFB3,23.34,106862743.0
2020-01-08,CRFB3,22.9,92095662.0
2020-01-09,CRFB3,23.4,77032057.0
2020-01-10,CRFB3,23.64,47184333.0
2020-01-13,CRFB3,23.43,119542758.0
2020-01-14,CRFB3,23.4,75665557.0
2020-01-15,CRFB3,22.85,67242512.0
2020-01-16,CRFB3,23.44,65609817.0
2020-01-17,CRFB3,23.39,73163824.0
2020-01-20,CRFB3,23.54,19715301.0
2020-01-21,CRFB3,22.97,43020455.0
2020-01-22,CRFB3,23.28,42959063.0
2020-01-23,CRFB3,23.75,145205065.0
2020-01-24,CRFB3,23.66,70236778.0
2020-01-27,CRFB3,22.66,39808913.0
2020-01-28,CRFB3,23.39,47775505.0
2020-01-29,CRFB3,23.6,53193098.0
2020-01-30,CRFB3,23.12,87028097.0
2020-01-31,CRFB3,22.59,87708598.0
2020-02-03,CRFB3,22.55,74546967.0
2020-02-04,CRFB3,23.08,93727071.0
2020-02-05,CRFB3,22.94,60679449.0
2020-02-06,CRFB3,22.62,69914913.0
2020-02-07,CRFB3,22.54,100311553.0
2020-02-10,CRFB3,22.15,37807768.0
2020-02-11,CRFB3,22.05,44849367.0
2020-02-12,CRFB3,22.14,58465744.0
2020-02-13,CRFB3,22.02,34449432.0
2020-02-14,CRFB3,21.65,42379451.0
2020-02-17,CRFB3,22.4,91492618.0
2020-02-18,CRFB3,22.04,51724642.0
2020-02-19,CRFB3,21.8,60174661.0
2020-02-20,CRFB3,21.47,44203608.0
2020-02-21,CRFB3,21.5,96571537.0
2020-02-26,CRFB3,20.45,65092974.0
2020-02-27,CRFB3,19.61,87240266.0
2020-02-28,CRFB3,20.69,100085593.0
2020-03-02,CRFB3,21.5,69039926.0
2020-03-03,CRFB3,21.9,107682070.0
2020-03-04,CRFB3,22.3,95531361.0
2020-03-05,CRFB3,21.28,68232786.0
2020-03-06,CRFB3,21.32,82320023.0
2020-03-09,CRFB3,20.24,159136583.0
2020-03-10,CRFB3,21.15,168677980.0
2020-03-11,CRFB3,20.44,149847206.0
2020-03-12,CRFB3,18.0,81124466.0
2020-03-13,CRFB3,19.32,176520316.0
2020-03-16,CRFB3,17.6,97385764.0
2020-03-17,CRFB3,19.8,194088213.0
2020-03-18,CRFB3,20.19,162668171.0
2020-03-19,CRFB3,21.75,172050491.0
2020-03-20,CRFB3,22.8,197906698.0
2020-03-23,CRFB3,22.42,169741351.0
2020-03-24,CRFB3,21.8,108998102.0
2020-03-25,CRFB3,20.85,151162426.0
2020-03-26,CRFB3,21.6,118965495.0
2020-03-27,CRFB3,21.25,134121690.0
2020-03-30,CRFB3,21.58,81734841.0
2020-03-31,CRFB3,20.63,93846056.0
2020-04-01,CRFB3,19.72,90019437.0
2020-04-02,CRFB3,21.47,95994342.0
2020-05-04,CRFB3,20.04,93818497.0
2020-05-05,CRFB3,19.86,95968338.0
2020-05-06,CRFB3,19.88,77280352.0
2020-05-07,CRFB3,19.62,138754794.0
2020-05-08,CRFB3,19.75,55081309.0
2020-05-11,CRFB3,19.38,43671855.0
2020-05-12,CRFB3,18.54,90889655.0
2020-05-13,CRFB3,18.12,55243850.0
2020-05-14,CRFB3,17.9,75930780.0
2020-05-15,CRFB3,17.38,53340896.0
2020-05-18,CRFB3,17.18,903370534.0
2020-05-19,CRFB3,17.13,501191603.0
2020-05-20,CRFB3,17.4,192299260.0
2020-05-21,CRFB3,17.8,130128863.0
2020-05-22,CRFB3,17.61,81689053.0
2020-05-25,CRFB3,17.99,68452007.0
2020-05-26,CRFB3,17.79,120607830.0
2020-05-27,CRFB3,18.47,115908574.0
2020-05-28,CRFB3,17.98,154533684.0
2020-05-29,CRFB3,18.49,234660950.0
2020-06-01,CRFB3,18.4,120407091.0
2020-06-02,CRFB3,18.7,127424377.0
2020-06-03,CRFB3,18.85,164156004.0
2020-06-04,CRFB3,18.5,92609806.0
2020-06-05,CRFB3,18.25,106839379.0
2020-06-08,CRFB3,18.4,100860997.0
2020-06-09,CRFB3,18.37,80511088.0
2020-06-10,CRFB3,18.01,69554182.0
2020-06-12,CRFB3,18.5,202224145.0
2020-06-15,CRFB3,18.3,119302739.0
2020-06-16,CRFB3,19.0,125738694.0
2020-06-17,CRFB3,19.04,94004294.0
2020-06-18,CRFB3,19.16,80213010.0
2020-06-19,CRFB3,19.81,170903858.0
2020-06-22,CRFB3,19.4,80966475.0
2020-06-23,CRFB3,19.73,82715483.0
2020-06-24,CRFB3,19.63,64813639.0
2020-06-25,CRFB3,20.0,77495853.0
2020-06-26,CRFB3,19.5,56704134.0
2020-06-29,CRFB3,19.84,94805083.0
2020-06-30,CRFB3,19.75,67462984.0
2020-07-01,CRFB3,19.94,103595354.0
2020-07-02,CRFB3,20.12,131408825.0
2020-07-03,CRFB3,20.2,50429713.0
2020-07-06,CRFB3,20.06,99472278.0
2020-07-07,CRFB3,19.9,83096429.0
2020-07-08,CRFB3,20.7,77169687.0
2020-07-09,CRFB3,20.15,136213953.0
2020-07-10,CRFB3,20.2,59801301.0
2020-07-13,CRFB3,19.85,62739161.0
2020-07-14,CRFB3,19.89,54883746.0
2020-07-15,CRFB3,19.67,77684479.0
2020-07-16,CRFB3,19.44,115038572.0
2020-07-17,CRFB3,20.22,80014884.0
2020-07-20,CRFB3,20.33,89352602.0
2020-07-21,CRFB3,20.9,68053173.0
2020-07-22,CRFB3,20.85,89539733.0
2020-07-23,CRFB3,20.5,73812495.0
2020-07-24,CRFB3,20.63,66694307.0
2020-07-27,CRFB3,21.36,81650375.0
2020-07-28,CRFB3,22.5,580248301.0
2020-07-29,CRFB3,22.31,127358003.0
2020-07-30,CRFB3,22.65,99083462.0
2020-07-31,CRFB3,22.44,158574995.0
2020-09-02,CRFB3,20.52,216556425.0
2020-09-03,CRFB3,20.75,283489913.0
2020-09-04,CRFB3,20.62,132831716.0
2020-09-08,CRFB3,20.77,108143012.0
2020-09-09,CRFB3,20.87,125340642.0
2020-09-10,CRFB3,20.55,203938222.0
2020-09-11,CRFB3,20.48,104639331.0
2020-09-14,CRFB3,20.58,55457056.0
2020-09-15,CRFB3,20.92,74656433.0
2020-09-16,CRFB3,21.05,52612734.0
2020-09-17,CRFB3,21.48,107443446.0
2020-09-18,CRFB3,21.18,96523157.0
2020-09-21,CRFB3,21.02,108773621.0
2020-09-22,CRFB3,21.33,221708093.0
2020-09-23,CRFB3,20.5,157581563.0
2020-09-24,CRFB3,21.07,112038468.0
2020-09-25,CRFB3,20.89,72101284.0
2020-09-28,CRFB3,20.23,84558380.0
2020-09-29,CRFB3,20.06,107636055.0
2020-09-30,CRFB3,20.49,137523400.0
2020-10-01,CRFB3,20.72,89239205.0
2020-10-02,CRFB3,20.36,74490806.0
2020-10-05,CRFB3,20.52,56103399.0
2020-10-06,CRFB3,20.64,108881029.0
2020-10-07,CRFB3,20.49,66102917.0
2020-10-08,CRFB3,20.86,113656387.0
2020-10-09,CRFB3,20.87,171139551.0
2020-10-13,CRFB3,20.89,76360773.0
2020-10-14,CRFB3,20.98,54898011.0
2020-10-15,CRFB3,20.7,51458207.0
2020-10-16,CRFB3,20.74,64345915.0
2020-10-19,CRFB3,20.39,84979126.0
2020-10-20,CRFB3,20.7,53252694.0
2020-10-21,CRFB3,20.5,182582238.0
2020-10-22,CRFB3,20.45,49512193.0
2020-10-23,CRFB3,20.15,73820818.0
2020-10-26,CRFB3,20.25,123955091.0
2020-10-27,CRFB3,20.13,69681314.0
2020-10-28,CRFB3,19.7,233203440.0
2020-10-29,CRFB3,19.2,221717638.0
2020-10-30,CRFB3,18.45,338280091.0
2020-11-03,CRFB3,18.73,157173437.0
2020-11-04,CRFB3,19.05,74908664.0
2020-11-05,CRFB3,19.37,85836064.0
2020-11-06,CRFB3,19.84,100466394.0
2020-11-09,CRFB3,19.93,129662555.0
2020-11-10,CRFB3,19.64,110978754.0
2020-11-11,CRFB3,19.2,185903362.0
2020-11-12,CRFB3,19.01,93015056.0
2020-11-13,CRFB3,19.41,108998846.0
2020-11-16,CRFB3,19.78,124814648.0
2020-11-17,CRFB3,19.89,65382552.0
2020-11-18,CRFB3,20.0,98330410.0
2020-11-19,CRFB3,20.29,111956422.0
2020-11-20,CRFB3,20.39,111308805.0
2020-11-23,CRFB3,19.3,468665112.0
2020-11-24,CRFB3,19.2,257595217.0
2020-11-25,CRFB3,19.05,140238563.0
2020-11-26,CRFB3,19.47,90390681.0
2020-11-27,CRFB3,19.41,61581028.0
2020-11-30,CRFB3,20.11,186466303.0
2020-12-01,CRFB3,19.84,136322879.0
2020-12-02,CRFB3,19.4,117790908.0
2019-01-04,CSAN3,36.03,95022242.0
2019-01-07,CSAN3,35.5,52190173.0
2019-01-08,CSAN3,35.89,39030997.0
2019-01-09,CSAN3,38.82,132397121.0
2019-01-10,CSAN3,39.74,116169277.0
2019-01-11,CSAN3,38.95,50634078.0
2019-01-14,CSAN3,39.2,46848328.0
2019-01-15,CSAN3,39.61,55563015.0
2019-01-16,CSAN3,41.55,138885152.0
2019-01-17,CSAN3,42.18,117713547.0
2019-01-18,CSAN3,42.18,65214316.0
2019-01-21,CSAN3,40.91,51394241.0
2019-01-22,CSAN3,40.87,68808987.0
2019-01-23,CSAN3,42.55,63051901.0
2019-01-24,CSAN3,43.44,72168395.0
2019-01-28,CSAN3,43.52,58682117.0
2019-01-29,CSAN3,44.22,52475950.0
2019-01-30,CSAN3,44.95,68526071.0
2019-01-31,CSAN3,44.39,69100845.0
2019-02-01,CSAN3,44.35,58130110.0
2019-02-04,CSAN3,44.5,64840308.0
2019-02-05,CSAN3,45.0,54119021.0
2019-02-06,CSAN3,43.29,52623896.0
2019-02-07,CSAN3,42.9,54446970.0
2019-02-08,CSAN3,43.12,33828777.0
2019-02-11,CSAN3,42.88,31446432.0
2019-02-12,CSAN3,42.54,49976875.0
2019-02-13,CSAN3,42.53,61405468.0
2019-02-14,CSAN3,42.7,56590282.0
2019-02-15,CSAN3,42.9,70247163.0
2019-02-18,CSAN3,42.2,54620469.0
2019-02-19,CSAN3,43.52,80921591.0
2019-02-20,CSAN3,44.73,108751431.0
2019-02-21,CSAN3,44.28,59985454.0
2019-02-22,CSAN3,45.08,63214399.0
2019-02-25,CSAN3,44.1,56908749.0
2019-02-26,CSAN3,45.15,87041866.0
2019-02-27,CSAN3,44.5,47638073.0
2019-02-28,CSAN3,43.7,51760643.0
2019-03-01,CSAN3,42.66,58625017.0
2019-03-06,CSAN3,41.42,60524637.0
2019-03-07,CSAN3,41.43,48933649.0
2019-03-08,CSAN3,42.06,45977366.0
2019-03-11,CSAN3,43.88,60585244.0
2019-03-12,CSAN3,43.84,46790005.0
2019-03-13,CSAN3,44.0,49286547.0
2019-03-14,CSAN3,43.7,36183562.0
2019-03-15,CSAN3,44.28,46933965.0
2019-03-18,CSAN3,45.0,83118585.0
2019-03-19,CSAN3,45.79,142138975.0
2019-03-20,CSAN3,45.93,113953039.0
2019-03-21,CSAN3,46.44,123845210.0
2019-03-22,CSAN3,45.19,87469143.0
2019-03-25,CSAN3,43.48,78214773.0
2019-03-26,CSAN3,43.75,53668416.0
2019-03-27,CSAN3,42.14,70378938.0
2019-03-28,CSAN3,42.15,95909614.0
2019-03-29,CSAN3,42.65,81860989.0
2019-04-01,CSAN3,43.61,73819443.0
2019-04-02,CSAN3,43.03,41829032.0
2019-05-03,CSAN3,45.19,58952104.0
2019-05-06,CSAN3,44.86,57953423.0
2019-05-07,CSAN3,44.56,72555851.0
2019-05-08,CSAN3,45.27,82140167.0
2019-05-09,CSAN3,44.25,60590050.0
2019-05-10,CSAN3,44.76,79404619.0
2019-05-13,CSAN3,44.49,59814839.0
2019-05-14,CSAN3,44.2,67095384.0
2019-05-15,CSAN3,43.8,100612308.0
2019-05-16,CSAN3,43.6,125381039.0
2019-05-17,CSAN3,42.27,97684673.0
2019-05-20,CSAN3,44.35,104433871.0
2019-05-21,CSAN3,45.25,82464109.0
2019-05-22,CSAN3,45.87,80367078.0
2019-05-23,CSAN3,45.85,78213546.0
2019-05-24,CSAN3,44.5,73829134.0
2019-05-27,CSAN3,45.07,35716170.0
2019-05-28,CSAN3,45.95,123046483.0
2019-05-29,CSAN3,46.4,56306894.0
2019-05-30,CSAN3,46.71,89737108.0
2019-05-31,CSAN3,47.14,89244418.0
2019-06-03,CSAN3,47.49,52403170.0
2019-06-04,CSAN3,48.27,70814688.0
2019-06-05,CSAN3,46.95,78488200.0
2019-06-06,CSAN3,47.77,52285482.0
2019-06-07,CSAN3,47.32,84696210.0
2019-06-10,CSAN3,47.01,50199636.0
2019-06-11,CSAN3,49.0,71807206.0
2019-06-12,CSAN3,48.17,51537524.0
2019-06-13,CSAN3,48.6,48689448.0
2019-06-14,CSAN3,47.28,68590435.0
2019-06-17,CSAN3,46.1,72640464.0
2019-06-18,CSAN3,46.7,74061241.0
2019-06-19,CSAN3,46.7,46111284.0
2019-06-21,CSAN3,46.22,89514619.0
2019-06-24,CSAN3,46.44,59402422.0
2019-06-25,CSAN3,45.17,70871405.0
2019-06-26,CSAN3,46.4,53156435.0
2019-06-27,CSAN3,46.2,56121658.0
2019-06-28,CSAN3,46.15,118254324.0
2019-07-01,CSAN3,47.7,90613552.0
2019-07-02,CSAN3,47.07,75376094.0
2019-07-03,CSAN3,47.67,89920261.0
2019-07-04,CSAN3,48.47,55310442.0
2019-07-05,CSAN3,48.79,68879656.0
2019-07-08,CSAN3,48.85,31748220.0
2019-07-10,CSAN3,50.87,151967417.0
2019-07-11,CSAN3,49.85,54315514.0
2019-07-12,CSAN3,49.67,42685342.0
2019-07-15,CSAN3,50.56,56775666.0
2019-07-16,CSAN3,49.79,59552204.0
2019-07-17,CSAN3,49.6,64609062.0
2019-07-18,CSAN3,50.28,59779540.0
2019-07-19,CSAN3,49.5,64573723.0
2019-07-22,CSAN3,50.1,51567775.0
2019-07-23,CSAN3,49.58,74005313.0
2019-07-24,CSAN3,50.53,62247344.0
2019-07-25,CSAN3,49.89,49301874.0
2019-07-26,CSAN3,49.97,55972484.0
2019-07-29,CSAN3,49.3,45990695.0
2019-07-30,CSAN3,51.08,95981772.0
2019-07-31,CSAN3,50.88,86142413.0
2019-08-01,CSAN3,51.57,98121490.0
2019-08-02,CSAN3,51.11,84784980.0
2019-09-02,CSAN3,49.69,34646147.0
2019-09-03,CSAN3,49.55,55747304.0
2019-09-04,CSAN3,50.66,87640945.0
2019-09-05,CSAN3,51.23,85213637.0
2019-09-06,CSAN3,51.71,40974743.0
2019-09-09,CSAN3,52.48,73334564.0
2019-09-10,CSAN3,52.85,79617115.0
2019-09-11,CSAN3,53.74,95541466.0
2019-09-12,CSAN3,54.81,70185832.0
2019-09-13,CSAN3,54.55,36942907.0
2019-09-16,CSAN3,54.57,92227909.0
2019-09-17,CSAN3,53.88,81403934.0
2019-09-18,CSAN3,53.53,87720780.0
2019-09-19,CSAN3,54.0,67559095.0
2019-09-20,CSAN3,54.18,73347858.0
2019-09-23,CSAN3,52.81,77803627.0
2019-09-24,CSAN3,53.44,60798927.0
2019-09-25,CSAN3,54.26,47247381.0
2019-09-26,CSAN3,54.98,62229208.0
2019-09-27,CSAN3,53.53,59139160.0
2019-09-30,CSAN3,53.2,68526133.0
2019-10-01,CSAN3,53.61,94606771.0
2019-10-02,CSAN3,52.7,61067073.0
2019-10-03,CSAN3,53.1,52608408.0
2019-10-04,CSAN3,53.61,30416330.0
2019-10-07,CSAN3,51.49,75286163.0
2019-10-08,CSAN3,52.62,73152042.0
2019-10-09,CSAN3,53.82,55985751.0
2019-10-10,CSAN3,54.51,66603650.0
2019-10-11,CSAN3,55.68,74143727.0
2019-10-14,CSAN3,56.14,27400792.0
2019-10-15,CSAN3,56.5,46158989.0
2019-10-16,CSAN3,57.55,51922082.0
2019-10-17,CSAN3,56.7,43318224.0
2019-10-18,CSAN3,56.77,24719394.0
2019-10-21,CSAN3,57.1,32681144.0
2019-10-22,CSAN3,57.67,74799791.0
2019-10-23,CSAN3,57.3,67803843.0
2019-10-24,CSAN3,56.61,60096537.0
2019-10-25,CSAN3,57.22,34559958.0
2019-10-28,CSAN3,57.13,44710985.0
2019-10-29,CSAN3,56.7,71063619.0
2019-10-30,CSAN3,58.79,72216309.0
2019-10-31,CSAN3,57.79,101904772.0
2019-11-01,CSAN3,58.85,57841269.0
2019-11-04,CSAN3,60.0,68362248.0
2019-11-05,CSAN3,59.5,66589214.0
2019-11-06,CSAN3,59.07,53341467.0
2019-11-07,CSAN3,59.86,62167486.0
2019-11-08,CSAN3,59.4,54978931.0
2019-11-11,CSAN3,60.59,97563929.0
2019-11-12,CSAN3,57.6,182826337.0
2019-11-13,CSAN3,59.0,166029716.0
2019-11-14,CSAN3,60.8,70037282.0
2019-11-18,CSAN3,61.7,83257625.0
2019-11-19,CSAN3,60.35,84833972.0
2019-11-21,CSAN3,61.91,79559000.0
2019-11-22,CSAN3,62.91,75327652.0
2019-11-25,CSAN3,62.5,42911120.0
2019-11-26,CSAN3,61.56,100119067.0
2019-11-27,CSAN3,61.57,48252369.0
2019-11-28,CSAN3,62.31,106914820.0
2019-11-29,CSAN3,62.1,60033476.0
2019-12-02,CSAN3,64.5,181201786.0
2020-01-02,CSAN3,71.71,96963699.0
2020-01-03,CSAN3,73.1,144431923.0
2020-01-06,CSAN3,72.67,104336344.0
2020-01-07,CSAN3,73.98,113923009.0
2020-01-08,CSAN3,72.76,112534056.0
2020-01-09,CSAN3,71.98,112327746.0
2020-01-10,CSAN3,73.05,126374973.0
2020-01-13,CSAN3,74.92,112526154.0
2020-01-14,CSAN3,77.31,121396386.0
2020-01-15,CSAN3,76.04,186714949.0
2020-01-16,CSAN3,77.2,76365260.0
2020-01-17,CSAN3,78.0,89848180.0
2020-01-20,CSAN3,79.56,83842281.0
2020-01-21,CSAN3,78.07,82414127.0
2020-01-22,CSAN3,80.39,58523516.0
2020-01-23,CSAN3,80.71,121755354.0
2020-01-24,CSAN3,80.57,61339754.0
2020-01-27,CSAN3,78.81,61813835.0
2020-01-28,CSAN3,80.35,80215620.0
2020-01-29,CSAN3,79.99,91198800.0
2020-01-30,CSAN3,80.68,125263686.0
2020-01-31,CSAN3,79.7,144239790.0
2020-02-03,CSAN3,82.24,111463329.0
2020-02-04,CSAN3,81.4,151759631.0
2020-02-05,CSAN3,82.3,150528598.0
2020-02-06,CSAN3,80.96,88242239.0
2020-02-07,CSAN3,78.9,153920749.0
2020-02-10,CSAN3,78.9,194042424.0
2020-02-11,CSAN3,83.7,193525014.0
2020-02-12,CSAN3,84.2,271915982.0
2020-02-13,CSAN3,83.27,183868671.0
2020-02-14,CSAN3,82.7,81926160.0
2020-02-17,CSAN3,81.06,199468893.0
2020-02-18,CSAN3,79.54,175544766.0
2020-02-19,CSAN3,81.1,237833218.0
2020-02-20,CSAN3,79.87,94971617.0
2020-02-21,CSAN3,79.6,126754100.0
2020-02-26,CSAN3,75.37,132337053.0
2020-02-27,CSAN3,72.18,193982702.0
2020-02-28,CSAN3,73.17,236834415.0
2020-03-02,CSAN3,75.55,205627799.0
2020-03-03,CSAN3,75.97,217917014.0
2020-03-04,CSAN3,77.06,146686598.0
2020-03-05,CSAN3,71.99,158097752.0
2020-03-06,CSAN3,69.36,195474351.0
2020-03-09,CSAN3,63.0,284259813.0
2020-03-10,CSAN3,67.27,219557321.0
2020-03-11,CSAN3,59.5,154076515.0
2020-03-12,CSAN3,48.53,103430948.0
2020-03-13,CSAN3,55.45,149305301.0
2020-03-16,CSAN3,49.24,174619772.0
2020-03-17,CSAN3,52.05,174871965.0
2020-03-18,CSAN3,46.0,171346486.0
2020-03-19,CSAN3,47.1,133090919.0
2020-03-20,CSAN3,50.5,195012234.0
2020-03-23,CSAN3,48.97,169206431.0
2020-03-24,CSAN3,52.9,167583619.0
2020-03-25,CSAN3,57.0,126835522.0
2020-03-26,CSAN3,61.46,138163068.0
2020-03-27,CSAN3,55.64,184446095.0
2020-03-30,CSAN3,55.58,122072699.0
2020-03-31,CSAN3,53.76,117283488.0
2020-04-01,CSAN3,49.9,104246811.0
2020-04-02,CSAN3,49.71,145160223.0
2020-05-04,CSAN3,59.53,65350547.0
2020-05-05,CSAN3,61.24,74093618.0
2020-05-06,CSAN3,60.35,65352063.0
2020-05-07,CSAN3,58.35,109741615.0
2020-05-08,CSAN3,62.29,115631829.0
2020-05-11,CSAN3,60.81,96864586.0
2020-05-12,CSAN3,59.47,75666173.0
2020-05-13,CSAN3,59.03,104412038.0
2020-05-14,CSAN3,59.07,188565707.0
2020-05-15,CSAN3,57.75,79930550.0
2020-05-18,CSAN3,61.11,94299763.0
2020-05-19,CSAN3,62.5,109406013.0
2020-05-20,CSAN3,63.41,144919788.0
2020-05-21,CSAN3,65.56,163226798.0
2020-05-22,CSAN3,62.99,93048537.0
2020-05-25,CSAN3,63.75,68167643.0
2020-05-26,CSAN3,63.88,164115599.0
2020-05-27,CSAN3,66.27,251735962.0
2020-05-28,CSAN3,65.18,136641895.0
2020-05-29,CSAN3,65.85,181152057.0
2020-06-01,CSAN3,68.29,278484339.0
2020-06-02,CSAN3,69.9,130535332.0
2020-06-03,CSAN3,71.83,136793672.0
2020-06-04,CSAN3,69.43,91132101.0
2020-06-05,CSAN3,69.22,117092016.0
2020-06-08,CSAN3,69.3,108931229.0
2020-06-09,CSAN3,68.53,116520078.0
2020-06-10,CSAN3,66.25,111297736.0
2020-06-12,CSAN3,65.76,123074007.0
2020-06-15,CSAN3,66.82,97991248.0
2020-06-16,CSAN3,67.7,124991787.0
2020-06-17,CSAN3,69.82,120621639.0
2020-06-18,CSAN3,71.6,108904804.0
2020-06-19,CSAN3,70.54,150319540.0
2020-06-22,CSAN3,70.29,51240114.0
2020-06-23,CSAN3,68.76,66595671.0
2020-06-24,CSAN3,68.79,73225781.0
2020-06-25,CSAN3,70.16,47935079.0
2020-06-26,CSAN3,68.69,97791188.0
2020-06-29,CSAN3,70.18,58507193.0
2020-06-30,CSAN3,70.92,139620886.0
2020-07-01,CSAN3,74.94,194365043.0
2020-07-02,CSAN3,74.03,105202220.0
2020-07-03,CSAN3,75.62,57672175.0
2020-07-06,CSAN3,76.78,312298386.0
2020-07-07,CSAN3,73.5,228932130.0
2020-07-08,CSAN3,75.24,182144699.0
2020-07-09,CSAN3,73.75,126382709.0
2020-07-10,CSAN3,74.4,141951737.0
2020-07-13,CSAN3,73.18,118282130.0
2020-07-14,CSAN3,74.51,124442516.0
2020-07-15,CSAN3,77.4,186415547.0
2020-07-16,CSAN3,77.73,106854688.0
2020-07-17,CSAN3,81.73,196362553.0
2020-07-20,CSAN3,84.75,150526436.0
2020-07-21,CSAN3,83.63,145156398.0
2020-07-22,CSAN3,84.02,119933622.0
2020-07-23,CSAN3,82.96,111775305.0
2020-07-24,CSAN3,82.44,129871300.0
2020-07-27,CSAN3,83.0,95901938.0
2020-07-28,CSAN3,82.65,86964086.0
2020-07-29,CSAN3,84.05,126401698.0
2020-07-30,CSAN3,88.1,147517933.0
2020-07-31,CSAN3,90.4,164752330.0
2020-09-02,CSAN3,79.11,229850675.0
2020-09-03,CSAN3,76.7,231965188.0
2020-09-04,CSAN3,76.87,224827907.0
2020-09-08,CSAN3,76.02,133985518.0
2020-09-09,CSAN3,78.31,207442097.0
2020-09-10,CSAN3,75.56,108052741.0
2020-09-11,CSAN3,74.26,108592378.0
2020-09-14,CSAN3,74.24,112539098.0
2020-09-15,CSAN3,75.71,128101472.0
2020-09-16,CSAN3,75.22,85290918.0
2020-09-17,CSAN3,75.61,74308322.0
2020-09-18,CSAN3,74.05,146532246.0
2020-09-21,CSAN3,73.36,68265325.0
2020-09-22,CSAN3,71.97,98093513.0
2020-09-23,CSAN3,68.96,172346553.0
2020-09-24,CSAN3,69.49,130841275.0
2020-09-25,CSAN3,68.3,58650736.0
2020-09-28,CSAN3,66.31,116013098.0
2020-09-29,CSAN3,65.86,105705782.0
2020-09-30,CSAN3,68.33,183454809.0
2020-10-01,CSAN3,70.33,312020391.0
2020-10-02,CSAN3,68.28,142073565.0
2020-10-05,CSAN3,68.69,68592867.0
2020-10-06,CSAN3,67.87,55408784.0
2020-10-07,CSAN3,67.95,73327461.0
2020-10-08,CSAN3,68.4,76334023.0
2020-10-09,CSAN3,66.24,160810215.0
2020-10-13,CSAN3,67.24,123543186.0
2020-10-14,CSAN3,69.0,126270626.0
2020-10-15,CSAN3,70.38,139707693.0
2020-10-16,CSAN3,68.58,146721462.0
2020-10-19,CSAN3,70.84,161041401.0
2020-10-20,CSAN3,70.27,115951410.0
2020-10-21,CSAN3,70.89,110552454.0
2020-10-22,CSAN3,70.29,86051732.0
2020-10-23,CSAN3,69.24,88750025.0
2020-10-26,CSAN3,68.25,77869715.0
2020-10-27,CSAN3,70.17,136551472.0
2020-10-28,CSAN3,67.9,108493149.0
2020-10-29,CSAN3,67.22,117172755.0
2020-10-30,CSAN3,64.99,116267292.0
2020-11-03,CSAN3,66.3,103485945.0
2020-11-04,CSAN3,66.79,129981158.0
2020-11-05,CSAN3,73.55,229307569.0
2020-11-06,CSAN3,72.91,148891745.0
2020-11-09,CSAN3,73.7,228220773.0
2020-11-10,CSAN3,76.27,245755939.0
2020-11-11,CSAN3,75.8,86133330.0
2020-11-12,CSAN3,74.84,183928860.0
2020-11-13,CSAN3,78.44,177440936.0
2020-11-16,CSAN3,79.93,119760684.0
2020-11-17,CSAN3,79.5,101739446.0
2020-11-18,CSAN3,79.25,133679567.0
2020-11-19,CSAN3,80.01,122246115.0
2020-11-20,CSAN3,82.03,168600677.0
2020-11-23,CSAN3,84.76,243982620.0
2020-11-24,CSAN3,83.65,170956407.0
2020-11-25,CSAN3,84.47,155165832.0
2020-11-26,CSAN3,84.47,74760778.0
2020-11-27,CSAN3,82.2,162262351.0
2020-11-30,CSAN3,77.54,274266971.0
2020-12-01,CSAN3,76.74,240232696.0
2020-12-02,CSAN3,75.84,157862973.0
2019-01-04,CSNA3,9.75,128430554.0
2019-01-07,CSNA3,9.77,50616414.0
2019-01-08,CSNA3,9.8,67052663.0
2019-01-09,CSNA3,9.88,86405980.0
2019-01-10,CSNA3,9.98,59632655.0
2019-01-11,CSNA3,9.86,57286670.0
2019-01-14,CSNA3,9.77,48652541.0
2019-01-15,CSNA3,9.62,49256108.0
2019-01-16,CSNA3,9.94,72835605.0
2019-01-17,CSNA3,9.92,65413061.0
2019-01-18,CSNA3,9.84,76876981.0
2019-01-21,CSNA3,9.93,68461082.0
2019-01-22,CSNA3,9.79,80994942.0
2019-01-23,CSNA3,10.32,123273399.0
2019-01-24,CSNA3,10.37,63216997.0
2019-01-28,CSNA3,9.78,161064530.0
2019-01-29,CSNA3,10.04,91920657.0
2019-01-30,CSNA3,10.38,615266313.0
2019-01-31,CSNA3,10.2,163226801.0
2019-02-01,CSNA3,10.1,99601291.0
2019-02-04,CSNA3,9.9,117457799.0
2019-02-05,CSNA3,9.88,65548442.0
2019-02-06,CSNA3,9.31,130140871.0
2019-02-07,CSNA3,9.52,146943574.0
2019-02-08,CSNA3,9.85,116253220.0
2019-02-11,CSNA3,9.62,73263879.0
2019-02-12,CSNA3,9.88,85277923.0
2019-02-13,CSNA3,9.98,85304477.0
2019-02-14,CSNA3,10.13,84729037.0
2019-02-15,CSNA3,10.14,65228249.0
2019-02-18,CSNA3,10.29,52939706.0
2019-02-19,CSNA3,10.16,73025334.0
2019-02-20,CSNA3,10.54,175808498.0
2019-02-21,CSNA3,11.53,376324107.0
2019-02-22,CSNA3,12.4,374297179.0
2019-02-25,CSNA3,13.1,382542859.0
2019-02-26,CSNA3,13.19,337555680.0
2019-02-27,CSNA3,12.68,251759950.0
2019-02-28,CSNA3,13.08,250597640.0
2019-03-01,CSNA3,13.85,339672496.0
2019-03-06,CSNA3,15.15,341444156.0
2019-03-07,CSNA3,14.74,390876139.0
2019-03-08,CSNA3,13.76,286325527.0
2019-03-11,CSNA3,14.56,242001275.0
2019-03-12,CSNA3,14.17,343102017.0
2019-03-13,CSNA3,15.49,407670547.0
2019-03-14,CSNA3,15.4,264129209.0
2019-03-15,CSNA3,15.61,158214781.0
2019-03-18,CSNA3,16.3,220168873.0
2019-03-19,CSNA3,15.68,569999036.0
2019-03-20,CSNA3,15.9,490808921.0
2019-03-21,CSNA3,15.58,378136686.0
2019-03-22,CSNA3,14.96,192377297.0
2019-03-25,CSNA3,14.9,157431734.0
2019-03-26,CSNA3,15.84,203580340.0
2019-03-27,CSNA3,15.03,219147860.0
2019-03-28,CSNA3,15.68,284579169.0
2019-03-29,CSNA3,16.25,364295501.0
2019-04-01,CSNA3,16.92,222350684.0
2019-04-02,CSNA3,16.88,315524489.0
2019-05-03,CSNA3,14.3,172413812.0
2019-05-06,CSNA3,14.24,132113765.0
2019-05-07,CSNA3,14.18,222469514.0
2019-05-08,CSNA3,14.27,128829177.0
2019-05-09,CSNA3,14.25,214263325.0
2019-05-10,CSNA3,14.39,127851878.0
2019-05-13,CSNA3,13.71,129250955.0
2019-05-14,CSNA3,14.33,181700050.0
2019-05-15,CSNA3,14.33,162069112.0
2019-05-16,CSNA3,14.99,283993198.0
2019-05-17,CSNA3,15.39,234600034.0
2019-05-20,CSNA3,15.39,140555148.0
2019-05-21,CSNA3,16.62,247630526.0
2019-05-22,CSNA3,17.14,321552609.0
2019-05-23,CSNA3,16.95,209028303.0
2019-05-24,CSNA3,17.23,172884477.0
2019-05-27,CSNA3,18.2,201239322.0
2019-05-28,CSNA3,17.43,416591869.0
2019-05-29,CSNA3,16.71,282812113.0
2019-05-30,CSNA3,16.9,203040674.0
2019-05-31,CSNA3,16.54,136882229.0
2019-06-03,CSNA3,16.08,172425128.0
2019-06-04,CSNA3,16.79,174516134.0
2019-06-05,CSNA3,16.18,195456605.0
2019-06-06,CSNA3,16.6,130928560.0
2019-06-07,CSNA3,16.59,113761457.0
2019-06-10,CSNA3,17.24,161053737.0
2019-06-11,CSNA3,18.22,295874239.0
2019-06-12,CSNA3,17.2,332534846.0
2019-06-13,CSNA3,17.12,192159219.0
2019-06-14,CSNA3,16.77,166837584.0
2019-06-17,CSNA3,16.37,112259610.0
2019-06-18,CSNA3,16.89,221859228.0
2019-06-19,CSNA3,16.6,257153710.0
2019-06-21,CSNA3,16.5,170917019.0
2019-06-24,CSNA3,16.44,133769361.0
2019-06-25,CSNA3,16.08,116839475.0
2019-06-26,CSNA3,16.16,139118776.0
2019-06-27,CSNA3,16.47,117421976.0
2019-06-28,CSNA3,16.71,170474987.0
2019-07-01,CSNA3,16.99,143750356.0
2019-07-02,CSNA3,16.43,201657210.0
2019-07-03,CSNA3,16.85,225708036.0
2019-07-04,CSNA3,16.92,98207496.0
2019-07-05,CSNA3,16.7,113320848.0
2019-07-08,CSNA3,17.24,150268061.0
2019-07-10,CSNA3,17.24,184344222.0
2019-07-11,CSNA3,17.18,122207607.0
2019-07-12,CSNA3,17.07,112082519.0
2019-07-15,CSNA3,17.3,122440444.0
2019-07-16,CSNA3,17.6,146284041.0
2019-07-17,CSNA3,17.27,96882405.0
2019-07-18,CSNA3,17.61,116559595.0
2019-07-19,CSNA3,17.57,83725408.0
2019-07-22,CSNA3,17.36,93061850.0
2019-07-23,CSNA3,17.08,96665480.0
2019-07-24,CSNA3,16.41,250360608.0
2019-07-25,CSNA3,16.33,126799081.0
2019-07-26,CSNA3,16.45,109198600.0
2019-07-29,CSNA3,16.37,98732976.0
2019-07-30,CSNA3,16.4,105930616.0
2019-07-31,CSNA3,16.53,306890357.0
2019-08-01,CSNA3,16.23,180058047.0
2019-08-02,CSNA3,15.86,162917738.0
2019-09-02,CSNA3,14.35,94827499.0
2019-09-03,CSNA3,13.93,181311337.0
2019-09-04,CSNA3,14.12,108001619.0
2019-09-05,CSNA3,14.25,147283340.0
2019-09-06,CSNA3,14.07,85847947.0
2019-09-09,CSNA3,14.52,122570677.0
2019-09-10,CSNA3,14.95,146972283.0
2019-09-11,CSNA3,14.49,142569322.0
2019-09-12,CSNA3,14.81,115012129.0
2019-09-13,CSNA3,14.59,57588721.0
2019-09-16,CSNA3,14.38,68980860.0
2019-09-17,CSNA3,14.66,63213972.0
2019-09-18,CSNA3,14.33,92730626.0
2019-09-19,CSNA3,14.2,96028567.0
2019-09-20,CSNA3,14.29,133650712.0
2019-09-23,CSNA3,14.47,105047998.0
2019-09-24,CSNA3,13.6,186498485.0
2019-09-25,CSNA3,13.84,119664486.0
2019-09-26,CSNA3,13.64,96333814.0
2019-09-27,CSNA3,13.38,82782409.0
2019-09-30,CSNA3,13.23,123251217.0
2019-10-01,CSNA3,13.22,145630781.0
2019-10-02,CSNA3,12.77,149663131.0
2019-10-03,CSNA3,13.08,110791008.0
2019-10-04,CSNA3,13.3,77629822.0
2019-10-07,CSNA3,12.99,87065857.0
2019-10-08,CSNA3,12.43,182521286.0
2019-10-09,CSNA3,12.43,100398292.0
2019-10-10,CSNA3,13.09,128458197.0
2019-10-11,CSNA3,13.32,142126151.0
2019-10-14,CSNA3,13.24,72976753.0
2019-10-15,CSNA3,13.62,110093970.0
2019-10-16,CSNA3,13.21,158808177.0
2019-10-17,CSNA3,13.29,93986397.0
2019-10-18,CSNA3,13.05,178682654.0
2019-10-21,CSNA3,13.39,106804022.0
2019-10-22,CSNA3,13.55,85115467.0
2019-10-23,CSNA3,13.43,133200074.0
2019-10-24,CSNA3,12.51,397042792.0
2019-10-25,CSNA3,12.12,230976697.0
2019-10-28,CSNA3,12.21,96668896.0
2019-10-29,CSNA3,12.02,131600092.0
2019-10-30,CSNA3,11.8,155233352.0
2019-10-31,CSNA3,11.8,141244758.0
2019-11-01,CSNA3,11.93,88738521.0
2019-11-04,CSNA3,12.1,120908750.0
2019-11-05,CSNA3,12.31,108099033.0
2019-11-06,CSNA3,12.3,119251123.0
2019-11-07,CSNA3,12.6,185178432.0
2019-11-08,CSNA3,12.3,123476035.0
2019-11-11,CSNA3,12.21,59957580.0
2019-11-12,CSNA3,11.84,110091244.0
2019-11-13,CSNA3,11.28,139260793.0
2019-11-14,CSNA3,11.44,65842296.0
2019-11-18,CSNA3,11.44,71934382.0
2019-11-19,CSNA3,11.6,97377417.0
2019-11-21,CSNA3,12.04,186396298.0
2019-11-22,CSNA3,12.1,127020203.0
2019-11-25,CSNA3,12.35,138006097.0
2019-11-26,CSNA3,12.87,208704033.0
2019-11-27,CSNA3,12.66,134808260.0
2019-11-28,CSNA3,12.61,59620828.0
2019-11-29,CSNA3,12.56,120144054.0
2019-12-02,CSNA3,13.28,201486612.0
2020-01-02,CSNA3,14.69,201726410.0
2020-01-03,CSNA3,14.58,250281464.0
2020-01-06,CSNA3,14.22,120615816.0
2020-01-07,CSNA3,14.22,110521619.0
2020-01-08,CSNA3,14.2,104385827.0
2020-01-09,CSNA3,14.05,112956024.0
2020-01-10,CSNA3,14.21,107787365.0
2020-01-13,CSNA3,15.07,194112130.0
2020-01-14,CSNA3,14.83,211526927.0
2020-01-15,CSNA3,14.63,158447017.0
2020-01-16,CSNA3,14.76,115187036.0
2020-01-17,CSNA3,14.78,158774405.0
2020-01-20,CSNA3,15.1,94240504.0
2020-01-21,CSNA3,14.66,156278013.0
2020-01-22,CSNA3,15.68,386192137.0
2020-01-23,CSNA3,15.49,212893900.0
2020-01-24,CSNA3,14.91,227943623.0
2020-01-27,CSNA3,13.75,274045129.0
2020-01-28,CSNA3,13.64,155519390.0
2020-01-29,CSNA3,13.36,150173347.0
2020-01-30,CSNA3,13.41,138024329.0
2020-01-31,CSNA3,12.9,131886671.0
2020-02-03,CSNA3,13.02,107573634.0
2020-02-04,CSNA3,13.25,131482711.0
2020-02-05,CSNA3,13.3,96047589.0
2020-02-06,CSNA3,13.22,148900066.0
2020-02-07,CSNA3,12.72,105472582.0
2020-02-10,CSNA3,12.16,123991059.0
2020-02-11,CSNA3,12.72,185218418.0
2020-02-12,CSNA3,12.98,210505417.0
2020-02-13,CSNA3,12.99,134409631.0
2020-02-14,CSNA3,12.66,122298811.0
2020-02-17,CSNA3,13.09,106263908.0
2020-02-18,CSNA3,13.32,151901392.0
2020-02-19,CSNA3,13.53,161830244.0
2020-02-20,CSNA3,13.22,109824766.0
2020-02-21,CSNA3,13.13,93619110.0
2020-02-26,CSNA3,11.7,190629645.0
2020-02-27,CSNA3,11.32,210513446.0
2020-02-28,CSNA3,11.18,224410805.0
2020-03-02,CSNA3,12.35,228727474.0
2020-03-03,CSNA3,12.17,163321557.0
2020-03-04,CSNA3,12.32,142357904.0
2020-03-05,CSNA3,11.95,172639528.0
2020-03-06,CSNA3,11.11,164872070.0
2020-03-09,CSNA3,8.3,261087701.0
2020-03-10,CSNA3,9.37,284300359.0
2020-03-11,CSNA3,8.02,216665161.0
2020-03-12,CSNA3,6.58,128885917.0
2020-03-13,CSNA3,7.95,155516077.0
2020-03-16,CSNA3,7.2,123762013.0
2020-03-17,CSNA3,7.75,168325241.0
2020-03-18,CSNA3,6.71,112409820.0
2020-03-19,CSNA3,6.36,125469907.0
2020-03-20,CSNA3,6.16,152991301.0
2020-03-23,CSNA3,5.8,125377468.0
2020-03-24,CSNA3,5.8,149309503.0
2020-03-25,CSNA3,6.55,163670719.0
2020-03-26,CSNA3,7.1,106439654.0
2020-03-27,CSNA3,6.77,82770024.0
2020-03-30,CSNA3,7.06,99016577.0
2020-03-31,CSNA3,6.98,119038291.0
2020-04-01,CSNA3,6.84,63930566.0
2020-04-02,CSNA3,6.97,79028343.0
2020-05-04,CSNA3,8.23,146925589.0
2020-05-05,CSNA3,7.96,112334123.0
2020-05-06,CSNA3,8.1,98090502.0
2020-05-07,CSNA3,8.49,190021998.0
2020-05-08,CSNA3,8.51,122630059.0
2020-05-11,CSNA3,8.02,96142675.0
2020-05-12,CSNA3,7.88,93116644.0
2020-05-13,CSNA3,7.52,98449330.0
2020-05-14,CSNA3,8.39,224757622.0
2020-05-15,CSNA3,7.88,179464353.0
2020-05-18,CSNA3,8.28,109021451.0
2020-05-19,CSNA3,8.74,148938568.0
2020-05-20,CSNA3,8.57,117727928.0
2020-05-21,CSNA3,8.52,121104546.0
2020-05-22,CSNA3,8.5,67679140.0
2020-05-25,CSNA3,8.64,89379969.0
2020-05-26,CSNA3,8.53,101496466.0
2020-05-27,CSNA3,9.45,186613372.0
2020-05-28,CSNA3,9.61,136101266.0
2020-05-29,CSNA3,10.32,418982028.0
2020-06-01,CSNA3,10.35,140238599.0
2020-06-02,CSNA3,10.75,139167807.0
2020-06-03,CSNA3,10.6,164187551.0
2020-06-04,CSNA3,10.49,125034418.0
2020-06-05,CSNA3,10.63,205011105.0
2020-06-08,CSNA3,12.45,366940882.0
2020-06-09,CSNA3,12.05,225799464.0
2020-06-10,CSNA3,11.48,155437519.0
2020-06-12,CSNA3,10.87,141282352.0
2020-06-15,CSNA3,10.61,120480607.0
2020-06-16,CSNA3,11.3,165962583.0
2020-06-17,CSNA3,11.16,107702161.0
2020-06-18,CSNA3,11.65,134035986.0
2020-06-19,CSNA3,11.21,186862063.0
2020-06-22,CSNA3,11.12,93176984.0
2020-06-23,CSNA3,11.38,105027384.0
2020-06-24,CSNA3,11.08,82677399.0
2020-06-25,CSNA3,11.13,91263972.0
2020-06-26,CSNA3,10.71,78468977.0
2020-06-29,CSNA3,10.55,112310107.0
2020-06-30,CSNA3,10.68,106600972.0
2020-07-01,CSNA3,10.59,128304658.0
2020-07-02,CSNA3,10.86,123047119.0
2020-07-03,CSNA3,10.71,66303012.0
2020-07-06,CSNA3,11.2,111159058.0
2020-07-07,CSNA3,10.94,87956304.0
2020-07-08,CSNA3,11.36,111460480.0
2020-07-09,CSNA3,11.08,107707520.0
2020-07-10,CSNA3,11.23,65990508.0
2020-07-13,CSNA3,11.67,284520734.0
2020-07-14,CSNA3,12.19,194948456.0
2020-07-15,CSNA3,11.93,226556399.0
2020-07-16,CSNA3,11.69,96894508.0
2020-07-17,CSNA3,11.9,136962810.0
2020-07-20,CSNA3,11.87,84530548.0
2020-07-21,CSNA3,11.66,131801262.0
2020-07-22,CSNA3,11.81,82107128.0
2020-07-23,CSNA3,11.65,88762476.0
2020-07-24,CSNA3,11.61,62864077.0
2020-07-27,CSNA3,12.24,234452914.0
2020-07-28,CSNA3,12.3,131506378.0
2020-07-29,CSNA3,13.0,415560205.0
2020-07-30,CSNA3,12.78,180916623.0
2020-07-31,CSNA3,12.25,184052420.0
2020-09-02,CSNA3,15.26,295631366.0
2020-09-03,CSNA3,15.03,207593726.0
2020-09-04,CSNA3,14.97,364279099.0
2020-09-08,CSNA3,15.06,194300977.0
2020-09-09,CSNA3,15.81,248670470.0
2020-09-10,CSNA3,15.38,172245293.0
2020-09-11,CSNA3,16.0,258977341.0
2020-09-14,CSNA3,16.2,194888841.0
2020-09-15,CSNA3,16.59,192722511.0
2020-09-16,CSNA3,16.31,140864674.0
2020-09-17,CSNA3,16.73,148738091.0
2020-09-18,CSNA3,16.4,148357849.0
2020-09-21,CSNA3,16.23,355047961.0
2020-09-22,CSNA3,16.78,268220616.0
2020-09-23,CSNA3,16.11,237544058.0
2020-09-24,CSNA3,15.82,244664132.0
2020-09-25,CSNA3,15.91,135586247.0
2020-09-28,CSNA3,15.74,137210521.0
2020-09-29,CSNA3,15.32,214497296.0
2020-09-30,CSNA3,16.5,630627143.0
2020-10-01,CSNA3,16.54,226080251.0
2020-10-02,CSNA3,16.78,245476404.0
2020-10-05,CSNA3,17.72,332440785.0
2020-10-06,CSNA3,17.68,200670606.0
2020-10-07,CSNA3,18.0,248564391.0
2020-10-08,CSNA3,17.85,209100346.0
2020-10-09,CSNA3,17.76,235864015.0
2020-10-13,CSNA3,18.31,218628163.0
2020-10-14,CSNA3,18.4,228399223.0
2020-10-15,CSNA3,19.45,453362947.0
2020-10-16,CSNA3,19.53,584749084.0
2020-10-19,CSNA3,19.66,274606260.0
2020-10-20,CSNA3,20.68,443765126.0
2020-10-21,CSNA3,20.94,280119568.0
2020-10-22,CSNA3,20.92,354884604.0
2020-10-23,CSNA3,21.47,325122230.0
2020-10-26,CSNA3,21.23,220551337.0
2020-10-27,CSNA3,21.46,273897997.0
2020-10-28,CSNA3,20.67,216062732.0
2020-10-29,CSNA3,21.06,294433964.0
2020-10-30,CSNA3,20.54,226200608.0
2020-11-03,CSNA3,22.39,411077714.0
2020-11-04,CSNA3,21.44,296918954.0
2020-11-05,CSNA3,20.98,468534200.0
2020-11-06,CSNA3,20.77,347472718.0
2020-11-09,CSNA3,20.95,262803614.0
2020-11-10,CSNA3,20.01,415125450.0
2020-11-11,CSNA3,19.95,219794938.0
2020-11-12,CSNA3,19.52,235227089.0
2020-11-13,CSNA3,19.29,191728463.0
2020-11-16,CSNA3,19.75,181800336.0
2020-11-17,CSNA3,19.95,240451396.0
2020-11-18,CSNA3,19.62,174711046.0
2020-11-19,CSNA3,20.29,248824935.0
2020-11-20,CSNA3,19.99,215223848.0
2020-11-23,CSNA3,21.35,323671871.0
2020-11-24,CSNA3,22.63,355384922.0
2020-11-25,CSNA3,23.2,250931838.0
2020-11-26,CSNA3,24.25,224261626.0
2020-11-27,CSNA3,24.01,213959681.0
2020-11-30,CSNA3,23.51,269025575.0
2020-12-01,CSNA3,23.96,257993268.0
2020-12-02,CSNA3,24.11,270073071.0
2019-01-04,CVCB3,59.95,87026086.0
2019-01-07,CVCB3,60.7,145096525.0
2019-01-08,CVCB3,58.71,58359358.0
2019-01-09,CVCB3,59.07,128640985.0
2019-01-10,CVCB3,60.0,101203091.0
2019-01-11,CVCB3,59.0,60802174.0
2019-01-14,CVCB3,59.01,47161447.0
2019-01-15,CVCB3,59.46,79159885.0
2019-01-16,CVCB3,59.5,44916640.0
2019-01-17,CVCB3,59.9,39996363.0
2019-01-18,CVCB3,60.01,44424637.0
2019-01-21,CVCB3,59.53,32794574.0
2019-01-22,CVCB3,59.6,49961608.0
2019-01-23,CVCB3,61.68,68894092.0
2019-01-24,CVCB3,61.99,58015454.0
2019-01-28,CVCB3,62.2,52960125.0
2019-01-29,CVCB3,62.71,67445094.0
2019-01-30,CVCB3,64.69,85547954.0
2019-01-31,CVCB3,64.0,133145765.0
2019-02-01,CVCB3,64.8,79191521.0
2019-02-04,CVCB3,63.85,53682538.0
2019-02-05,CVCB3,62.85,68812502.0
2019-02-06,CVCB3,60.0,82184139.0
2019-02-07,CVCB3,60.73,68230126.0
2019-02-08,CVCB3,61.0,63269015.0
2019-02-11,CVCB3,61.16,70566940.0
2019-02-12,CVCB3,63.24,85924629.0
2019-02-13,CVCB3,62.37,69009409.0
2019-02-14,CVCB3,63.0,64661945.0
2019-02-15,CVCB3,62.62,35378796.0
2019-02-18,CVCB3,61.94,34828403.0
2019-02-19,CVCB3,61.89,78577000.0
2019-02-20,CVCB3,61.26,87589093.0
2019-02-21,CVCB3,61.89,56111204.0
2019-02-22,CVCB3,60.8,102864357.0
2019-02-25,CVCB3,60.4,87113268.0
2019-02-26,CVCB3,59.97,85381129.0
2019-02-27,CVCB3,59.26,45900786.0
2019-02-28,CVCB3,58.4,97767201.0
2019-03-01,CVCB3,57.9,178740822.0
2019-03-06,CVCB3,56.67,53688849.0
2019-03-07,CVCB3,56.6,61044540.0
2019-03-08,CVCB3,57.03,141263927.0
2019-03-11,CVCB3,58.3,64997597.0
2019-03-12,CVCB3,57.55,144118829.0
2019-03-13,CVCB3,56.0,180959854.0
2019-03-14,CVCB3,55.75,95193999.0
2019-03-15,CVCB3,54.23,155882354.0
2019-03-18,CVCB3,56.64,74910212.0
2019-03-19,CVCB3,58.05,113896289.0
2019-03-20,CVCB3,57.74,87247176.0
2019-03-21,CVCB3,57.14,86169418.0
2019-03-22,CVCB3,54.41,120740828.0
2019-03-25,CVCB3,54.03,83417391.0
2019-03-26,CVCB3,54.84,73629497.0
2019-03-27,CVCB3,52.68,72334158.0
2019-03-28,CVCB3,54.5,130796089.0
2019-03-29,CVCB3,54.75,121432832.0
2019-04-01,CVCB3,54.32,35644034.0
2019-04-02,CVCB3,54.05,35175191.0
2019-05-03,CVCB3,56.85,51157225.0
2019-05-06,CVCB3,56.23,23603049.0
2019-05-07,CVCB3,56.6,112673101.0
2019-05-08,CVCB3,58.65,145535150.0
2019-05-09,CVCB3,58.65,68584994.0
2019-05-10,CVCB3,53.62,149609036.0
2019-05-13,CVCB3,49.5,198466048.0
2019-05-14,CVCB3,51.17,159052973.0
2019-05-15,CVCB3,50.0,57838013.0
2019-05-16,CVCB3,47.9,123461232.0
2019-05-17,CVCB3,46.43,186095550.0
2019-05-20,CVCB3,47.3,60016567.0
2019-05-21,CVCB3,50.3,136452542.0
2019-05-22,CVCB3,49.6,48982061.0
2019-05-23,CVCB3,48.0,55159551.0
2019-05-24,CVCB3,47.3,31050894.0
2019-05-27,CVCB3,47.7,30763568.0
2019-05-28,CVCB3,48.8,58281696.0
2019-05-29,CVCB3,48.85,60855494.0
2019-05-30,CVCB3,51.53,83188541.0
2019-05-31,CVCB3,51.62,63333563.0
2019-06-03,CVCB3,51.2,50101987.0
2019-06-04,CVCB3,50.22,56157892.0
2019-06-05,CVCB3,48.78,35227167.0
2019-06-06,CVCB3,49.0,58210630.0
2019-06-07,CVCB3,49.25,36813454.0
2019-06-10,CVCB3,48.61,36738747.0
2019-06-11,CVCB3,49.1,116228975.0
2019-06-12,CVCB3,48.67,45175379.0
2019-06-13,CVCB3,49.99,84878379.0
2019-06-14,CVCB3,50.55,54535756.0
2019-06-17,CVCB3,51.05,51251378.0
2019-06-18,CVCB3,50.79,64650876.0
2019-06-19,CVCB3,51.95,59960135.0
2019-06-21,CVCB3,53.27,76167119.0
2019-06-24,CVCB3,53.54,32869971.0
2019-06-25,CVCB3,51.51,62588932.0
2019-06-26,CVCB3,50.75,47159840.0
2019-06-27,CVCB3,50.25,77133134.0
2019-06-28,CVCB3,49.8,137405328.0
2019-07-01,CVCB3,49.12,70276149.0
2019-07-02,CVCB3,48.9,80621879.0
2019-07-03,CVCB3,48.74,98487307.0
2019-07-04,CVCB3,48.2,136340996.0
2019-07-05,CVCB3,48.67,204543696.0
2019-07-08,CVCB3,49.08,73968924.0
2019-07-10,CVCB3,52.3,276620721.0
2019-07-11,CVCB3,53.15,213916332.0
2019-07-12,CVCB3,52.97,108970326.0
2019-07-15,CVCB3,51.07,82801924.0
2019-07-16,CVCB3,50.44,132092712.0
2019-07-17,CVCB3,50.26,147493438.0
2019-07-18,CVCB3,49.0,114966898.0
2019-07-19,CVCB3,48.44,79347126.0
2019-07-22,CVCB3,47.16,89485033.0
2019-07-23,CVCB3,46.39,137803825.0
2019-07-24,CVCB3,46.99,89851898.0
2019-07-25,CVCB3,47.0,92267218.0
2019-07-26,CVCB3,47.98,119254906.0
2019-07-29,CVCB3,47.6,63481353.0
2019-07-30,CVCB3,50.05,135916978.0
2019-07-31,CVCB3,50.87,144592609.0
2019-08-01,CVCB3,51.8,128608083.0
2019-08-02,CVCB3,52.81,181966594.0
2019-09-02,CVCB3,53.7,43836420.0
2019-09-03,CVCB3,53.24,58780781.0
2019-09-04,CVCB3,52.2,54193977.0
2019-09-05,CVCB3,51.8,82061859.0
2019-09-06,CVCB3,50.83,77708817.0
2019-09-09,CVCB3,51.7,59729857.0
2019-09-10,CVCB3,50.85,38561032.0
2019-09-11,CVCB3,52.5,52140258.0
2019-09-12,CVCB3,51.96,66361155.0
2019-09-13,CVCB3,51.3,110796127.0
2019-09-16,CVCB3,50.7,136662856.0
2019-09-17,CVCB3,51.1,103356318.0
2019-09-18,CVCB3,52.85,88765604.0
2019-09-19,CVCB3,53.95,111685595.0
2019-09-20,CVCB3,53.22,150327429.0
2019-09-23,CVCB3,51.25,114591343.0
2019-09-24,CVCB3,51.07,83756009.0
2019-09-25,CVCB3,50.9,63385774.0
2019-09-26,CVCB3,52.22,58672610.0
2019-09-27,CVCB3,54.74,176224196.0
2019-09-30,CVCB3,55.85,111188708.0
2019-10-01,CVCB3,56.2,134511661.0
2019-10-02,CVCB3,54.98,112388485.0
2019-10-03,CVCB3,54.91,52499980.0
2019-10-04,CVCB3,55.68,33810798.0
2019-10-07,CVCB3,54.53,53041859.0
2019-10-08,CVCB3,53.85,69328657.0
2019-10-09,CVCB3,53.8,77394162.0
2019-10-10,CVCB3,52.63,82372419.0
2019-10-11,CVCB3,53.15,68985770.0
2019-10-14,CVCB3,53.77,36245892.0
2019-10-15,CVCB3,53.65,60829748.0
2019-10-16,CVCB3,53.0,71876886.0
2019-10-17,CVCB3,52.45,48114381.0
2019-10-18,CVCB3,51.76,78899401.0
2019-10-21,CVCB3,51.4,57074254.0
2019-10-22,CVCB3,52.6,89571779.0
2019-10-23,CVCB3,53.01,100942395.0
2019-10-24,CVCB3,53.05,66505615.0
2019-10-25,CVCB3,53.32,69450579.0
2019-10-28,CVCB3,52.65,64193487.0
2019-10-29,CVCB3,52.0,61791889.0
2019-10-30,CVCB3,51.5,70706794.0
2019-10-31,CVCB3,51.23,110925845.0
2019-11-01,CVCB3,53.05,115759743.0
2019-11-04,CVCB3,52.39,50558893.0
2019-11-05,CVCB3,52.1,56711020.0
2019-11-06,CVCB3,51.69,59529482.0
2019-11-07,CVCB3,51.82,55860945.0
2019-11-08,CVCB3,44.49,773645510.0
2019-11-11,CVCB3,43.7,224762822.0
2019-11-12,CVCB3,40.8,292218181.0
2019-11-13,CVCB3,40.7,179746492.0
2019-11-14,CVCB3,40.66,156436145.0
2019-11-18,CVCB3,39.18,152918630.0
2019-11-19,CVCB3,39.0,128055767.0
2019-11-21,CVCB3,41.25,274262730.0
2019-11-22,CVCB3,41.9,211712889.0
2019-11-25,CVCB3,42.06,251425492.0
2019-11-26,CVCB3,41.59,98089937.0
2019-11-27,CVCB3,40.84,115949133.0
2019-11-28,CVCB3,40.4,63598627.0
2019-11-29,CVCB3,40.14,75119092.0
2019-12-02,CVCB3,40.86,115169035.0
2020-01-02,CVCB3,44.71,112339128.0
2020-01-03,CVCB3,44.2,90105336.0
2020-01-06,CVCB3,43.82,100964810.0
2020-01-07,CVCB3,44.4,110751470.0
2020-01-08,CVCB3,44.34,96489873.0
2020-01-09,CVCB3,43.39,109647430.0
2020-01-10,CVCB3,42.04,125485687.0
2020-01-13,CVCB3,41.6,129624651.0
2020-01-14,CVCB3,42.5,127824721.0
2020-01-15,CVCB3,41.39,119901418.0
2020-01-16,CVCB3,41.07,106109234.0
2020-01-17,CVCB3,41.64,89345990.0
2020-01-20,CVCB3,41.0,115204553.0
2020-01-21,CVCB3,39.33,175179589.0
2020-01-22,CVCB3,39.74,152872642.0
2020-01-23,CVCB3,40.41,108497203.0
2020-01-24,CVCB3,39.54,113380831.0
2020-01-27,CVCB3,37.82,133883001.0
2020-01-28,CVCB3,38.41,97007605.0
2020-01-29,CVCB3,37.01,92933504.0
2020-01-30,CVCB3,36.23,138659823.0
2020-01-31,CVCB3,36.5,109134872.0
2020-02-03,CVCB3,36.66,84434667.0
2020-02-04,CVCB3,37.2,88202403.0
2020-02-05,CVCB3,37.0,71859996.0
2020-02-06,CVCB3,36.52,70656227.0
2020-02-07,CVCB3,35.0,102220971.0
2020-02-10,CVCB3,32.89,167123605.0
2020-02-11,CVCB3,34.6,121541902.0
2020-02-12,CVCB3,33.74,105868072.0
2020-02-13,CVCB3,33.88,75650372.0
2020-02-14,CVCB3,33.1,53695834.0
2020-02-17,CVCB3,33.34,72058476.0
2020-02-18,CVCB3,32.51,102298012.0
2020-02-19,CVCB3,32.6,85633112.0
2020-02-20,CVCB3,32.07,73094607.0
2020-02-21,CVCB3,30.88,112736056.0
2020-02-26,CVCB3,27.38,165627416.0
2020-02-27,CVCB3,26.21,154009931.0
2020-02-28,CVCB3,25.73,150363795.0
2020-03-02,CVCB3,23.0,376180693.0
2020-03-03,CVCB3,22.51,316033834.0
2020-03-04,CVCB3,22.18,176766104.0
2020-03-05,CVCB3,20.0,153599594.0
2020-03-06,CVCB3,22.88,498368677.0
2020-03-09,CVCB3,19.5,138662491.0
2020-03-10,CVCB3,21.76,134601721.0
2020-03-11,CVCB3,19.24,149282370.0
2020-03-12,CVCB3,13.64,85714115.0
2020-03-13,CVCB3,15.35,160352312.0
2020-03-16,CVCB3,10.4,109583216.0
2020-03-17,CVCB3,9.95,112761711.0
2020-03-18,CVCB3,6.49,69925379.0
2020-03-19,CVCB3,7.45,51333598.0
2020-03-20,CVCB3,8.21,116008673.0
2020-03-23,CVCB3,7.61,67992199.0
2020-03-24,CVCB3,8.75,65441974.0
2020-03-25,CVCB3,9.35,97838692.0
2020-03-26,CVCB3,12.38,159238489.0
2020-03-27,CVCB3,12.84,159041129.0
2020-03-30,CVCB3,12.95,123593452.0
2020-03-31,CVCB3,11.1,107133550.0
2020-04-01,CVCB3,9.4,75724630.0
2020-04-02,CVCB3,10.25,90738488.0
2020-05-04,CVCB3,12.91,39077241.0
2020-05-05,CVCB3,12.39,29114067.0
2020-05-06,CVCB3,11.66,49723720.0
2020-05-07,CVCB3,10.9,74406567.0
2020-05-08,CVCB3,11.89,50569172.0
2020-05-11,CVCB3,11.16,50411674.0
2020-05-12,CVCB3,10.75,47929159.0
2020-05-13,CVCB3,10.72,38721717.0
2020-05-14,CVCB3,10.61,38582656.0
2020-05-15,CVCB3,10.55,32228079.0
2020-05-18,CVCB3,12.58,98447070.0
2020-05-19,CVCB3,12.38,87367686.0
2020-05-20,CVCB3,13.23,115509776.0
2020-05-21,CVCB3,12.93,99541282.0
2020-05-22,CVCB3,12.47,41878526.0
2020-05-25,CVCB3,14.1,106117702.0
2020-05-26,CVCB3,13.5,112315400.0
2020-05-27,CVCB3,15.25,166401266.0
2020-05-28,CVCB3,14.74,98063822.0
2020-05-29,CVCB3,14.4,60983064.0
2020-06-01,CVCB3,15.5,102064341.0
2020-06-02,CVCB3,18.6,255408764.0
2020-06-03,CVCB3,19.82,383852439.0
2020-06-04,CVCB3,19.8,169401663.0
2020-06-05,CVCB3,20.91,235472448.0
2020-06-08,CVCB3,23.04,211142390.0
2020-06-09,CVCB3,24.05,294660483.0
2020-06-10,CVCB3,22.98,230122699.0
2020-06-12,CVCB3,20.81,211988248.0
2020-06-15,CVCB3,20.45,186225912.0
2020-06-16,CVCB3,19.77,180785940.0
2020-06-17,CVCB3,19.47,130266625.0
2020-06-18,CVCB3,19.2,105898079.0
2020-06-19,CVCB3,19.84,135789597.0
2020-06-22,CVCB3,19.6,84211322.0
2020-06-23,CVCB3,19.66,115629860.0
2020-06-24,CVCB3,18.76,91028580.0
2020-06-25,CVCB3,18.28,119436951.0
2020-06-26,CVCB3,17.7,70926414.0
2020-06-29,CVCB3,18.2,89918947.0
2020-06-30,CVCB3,18.14,77085151.0
2020-07-01,CVCB3,19.09,98726957.0
2020-07-02,CVCB3,19.28,65053431.0
2020-07-03,CVCB3,19.71,54501162.0
2020-07-06,CVCB3,21.79,175940930.0
2020-07-07,CVCB3,20.28,204079057.0
2020-07-08,CVCB3,19.05,223151826.0
2020-07-09,CVCB3,19.3,100915118.0
2020-07-10,CVCB3,22.0,427857140.0
2020-07-13,CVCB3,22.52,319761809.0
2020-07-14,CVCB3,22.7,190890174.0
2020-07-15,CVCB3,21.7,255084368.0
2020-07-16,CVCB3,22.2,215894576.0
2020-07-17,CVCB3,21.8,180472555.0
2020-07-20,CVCB3,21.62,114435405.0
2020-07-21,CVCB3,22.65,182942268.0
2020-07-22,CVCB3,21.9,109540467.0
2020-07-23,CVCB3,21.1,98004497.0
2020-07-24,CVCB3,20.64,93685617.0
2020-07-27,CVCB3,21.01,93959954.0
2020-07-28,CVCB3,21.49,81864832.0
2020-07-29,CVCB3,21.44,81818758.0
2020-07-30,CVCB3,21.5,74057769.0
2020-07-31,CVCB3,20.8,69359218.0
2020-09-02,CVCB3,18.5,55672172.0
2020-09-03,CVCB3,18.1,106696947.0
2020-09-04,CVCB3,18.07,112545985.0
2020-09-08,CVCB3,18.0,136020662.0
2020-09-09,CVCB3,17.71,82080619.0
2020-09-10,CVCB3,17.06,98782741.0
2020-09-11,CVCB3,16.88,59189632.0
2020-09-14,CVCB3,17.64,99258523.0
2020-09-15,CVCB3,17.48,84848143.0
2020-09-16,CVCB3,18.2,123220908.0
2020-09-17,CVCB3,17.8,103974127.0
2020-09-18,CVCB3,17.28,114459417.0
2020-09-21,CVCB3,16.52,72166665.0
2020-09-22,CVCB3,16.2,65395433.0
2020-09-23,CVCB3,16.36,78775218.0
2020-09-24,CVCB3,17.12,137505042.0
2020-09-25,CVCB3,16.75,51877290.0
2020-09-28,CVCB3,16.25,76795863.0
2020-09-29,CVCB3,15.62,77949471.0
2020-09-30,CVCB3,16.13,69138656.0
2020-10-01,CVCB3,15.71,150622484.0
2020-10-02,CVCB3,14.88,108609262.0
2020-10-05,CVCB3,14.46,92533613.0
2020-10-06,CVCB3,15.81,223376962.0
2020-10-07,CVCB3,14.9,171063824.0
2020-10-08,CVCB3,14.94,78645709.0
2020-10-09,CVCB3,15.57,139888432.0
2020-10-13,CVCB3,15.59,69952504.0
2020-10-14,CVCB3,15.42,66783601.0
2020-10-15,CVCB3,15.4,51896945.0
2020-10-16,CVCB3,15.11,67292067.0
2020-10-19,CVCB3,15.57,96013539.0
2020-10-20,CVCB3,15.52,103035240.0
2020-10-21,CVCB3,15.07,106504159.0
2020-10-22,CVCB3,14.84,86569457.0
2020-10-23,CVCB3,15.07,84969824.0
2020-10-26,CVCB3,14.43,89290047.0
2020-10-27,CVCB3,14.17,53960813.0
2020-10-28,CVCB3,12.77,118203345.0
2020-10-29,CVCB3,12.68,129437613.0
2020-10-30,CVCB3,12.28,61070487.0
2020-11-03,CVCB3,11.88,77681007.0
2020-11-04,CVCB3,12.3,92934603.0
2020-11-05,CVCB3,13.07,89083703.0
2020-11-06,CVCB3,13.57,96758460.0
2020-11-09,CVCB3,14.99,257531228.0
2020-11-10,CVCB3,14.75,128086080.0
2020-11-11,CVCB3,14.27,95958342.0
2020-11-12,CVCB3,13.85,75952451.0
2020-11-13,CVCB3,14.46,79377459.0
2020-11-16,CVCB3,14.66,152567378.0
2020-11-17,CVCB3,16.01,343500373.0
2020-11-18,CVCB3,15.85,304198156.0
2020-11-19,CVCB3,16.4,155059550.0
2020-11-20,CVCB3,16.04,107364497.0
2020-11-23,CVCB3,16.33,113743399.0
2020-11-24,CVCB3,16.35,163790467.0
2020-11-25,CVCB3,17.95,320407772.0
2020-11-26,CVCB3,18.26,250013120.0
2020-11-27,CVCB3,17.95,146691615.0
2020-11-30,CVCB3,18.23,282852471.0
2020-12-01,CVCB3,18.6,179343297.0
2020-12-02,CVCB3,19.34,218320226.0
2019-01-04,CYRE3,15.99,56937452.0
2019-01-07,CYRE3,15.9,26105243.0
2019-01-08,CYRE3,15.79,34102842.0
2019-01-09,CYRE3,15.85,37241691.0
2019-01-10,CYRE3,16.1,106018897.0
2019-01-11,CYRE3,16.55,74486111.0
2019-01-14,CYRE3,16.85,112678704.0
2019-01-15,CYRE3,16.5,43450403.0
2019-01-16,CYRE3,16.35,56073605.0
2019-01-17,CYRE3,17.05,73078548.0
2019-01-18,CYRE3,17.06,93791079.0
2019-01-21,CYRE3,17.19,32819154.0
2019-01-22,CYRE3,17.04,42519375.0
2019-01-23,CYRE3,17.16,41182581.0
2019-01-24,CYRE3,17.35,30383377.0
2019-01-28,CYRE3,17.19,60021605.0
2019-01-29,CYRE3,17.07,41446114.0
2019-01-30,CYRE3,17.12,45088058.0
2019-01-31,CYRE3,17.01,90044478.0
2019-02-01,CYRE3,16.73,49791191.0
2019-02-04,CYRE3,17.15,47768750.0
2019-02-05,CYRE3,17.15,36811412.0
2019-02-06,CYRE3,16.87,41530744.0
2019-02-07,CYRE3,16.34,66211624.0
2019-02-08,CYRE3,16.63,44452582.0
2019-02-11,CYRE3,16.69,43129546.0
2019-02-12,CYRE3,16.44,61046225.0
2019-02-13,CYRE3,16.33,35241860.0
2019-02-14,CYRE3,16.71,40501148.0
2019-02-15,CYRE3,16.5,20342648.0
2019-02-18,CYRE3,16.8,18965764.0
2019-02-19,CYRE3,16.63,27434412.0
2019-02-20,CYRE3,16.63,32103347.0
2019-02-21,CYRE3,16.46,49860374.0
2019-02-22,CYRE3,16.95,31899258.0
2019-02-25,CYRE3,17.06,89326546.0
2019-02-26,CYRE3,17.01,101818748.0
2019-02-27,CYRE3,17.46,52317645.0
2019-02-28,CYRE3,17.1,37404932.0
2019-03-01,CYRE3,16.95,37804117.0
2019-03-06,CYRE3,16.72,33321746.0
2019-03-07,CYRE3,16.96,20965903.0
2019-03-08,CYRE3,17.24,45295173.0
2019-03-11,CYRE3,17.35,33129630.0
2019-03-12,CYRE3,16.85,56906494.0
2019-03-13,CYRE3,17.28,31689230.0
2019-03-14,CYRE3,17.25,32262620.0
2019-03-15,CYRE3,17.15,23084147.0
2019-03-18,CYRE3,17.28,16614548.0
2019-03-19,CYRE3,18.0,67320366.0
2019-03-20,CYRE3,17.87,46584144.0
2019-03-21,CYRE3,17.2,68138560.0
2019-03-22,CYRE3,16.24,142743399.0
2019-03-25,CYRE3,15.92,76807838.0
2019-03-26,CYRE3,16.25,77494989.0
2019-03-27,CYRE3,15.49,63984110.0
2019-03-28,CYRE3,16.04,59299571.0
2019-03-29,CYRE3,16.27,58681971.0
2019-04-01,CYRE3,16.12,30485539.0
2019-04-02,CYRE3,16.05,36211204.0
2019-05-03,CYRE3,16.78,40081176.0
2019-05-06,CYRE3,16.81,37527594.0
2019-05-07,CYRE3,16.98,48202741.0
2019-05-08,CYRE3,17.11,38952576.0
2019-05-09,CYRE3,17.25,50243765.0
2019-05-10,CYRE3,17.15,65144112.0
2019-05-13,CYRE3,16.7,53700590.0
2019-05-14,CYRE3,16.6,36957370.0
2019-05-15,CYRE3,15.95,93383750.0
2019-05-16,CYRE3,15.54,41878200.0
2019-05-17,CYRE3,15.26,64057898.0
2019-05-20,CYRE3,16.31,57871205.0
2019-05-21,CYRE3,16.74,45477679.0
2019-05-22,CYRE3,16.78,61644875.0
2019-05-23,CYRE3,16.5,39431397.0
2019-05-24,CYRE3,16.38,25681490.0
2019-05-27,CYRE3,16.78,16771724.0
2019-05-28,CYRE3,16.71,38881356.0
2019-05-29,CYRE3,16.91,32995212.0
2019-05-30,CYRE3,17.17,55157920.0
2019-05-31,CYRE3,17.44,107621390.0
2019-06-03,CYRE3,17.5,48699235.0
2019-06-04,CYRE3,17.83,50631612.0
2019-06-05,CYRE3,17.87,82344290.0
2019-06-06,CYRE3,18.05,44120378.0
2019-06-07,CYRE3,18.78,86732400.0
2019-06-10,CYRE3,18.55,48571940.0
2019-06-11,CYRE3,18.95,68858286.0
2019-06-12,CYRE3,18.71,71190188.0
2019-06-13,CYRE3,18.99,54562216.0
2019-06-14,CYRE3,19.0,56440200.0
2019-06-17,CYRE3,18.95,66468237.0
2019-06-18,CYRE3,19.45,63625628.0
2019-06-19,CYRE3,19.7,53365404.0
2019-06-21,CYRE3,19.85,83884861.0
2019-06-24,CYRE3,20.0,59407158.0
2019-06-25,CYRE3,19.4,47825316.0
2019-06-26,CYRE3,19.69,87632088.0
2019-06-27,CYRE3,20.05,66973452.0
2019-06-28,CYRE3,20.8,93457169.0
2019-07-01,CYRE3,20.93,60749016.0
2019-07-02,CYRE3,21.1,60849829.0
2019-07-03,CYRE3,22.01,76648472.0
2019-07-04,CYRE3,22.5,97959328.0
2019-07-05,CYRE3,22.86,78401448.0
2019-07-08,CYRE3,23.1,82704553.0
2019-07-10,CYRE3,23.86,135341462.0
2019-07-11,CYRE3,22.84,80157615.0
2019-07-12,CYRE3,22.2,72871753.0
2019-07-15,CYRE3,21.96,50143926.0
2019-07-16,CYRE3,22.15,102379378.0
2019-07-17,CYRE3,22.03,43200033.0
2019-07-18,CYRE3,22.55,62301622.0
2019-07-19,CYRE3,21.94,55707721.0
2019-07-22,CYRE3,21.83,100054298.0
2019-07-23,CYRE3,22.34,85623909.0
2019-07-24,CYRE3,22.65,67165574.0
2019-07-25,CYRE3,22.51,68690655.0
2019-07-26,CYRE3,23.45,86740906.0
2019-07-29,CYRE3,23.75,82078297.0
2019-07-30,CYRE3,24.27,59207833.0
2019-07-31,CYRE3,24.4,170757631.0
2019-08-01,CYRE3,25.51,129829296.0
2019-08-02,CYRE3,25.35,110003534.0
2019-09-02,CYRE3,25.82,54589633.0
2019-09-03,CYRE3,25.08,134565497.0
2019-09-04,CYRE3,23.8,836600138.0
2019-09-05,CYRE3,23.9,126234331.0
2019-09-06,CYRE3,23.4,86402107.0
2019-09-09,CYRE3,21.9,198345648.0
2019-09-10,CYRE3,22.34,133062404.0
2019-09-11,CYRE3,22.85,158653960.0
2019-09-12,CYRE3,22.6,68775006.0
2019-09-13,CYRE3,22.03,52539090.0
2019-09-16,CYRE3,21.8,70977663.0
2019-09-17,CYRE3,22.83,117740148.0
2019-09-18,CYRE3,22.82,92147557.0
2019-09-19,CYRE3,23.35,132596783.0
2019-09-20,CYRE3,23.51,113935880.0
2019-09-23,CYRE3,23.52,57170964.0
2019-09-24,CYRE3,23.3,53063294.0
2019-09-25,CYRE3,22.92,63557716.0
2019-09-26,CYRE3,23.52,46502287.0
2019-09-27,CYRE3,23.56,49677752.0
2019-09-30,CYRE3,24.05,81226597.0
2019-10-01,CYRE3,24.24,68896073.0
2019-10-02,CYRE3,23.35,73499924.0
2019-10-03,CYRE3,24.41,76214243.0
2019-10-04,CYRE3,25.1,85334175.0
2019-10-07,CYRE3,24.5,68378719.0
2019-10-08,CYRE3,24.4,48611909.0
2019-10-09,CYRE3,24.26,41892952.0
2019-10-10,CYRE3,24.57,43009318.0
2019-10-11,CYRE3,24.91,44508712.0
2019-10-14,CYRE3,25.25,40539693.0
2019-10-15,CYRE3,25.52,83738522.0
2019-10-16,CYRE3,26.18,174923205.0
2019-10-17,CYRE3,26.34,222367245.0
2019-10-18,CYRE3,26.0,136345624.0
2019-10-21,CYRE3,25.89,62132427.0
2019-10-22,CYRE3,26.3,81425175.0
2019-10-23,CYRE3,25.7,75371252.0
2019-10-24,CYRE3,25.7,90136511.0
2019-10-25,CYRE3,25.98,60804928.0
2019-10-28,CYRE3,26.21,47676267.0
2019-10-29,CYRE3,26.09,64041211.0
2019-10-30,CYRE3,26.48,81238753.0
2019-10-31,CYRE3,26.93,112513753.0
2019-11-01,CYRE3,28.22,213532626.0
2019-11-04,CYRE3,28.46,115235689.0
2019-11-05,CYRE3,27.75,90189807.0
2019-11-06,CYRE3,27.66,62703610.0
2019-11-07,CYRE3,27.91,43849854.0
2019-11-08,CYRE3,27.54,57745719.0
2019-11-11,CYRE3,27.65,67650256.0
2019-11-12,CYRE3,26.71,116363238.0
2019-11-13,CYRE3,26.6,82509669.0
2019-11-14,CYRE3,27.37,115436470.0
2019-11-18,CYRE3,27.21,59685149.0
2019-11-19,CYRE3,26.8,81074341.0
2019-11-21,CYRE3,27.53,91684063.0
2019-11-22,CYRE3,27.25,87946135.0
2019-11-25,CYRE3,27.27,88443236.0
2019-11-26,CYRE3,26.76,109011654.0
2019-11-27,CYRE3,26.34,161787078.0
2019-11-28,CYRE3,27.0,104748088.0
2019-11-29,CYRE3,26.84,47974063.0
2019-12-02,CYRE3,26.62,71541837.0
2020-01-02,CYRE3,31.11,153138064.0
2020-01-03,CYRE3,32.8,237628971.0
2020-01-06,CYRE3,32.5,209101938.0
2020-01-07,CYRE3,32.6,142494283.0
2020-01-08,CYRE3,31.59,184667400.0
2020-01-09,CYRE3,31.43,174645214.0
2020-01-10,CYRE3,31.65,159296684.0
2020-01-13,CYRE3,32.25,176459279.0
2020-01-14,CYRE3,32.5,152899315.0
2020-01-15,CYRE3,32.0,150216505.0
2020-01-16,CYRE3,32.12,88798750.0
2020-01-17,CYRE3,33.13,109821095.0
2020-01-20,CYRE3,33.85,133265576.0
2020-01-21,CYRE3,33.52,167263742.0
2020-01-22,CYRE3,34.03,122987819.0
2020-01-23,CYRE3,34.38,143201988.0
2020-01-24,CYRE3,33.34,100641076.0
2020-01-27,CYRE3,32.2,133355791.0
2020-01-28,CYRE3,33.08,87171535.0
2020-01-29,CYRE3,32.74,88227836.0
2020-01-30,CYRE3,32.47,124936350.0
2020-01-31,CYRE3,31.8,133359699.0
2020-02-03,CYRE3,32.45,140931384.0
2020-02-04,CYRE3,32.85,122855691.0
2020-02-05,CYRE3,33.0,154400460.0
2020-02-06,CYRE3,33.0,215499347.0
2020-02-07,CYRE3,32.73,144451619.0
2020-02-10,CYRE3,30.79,162161633.0
2020-02-11,CYRE3,32.16,176360553.0
2020-02-12,CYRE3,32.82,96305300.0
2020-02-13,CYRE3,32.77,103735622.0
2020-02-14,CYRE3,32.5,89282201.0
2020-02-17,CYRE3,32.82,67724904.0
2020-02-18,CYRE3,32.49,96947511.0
2020-02-19,CYRE3,33.6,120200270.0
2020-02-20,CYRE3,33.75,125395937.0
2020-02-21,CYRE3,33.85,145296893.0
2020-02-26,CYRE3,31.24,181255177.0
2020-02-27,CYRE3,29.5,224425110.0
2020-02-28,CYRE3,29.83,180747252.0
2020-03-02,CYRE3,30.63,171760141.0
2020-03-03,CYRE3,30.57,174638373.0
2020-03-04,CYRE3,32.18,119945595.0
2020-03-05,CYRE3,29.42,123106379.0
2020-03-06,CYRE3,27.75,261953076.0
2020-03-09,CYRE3,23.12,216141605.0
2020-03-10,CYRE3,25.17,247009506.0
2020-03-11,CYRE3,24.3,153113029.0
2020-03-12,CYRE3,18.31,142645987.0
2020-03-13,CYRE3,21.05,219906202.0
2020-03-16,CYRE3,17.06,186177559.0
2020-03-17,CYRE3,16.85,163771408.0
2020-03-18,CYRE3,13.37,156639590.0
2020-03-19,CYRE3,14.7,208546680.0
2020-03-20,CYRE3,14.17,249434981.0
2020-03-23,CYRE3,12.96,120449690.0
2020-03-24,CYRE3,15.3,139203685.0
2020-03-25,CYRE3,16.57,177661282.0
2020-03-26,CYRE3,18.23,177487806.0
2020-03-27,CYRE3,16.07,161569268.0
2020-03-30,CYRE3,15.7,94606498.0
2020-03-31,CYRE3,14.13,129287546.0
2020-04-01,CYRE3,12.96,154961749.0
2020-04-02,CYRE3,12.45,164995113.0
2020-05-04,CYRE3,14.83,128701654.0
2020-05-05,CYRE3,14.85,95162457.0
2020-05-06,CYRE3,14.35,97671626.0
2020-05-07,CYRE3,13.34,112807218.0
2020-05-08,CYRE3,13.6,109231653.0
2020-05-11,CYRE3,13.19,83363313.0
2020-05-12,CYRE3,13.06,133652356.0
2020-05-13,CYRE3,12.59,215199306.0
2020-05-14,CYRE3,13.63,158538495.0
2020-05-15,CYRE3,12.65,179115990.0
2020-05-18,CYRE3,13.53,106708000.0
2020-05-19,CYRE3,13.39,119176051.0
2020-05-20,CYRE3,14.0,133515579.0
2020-05-21,CYRE3,15.54,224327004.0
2020-05-22,CYRE3,14.88,129883467.0
2020-05-25,CYRE3,16.73,168023421.0
2020-05-26,CYRE3,16.15,188584919.0
2020-05-27,CYRE3,17.5,209763140.0
2020-05-28,CYRE3,17.5,190304960.0
2020-05-29,CYRE3,16.95,161212420.0
2020-06-01,CYRE3,17.08,109370362.0
2020-06-02,CYRE3,18.2,223779544.0
2020-06-03,CYRE3,20.89,412486406.0
2020-06-04,CYRE3,20.95,175490715.0
2020-06-05,CYRE3,20.68,218586474.0
2020-06-08,CYRE3,22.15,193351656.0
2020-06-09,CYRE3,21.43,141414149.0
2020-06-10,CYRE3,20.89,158633016.0
2020-06-12,CYRE3,20.34,208267425.0
2020-06-15,CYRE3,20.75,136072054.0
2020-06-16,CYRE3,20.94,199144730.0
2020-06-17,CYRE3,22.35,240750069.0
2020-06-18,CYRE3,22.35,400974424.0
2020-06-19,CYRE3,22.77,276019943.0
2020-06-22,CYRE3,22.86,171410219.0
2020-06-23,CYRE3,23.47,132546433.0
2020-06-24,CYRE3,22.64,163484447.0
2020-06-25,CYRE3,23.15,149056214.0
2020-06-26,CYRE3,21.92,176144768.0
2020-06-29,CYRE3,22.97,145948441.0
2020-06-30,CYRE3,22.85,153944261.0
2020-07-01,CYRE3,24.57,295521049.0
2020-07-02,CYRE3,24.56,198753281.0
2020-07-03,CYRE3,25.32,115915383.0
2020-07-06,CYRE3,25.6,202859202.0
2020-07-07,CYRE3,25.61,191042361.0
2020-07-08,CYRE3,26.74,364470614.0
2020-07-09,CYRE3,26.9,236971074.0
2020-07-10,CYRE3,28.03,322579478.0
2020-07-13,CYRE3,26.54,246377907.0
2020-07-14,CYRE3,26.88,213935264.0
2020-07-15,CYRE3,26.69,215719561.0
2020-07-16,CYRE3,26.15,178655799.0
2020-07-17,CYRE3,27.61,261602319.0
2020-07-20,CYRE3,28.03,139443443.0
2020-07-21,CYRE3,27.44,178424090.0
2020-07-22,CYRE3,27.34,148255404.0
2020-07-23,CYRE3,26.36,171602363.0
2020-07-24,CYRE3,25.84,185913429.0
2020-07-27,CYRE3,25.98,147526864.0
2020-07-28,CYRE3,25.66,202750852.0
2020-07-29,CYRE3,26.9,265714490.0
2020-07-30,CYRE3,27.62,173372343.0
2020-07-31,CYRE3,27.42,198034566.0
2020-09-02,CYRE3,24.31,147563641.0
2020-09-03,CYRE3,24.3,329165397.0
2020-09-04,CYRE3,23.85,232733539.0
2020-09-08,CYRE3,23.95,147271206.0
2020-09-09,CYRE3,24.48,226279967.0
2020-09-10,CYRE3,24.04,214695196.0
2020-09-11,CYRE3,23.66,179374815.0
2020-09-14,CYRE3,24.61,125164959.0
2020-09-15,CYRE3,24.46,131668875.0
2020-09-16,CYRE3,24.01,177798499.0
2020-09-17,CYRE3,23.63,210690557.0
2020-09-18,CYRE3,23.02,170022794.0
2020-09-21,CYRE3,22.81,123973318.0
2020-09-22,CYRE3,23.53,187562459.0
2020-09-23,CYRE3,22.88,120500625.0
2020-09-24,CYRE3,23.42,214142534.0
2020-09-25,CYRE3,23.6,147234046.0
2020-09-28,CYRE3,22.58,247706365.0
2020-09-29,CYRE3,22.4,226240426.0
2020-09-30,CYRE3,23.24,276771513.0
2020-10-01,CYRE3,24.3,236754634.0
2020-10-02,CYRE3,23.44,236544535.0
2020-10-05,CYRE3,23.56,159834433.0
2020-10-06,CYRE3,24.3,286247430.0
2020-10-07,CYRE3,24.5,142486550.0
2020-10-08,CYRE3,25.08,148554592.0
2020-10-09,CYRE3,26.23,329752594.0
2020-10-13,CYRE3,26.42,127560861.0
2020-10-14,CYRE3,26.01,114487630.0
2020-10-15,CYRE3,26.29,105851059.0
2020-10-16,CYRE3,25.68,156858716.0
2020-10-19,CYRE3,25.82,142306978.0
2020-10-20,CYRE3,26.73,176681774.0
2020-10-21,CYRE3,26.96,337701647.0
2020-10-22,CYRE3,26.53,237500258.0
2020-10-23,CYRE3,26.14,148216473.0
2020-10-26,CYRE3,25.42,144884670.0
2020-10-27,CYRE3,24.69,106730066.0
2020-10-28,CYRE3,23.23,143890021.0
2020-10-29,CYRE3,23.76,189546281.0
2020-10-30,CYRE3,22.79,120825587.0
2020-11-03,CYRE3,22.84,115159512.0
2020-11-04,CYRE3,24.5,182872977.0
2020-11-05,CYRE3,25.91,242733873.0
2020-11-06,CYRE3,26.29,132913416.0
2020-11-09,CYRE3,25.89,210245824.0
2020-11-10,CYRE3,26.3,251727372.0
2020-11-11,CYRE3,26.12,97791492.0
2020-11-12,CYRE3,24.78,153288240.0
2020-11-13,CYRE3,25.79,251815138.0
2020-11-16,CYRE3,26.27,164639594.0
2020-11-17,CYRE3,27.04,253185240.0
2020-11-18,CYRE3,25.91,166786476.0
2020-11-19,CYRE3,26.58,179459885.0
2020-11-20,CYRE3,26.49,119266608.0
2020-11-23,CYRE3,26.09,114325950.0
2020-11-24,CYRE3,26.28,135545209.0
2020-11-25,CYRE3,26.84,121759969.0
2020-11-26,CYRE3,26.4,139162572.0
2020-11-27,CYRE3,27.33,196960728.0
2020-11-30,CYRE3,27.06,332507682.0
2020-12-01,CYRE3,28.79,448282483.0
2020-12-02,CYRE3,29.71,233271275.0
2019-01-04,ECOR3,9.96,15477121.0
2019-01-07,ECOR3,9.84,20802335.0
2019-01-08,ECOR3,9.82,24971390.0
2019-01-09,ECOR3,10.01,41135420.0
2019-01-10,ECOR3,10.2,27885388.0
2019-01-11,ECOR3,10.45,37964960.0
2019-01-14,ECOR3,10.71,50194415.0
2019-01-15,ECOR3,10.54,36615797.0
2019-01-16,ECOR3,10.35,15091688.0
2019-01-17,ECOR3,10.5,19859867.0
2019-01-18,ECOR3,10.34,21324707.0
2019-01-21,ECOR3,10.5,15489798.0
2019-01-22,ECOR3,10.58,37606763.0
2019-01-23,ECOR3,10.61,36554615.0
2019-01-24,ECOR3,11.17,69385702.0
2019-01-28,ECOR3,11.47,56171747.0
2019-01-29,ECOR3,12.0,129661641.0
2019-01-30,ECOR3,11.75,35046138.0
2019-01-31,ECOR3,11.39,43955017.0
2019-02-01,ECOR3,11.48,37709662.0
2019-02-04,ECOR3,11.55,51770801.0
2019-02-05,ECOR3,11.53,24312393.0
2019-02-06,ECOR3,11.11,132662889.0
2019-02-07,ECOR3,11.25,38088742.0
2019-02-08,ECOR3,11.13,50325539.0
2019-02-11,ECOR3,11.01,32983077.0
2019-02-12,ECOR3,11.08,31896956.0
2019-02-13,ECOR3,10.86,37545026.0
2019-02-14,ECOR3,11.14,31815404.0
2019-02-15,ECOR3,11.07,21593034.0
2019-02-18,ECOR3,11.17,13291008.0
2019-02-19,ECOR3,11.25,19644656.0
2019-02-20,ECOR3,11.01,22038618.0
2019-02-21,ECOR3,10.99,44421216.0
2019-02-22,ECOR3,10.95,14706576.0
2019-02-25,ECOR3,10.95,10731037.0
2019-02-26,ECOR3,11.0,27464099.0
2019-02-27,ECOR3,11.2,21847313.0
2019-02-28,ECOR3,11.32,33758284.0
2019-03-01,ECOR3,11.1,43123627.0
2019-03-06,ECOR3,10.57,40483714.0
2019-03-07,ECOR3,9.98,64922513.0
2019-03-08,ECOR3,10.06,43623271.0
2019-03-11,ECOR3,10.2,27726180.0
2019-03-12,ECOR3,10.22,17895053.0
2019-03-13,ECOR3,10.42,20210217.0
2019-03-14,ECOR3,10.35,13634880.0
2019-03-15,ECOR3,10.06,38357392.0
2019-03-18,ECOR3,9.95,62003474.0
2019-03-19,ECOR3,9.81,32465296.0
2019-03-20,ECOR3,9.9,41912455.0
2019-03-21,ECOR3,9.64,43707687.0
2019-03-22,ECOR3,9.18,43365270.0
2019-03-25,ECOR3,9.33,24464353.0
2019-03-26,ECOR3,9.59,27502092.0
2019-03-27,ECOR3,9.38,35410179.0
2019-03-28,ECOR3,9.72,26654318.0
2019-03-29,ECOR3,9.59,25657369.0
2019-04-01,ECOR3,9.4,41640661.0
2019-04-02,ECOR3,9.17,27671981.0
2019-05-03,ECOR3,8.25,30631153.0
2019-05-06,ECOR3,8.54,30035801.0
2019-05-07,ECOR3,8.28,31669303.0
2019-05-08,ECOR3,8.35,18368736.0
2019-05-09,ECOR3,8.53,19690462.0
2019-05-10,ECOR3,8.7,26654213.0
2019-05-13,ECOR3,8.33,43637918.0
2019-05-14,ECOR3,8.38,18508223.0
2019-05-15,ECOR3,8.27,26660441.0
2019-05-16,ECOR3,8.25,27787634.0
2019-05-17,ECOR3,8.27,33436662.0
2019-05-20,ECOR3,8.44,27243798.0
2019-05-21,ECOR3,8.79,26925019.0
2019-05-22,ECOR3,8.58,27926588.0
2019-05-23,ECOR3,8.65,14674356.0
2019-05-24,ECOR3,8.64,11728638.0
2019-05-27,ECOR3,9.08,22380676.0
2019-05-28,ECOR3,9.03,27198946.0
2019-05-29,ECOR3,9.05,19759726.0
2019-05-30,ECOR3,9.36,36369139.0
2019-05-31,ECOR3,9.46,22982876.0
2019-06-03,ECOR3,9.44,25970093.0
2019-06-04,ECOR3,9.48,15867640.0
2019-06-05,ECOR3,9.46,27264856.0
2019-06-06,ECOR3,9.63,24736512.0
2019-06-07,ECOR3,9.65,24717160.0
2019-06-10,ECOR3,9.61,18053343.0
2019-06-11,ECOR3,9.88,28201340.0
2019-06-12,ECOR3,9.89,34464523.0
2019-06-13,ECOR3,10.21,48768162.0
2019-06-14,ECOR3,10.37,40155016.0
2019-06-17,ECOR3,10.33,31420824.0
2019-06-18,ECOR3,10.48,23455968.0
2019-06-19,ECOR3,10.5,22740526.0
2019-06-21,ECOR3,10.89,61840924.0
2019-06-24,ECOR3,10.8,43180903.0
2019-06-25,ECOR3,10.51,26066112.0
2019-06-26,ECOR3,10.53,30385875.0
2019-06-27,ECOR3,10.6,24481872.0
2019-06-28,ECOR3,10.76,21050121.0
2019-07-01,ECOR3,10.58,30726998.0
2019-07-02,ECOR3,10.48,34807798.0
2019-07-03,ECOR3,10.39,36349597.0
2019-07-04,ECOR3,10.9,34699493.0
2019-07-05,ECOR3,11.1,34729553.0
2019-07-08,ECOR3,11.4,27420850.0
2019-07-10,ECOR3,11.67,55095523.0
2019-07-11,ECOR3,11.5,29526356.0
2019-07-12,ECOR3,11.53,49919893.0
2019-07-15,ECOR3,11.29,27889165.0
2019-07-16,ECOR3,11.35,14454148.0
2019-07-17,ECOR3,11.45,15637825.0
2019-07-18,ECOR3,11.5,24155451.0
2019-07-19,ECOR3,11.41,17919232.0
2019-07-22,ECOR3,11.44,14310343.0
2019-07-23,ECOR3,11.2,31037770.0
2019-07-24,ECOR3,11.13,16724762.0
2019-07-25,ECOR3,11.13,19796592.0
2019-07-26,ECOR3,11.44,25797723.0
2019-07-29,ECOR3,11.5,23162080.0
2019-07-30,ECOR3,11.73,34586400.0
2019-07-31,ECOR3,11.78,34074692.0
2019-08-01,ECOR3,11.91,59862886.0
2019-08-02,ECOR3,11.85,22308327.0
2019-09-02,ECOR3,12.53,39195077.0
2019-09-03,ECOR3,12.48,43821139.0
2019-09-04,ECOR3,12.82,32125915.0
2019-09-05,ECOR3,12.78,36225299.0
2019-09-06,ECOR3,12.98,69299685.0
2019-09-09,ECOR3,12.9,38438358.0
2019-09-10,ECOR3,13.0,25989422.0
2019-09-11,ECOR3,12.97,32890484.0
2019-09-12,ECOR3,13.17,36428693.0
2019-09-13,ECOR3,12.79,83523722.0
2019-09-16,ECOR3,12.77,24644072.0
2019-09-17,ECOR3,12.82,25877762.0
2019-09-18,ECOR3,12.95,31786648.0
2019-09-19,ECOR3,13.4,67999962.0
2019-09-20,ECOR3,13.64,32280197.0
2019-09-23,ECOR3,13.7,29317345.0
2019-09-24,ECOR3,13.4,57760421.0
2019-09-25,ECOR3,13.63,31248017.0
2019-09-26,ECOR3,13.7,38071419.0
2019-09-27,ECOR3,14.15,81615526.0
2019-09-30,ECOR3,14.1,35808223.0
2019-10-01,ECOR3,13.95,36925164.0
2019-10-02,ECOR3,13.66,46260345.0
2019-10-03,ECOR3,13.85,27001587.0
2019-10-04,ECOR3,13.83,28357278.0
2019-10-07,ECOR3,13.37,28179115.0
2019-10-08,ECOR3,13.41,46759988.0
2019-10-09,ECOR3,13.5,29943497.0
2019-10-10,ECOR3,13.4,44382703.0
2019-10-11,ECOR3,14.07,48791222.0
2019-10-14,ECOR3,14.14,31789452.0
2019-10-15,ECOR3,14.06,43583394.0
2019-10-16,ECOR3,14.35,31192784.0
2019-10-17,ECOR3,14.44,48008422.0
2019-10-18,ECOR3,14.46,74690872.0
2019-10-21,ECOR3,14.57,42413112.0
2019-10-22,ECOR3,14.51,28501764.0
2019-10-23,ECOR3,14.33,28144941.0
2019-10-24,ECOR3,14.35,30155788.0
2019-10-25,ECOR3,14.11,31233500.0
2019-10-28,ECOR3,14.08,36354175.0
2019-10-29,ECOR3,13.86,28318476.0
2019-10-30,ECOR3,13.92,51748829.0
2019-10-31,ECOR3,13.75,63119142.0
2019-11-01,ECOR3,13.94,31351633.0
2019-11-04,ECOR3,14.13,37599379.0
2019-11-05,ECOR3,13.8,43353052.0
2019-11-06,ECOR3,14.08,43466004.0
2019-11-07,ECOR3,14.88,75287927.0
2019-11-08,ECOR3,14.5,49980065.0
2019-11-11,ECOR3,14.73,37903626.0
2019-11-12,ECOR3,14.35,31657048.0
2019-11-13,ECOR3,14.35,18759647.0
2019-11-14,ECOR3,14.62,42958777.0
2019-11-18,ECOR3,14.58,28416614.0
2019-11-19,ECOR3,14.41,33048787.0
2019-11-21,ECOR3,14.59,35955985.0
2019-11-22,ECOR3,14.58,27784696.0
2019-11-25,ECOR3,14.82,62805595.0
2019-11-26,ECOR3,14.59,57805230.0
2019-11-27,ECOR3,14.46,78333807.0
2019-11-28,ECOR3,14.72,56116163.0
2019-11-29,ECOR3,14.4,42245632.0
2019-12-02,ECOR3,14.11,72440788.0
2020-01-02,ECOR3,16.3,38805132.0
2020-01-03,ECOR3,16.17,74497261.0
2020-01-06,ECOR3,16.08,39087761.0
2020-01-07,ECOR3,16.44,57138027.0
2020-01-08,ECOR3,16.48,80848409.0
2020-01-09,ECOR3,16.43,27491857.0
2020-01-10,ECOR3,16.37,42619502.0
2020-01-13,ECOR3,16.65,35958175.0
2020-01-14,ECOR3,17.36,103031755.0
2020-01-15,ECOR3,17.5,78536893.0
2020-01-16,ECOR3,17.99,84843169.0
2020-01-17,ECOR3,18.2,65384997.0
2020-01-20,ECOR3,18.4,32329430.0
2020-01-21,ECOR3,18.58,65595871.0
2020-01-22,ECOR3,18.39,47182651.0
2020-01-23,ECOR3,18.96,55030277.0
2020-01-24,ECOR3,18.9,25454245.0
2020-01-27,ECOR3,19.02,47418747.0
2020-01-28,ECOR3,19.1,57520938.0
2020-01-29,ECOR3,18.87,33502690.0
2020-01-30,ECOR3,18.36,63119014.0
2020-01-31,ECOR3,17.73,59600656.0
2020-02-03,ECOR3,18.0,77458961.0
2020-02-04,ECOR3,17.75,43872047.0
2020-02-05,ECOR3,17.86,54083385.0
2020-02-06,ECOR3,17.43,38490946.0
2020-02-07,ECOR3,16.82,53325620.0
2020-02-10,ECOR3,16.76,71586925.0
2020-02-11,ECOR3,17.27,48836182.0
2020-02-12,ECOR3,17.6,61269129.0
2020-02-13,ECOR3,17.2,53216594.0
2020-02-14,ECOR3,17.03,49876580.0
2020-02-17,ECOR3,17.15,33910047.0
2020-02-18,ECOR3,17.18,34302716.0
2020-02-19,ECOR3,17.47,64467047.0
2020-02-20,ECOR3,17.52,92555522.0
2020-02-21,ECOR3,17.37,65882149.0
2020-02-26,ECOR3,16.1,114881922.0
2020-02-27,ECOR3,15.54,62357801.0
2020-02-28,ECOR3,15.78,72439900.0
2020-03-02,ECOR3,16.28,37031769.0
2020-03-03,ECOR3,15.99,62150527.0
2020-03-04,ECOR3,16.2,44448609.0
2020-03-05,ECOR3,15.1,36606102.0
2020-03-06,ECOR3,14.36,50813506.0
2020-03-09,ECOR3,12.02,63411597.0
2020-03-10,ECOR3,13.8,77946387.0
2020-03-11,ECOR3,13.25,86573906.0
2020-03-12,ECOR3,10.79,63160943.0
2020-03-13,ECOR3,13.13,88772260.0
2020-03-16,ECOR3,10.84,57911237.0
2020-03-17,ECOR3,11.37,50023823.0
2020-03-18,ECOR3,9.8,60946533.0
2020-03-19,ECOR3,9.53,49622320.0
2020-03-20,ECOR3,9.11,35050605.0
2020-03-23,ECOR3,8.71,27653007.0
2020-03-24,ECOR3,9.98,36077115.0
2020-03-25,ECOR3,10.85,35255847.0
2020-03-26,ECOR3,11.3,50754840.0
2020-03-27,ECOR3,10.57,47701857.0
2020-03-30,ECOR3,10.2,43589512.0
2020-03-31,ECOR3,9.45,37240632.0
2020-04-01,ECOR3,9.06,24380928.0
2020-04-02,ECOR3,9.0,32590722.0
2020-05-04,ECOR3,10.16,25011132.0
2020-05-05,ECOR3,10.5,30528491.0
2020-05-06,ECOR3,10.46,30807539.0
2020-05-07,ECOR3,9.76,47629914.0
2020-05-08,ECOR3,9.78,37917054.0
2020-05-11,ECOR3,9.66,34424139.0
2020-05-12,ECOR3,9.45,34227118.0
2020-05-13,ECOR3,9.25,38966505.0
2020-05-14,ECOR3,9.63,28980621.0
2020-05-15,ECOR3,9.34,45616460.0
2020-05-18,ECOR3,10.16,52538434.0
2020-05-19,ECOR3,10.59,56956981.0
2020-05-20,ECOR3,11.19,69714333.0
2020-05-21,ECOR3,12.29,72650108.0
2020-05-22,ECOR3,11.91,45508487.0
2020-05-25,ECOR3,12.96,54807629.0
2020-05-26,ECOR3,13.12,99505408.0
2020-05-27,ECOR3,13.56,71944863.0
2020-05-28,ECOR3,13.42,64884362.0
2020-05-29,ECOR3,13.15,71361865.0
2020-06-01,ECOR3,13.19,49364799.0
2020-06-02,ECOR3,13.03,63893225.0
2020-06-03,ECOR3,14.17,82381506.0
2020-06-04,ECOR3,13.57,94988729.0
2020-06-05,ECOR3,13.99,119460976.0
2020-06-08,ECOR3,14.41,71501578.0
2020-06-09,ECOR3,13.98,98393340.0
2020-06-10,ECOR3,13.64,58482051.0
2020-06-12,ECOR3,13.5,63310900.0
2020-06-15,ECOR3,13.35,51005496.0
2020-06-16,ECOR3,13.1,77493803.0
2020-06-17,ECOR3,13.08,91466149.0
2020-06-18,ECOR3,13.0,120791743.0
2020-06-19,ECOR3,13.24,193167547.0
2020-06-22,ECOR3,13.01,49403253.0
2020-06-23,ECOR3,13.0,58611265.0
2020-06-24,ECOR3,12.69,40560021.0
2020-06-25,ECOR3,13.42,67860913.0
2020-06-26,ECOR3,12.92,37058162.0
2020-06-29,ECOR3,12.96,64393432.0
2020-06-30,ECOR3,12.97,84461426.0
2020-07-01,ECOR3,13.7,104048628.0
2020-07-02,ECOR3,13.85,69755343.0
2020-07-03,ECOR3,13.87,21857676.0
2020-07-06,ECOR3,14.64,109955534.0
2020-07-07,ECOR3,14.36,39883386.0
2020-07-08,ECOR3,14.9,69961520.0
2020-07-09,ECOR3,14.41,64455771.0
2020-07-10,ECOR3,14.29,45125065.0
2020-07-13,ECOR3,13.85,45548355.0
2020-07-14,ECOR3,14.03,37890098.0
2020-07-15,ECOR3,14.05,50806984.0
2020-07-16,ECOR3,13.65,133885841.0
2020-07-17,ECOR3,13.94,168244922.0
2020-07-20,ECOR3,14.35,65044516.0
2020-07-21,ECOR3,14.04,62777114.0
2020-07-22,ECOR3,13.95,63582120.0
2020-07-23,ECOR3,13.6,43709538.0
2020-07-24,ECOR3,13.72,37036949.0
2020-07-27,ECOR3,13.58,48858195.0
2020-07-28,ECOR3,13.33,80406208.0
2020-07-29,ECOR3,13.44,43842766.0
2020-07-30,ECOR3,13.58,50982139.0
2020-07-31,ECOR3,14.52,192104447.0
2020-09-02,ECOR3,13.39,49909969.0
2020-09-03,ECOR3,13.12,54339762.0
2020-09-04,ECOR3,13.54,88839664.0
2020-09-08,ECOR3,13.62,41715685.0
2020-09-09,ECOR3,13.65,75250326.0
2020-09-10,ECOR3,13.25,60713156.0
2020-09-11,ECOR3,12.98,76427919.0
2020-09-14,ECOR3,13.6,52193212.0
2020-09-15,ECOR3,13.33,45281682.0
2020-09-16,ECOR3,13.08,48175255.0
2020-09-17,ECOR3,13.15,34234270.0
2020-09-18,ECOR3,12.99,54239726.0
2020-09-21,ECOR3,12.4,74417614.0
2020-09-22,ECOR3,12.68,46123741.0
2020-09-23,ECOR3,12.65,74478525.0
2020-09-24,ECOR3,12.74,30716694.0
2020-09-25,ECOR3,12.8,52214539.0
2020-09-28,ECOR3,12.21,64688866.0
2020-09-29,ECOR3,11.79,69256719.0
2020-09-30,ECOR3,11.84,38633854.0
2020-10-01,ECOR3,12.1,49012230.0
2020-10-02,ECOR3,11.82,32965308.0
2020-10-05,ECOR3,11.92,52475812.0
2020-10-06,ECOR3,11.75,39481512.0
2020-10-07,ECOR3,11.4,77930253.0
2020-10-08,ECOR3,11.77,51930031.0
2020-10-09,ECOR3,11.66,59384594.0
2020-10-13,ECOR3,11.47,64125828.0
2020-10-14,ECOR3,11.82,69569452.0
2020-10-15,ECOR3,11.78,45719300.0
2020-10-16,ECOR3,11.92,48721922.0
2020-10-19,ECOR3,11.6,34536477.0
2020-10-20,ECOR3,11.71,43415575.0
2020-10-21,ECOR3,11.45,63084040.0
2020-10-22,ECOR3,11.34,50956827.0
2020-10-23,ECOR3,11.17,30223502.0
2020-10-26,ECOR3,11.19,37522026.0
2020-10-27,ECOR3,10.81,34162628.0
2020-10-28,ECOR3,10.3,57995546.0
2020-10-29,ECOR3,10.34,30770298.0
2020-10-30,ECOR3,9.99,29999010.0
2020-11-03,ECOR3,9.93,62777399.0
2020-11-04,ECOR3,10.58,62724691.0
2020-11-05,ECOR3,11.5,105184373.0
2020-11-06,ECOR3,11.84,88013433.0
2020-11-09,ECOR3,11.54,58204094.0
2020-11-10,ECOR3,11.89,65748386.0
2020-11-11,ECOR3,11.91,83588539.0
2020-11-12,ECOR3,11.33,71203676.0
2020-11-13,ECOR3,11.52,25138290.0
2020-11-16,ECOR3,11.77,45379595.0
2020-11-17,ECOR3,12.01,46803160.0
2020-11-18,ECOR3,11.79,44226622.0
2020-11-19,ECOR3,11.91,26614214.0
2020-11-20,ECOR3,11.5,34739998.0
2020-11-23,ECOR3,11.5,26920082.0
2020-11-24,ECOR3,12.01,95763476.0
2020-11-25,ECOR3,12.13,46007389.0
2020-11-26,ECOR3,12.0,26792223.0
2020-11-27,ECOR3,12.06,39921272.0
2020-11-30,ECOR3,12.03,62921948.0
2020-12-01,ECOR3,12.9,128511041.0
2020-12-02,ECOR3,13.0,72682715.0
2019-01-04,EGIE3,35.52,60592966.0
2019-01-07,EGIE3,35.3,42028541.0
2019-01-08,EGIE3,35.7,43980932.0
2019-01-09,EGIE3,36.65,56159661.0
2019-01-10,EGIE3,36.22,56201439.0
2019-01-11,EGIE3,36.82,46136210.0
2019-01-14,EGIE3,37.31,76779810.0
2019-01-15,EGIE3,37.16,39104857.0
2019-01-16,EGIE3,37.0,40687604.0
2019-01-17,EGIE3,37.56,45374920.0
2019-01-18,EGIE3,38.49,43406827.0
2019-01-21,EGIE3,38.67,19365969.0
2019-01-22,EGIE3,38.94,82575142.0
2019-01-23,EGIE3,41.05,93148301.0
2019-01-24,EGIE3,42.0,69353457.0
2019-01-28,EGIE3,43.6,117321054.0
2019-01-29,EGIE3,42.6,72307485.0
2019-01-30,EGIE3,42.46,84531535.0
2019-01-31,EGIE3,41.85,66614103.0
2019-02-01,EGIE3,42.66,68534840.0
2019-02-04,EGIE3,43.83,48943023.0
2019-02-05,EGIE3,43.8,53226838.0
2019-02-06,EGIE3,41.8,74430861.0
2019-02-07,EGIE3,42.4,66453945.0
2019-02-08,EGIE3,43.41,57495403.0
2019-02-11,EGIE3,43.37,71771113.0
2019-02-12,EGIE3,43.72,66413521.0
2019-02-13,EGIE3,43.02,80126579.0
2019-02-14,EGIE3,43.59,57935049.0
2019-02-15,EGIE3,43.18,42998687.0
2019-02-18,EGIE3,42.64,25496019.0
2019-02-19,EGIE3,44.5,48358845.0
2019-02-20,EGIE3,42.0,102939762.0
2019-02-21,EGIE3,41.96,88384925.0
2019-02-22,EGIE3,41.85,74851851.0
2019-02-25,EGIE3,42.11,33297589.0
2019-02-26,EGIE3,41.48,49714146.0
2019-02-27,EGIE3,42.1,71779170.0
2019-02-28,EGIE3,41.16,75121383.0
2019-03-01,EGIE3,40.36,76371543.0
2019-03-06,EGIE3,39.8,60085222.0
2019-03-07,EGIE3,39.49,60456916.0
2019-03-08,EGIE3,40.17,56175716.0
2019-03-11,EGIE3,40.22,68601403.0
2019-03-12,EGIE3,41.14,48128875.0
2019-03-13,EGIE3,42.41,72762012.0
2019-03-14,EGIE3,42.92,70200236.0
2019-03-15,EGIE3,43.2,111398090.0
2019-03-18,EGIE3,43.29,32064398.0
2019-03-19,EGIE3,43.2,28144436.0
2019-03-20,EGIE3,42.51,50251762.0
2019-03-21,EGIE3,41.75,60454868.0
2019-03-22,EGIE3,40.88,80504945.0
2019-03-25,EGIE3,41.44,48487466.0
2019-03-26,EGIE3,42.09,40372263.0
2019-03-27,EGIE3,41.19,58138598.0
2019-03-28,EGIE3,42.66,67140701.0
2019-03-29,EGIE3,42.71,63567923.0
2019-04-01,EGIE3,43.33,37957912.0
2019-04-02,EGIE3,42.5,56632440.0
2019-05-03,EGIE3,42.57,92836651.0
2019-05-06,EGIE3,42.66,48428928.0
2019-05-07,EGIE3,42.2,57472336.0
2019-05-08,EGIE3,42.15,42767248.0
2019-05-09,EGIE3,42.35,59855777.0
2019-05-10,EGIE3,42.57,50747564.0
2019-05-13,EGIE3,42.34,60811714.0
2019-05-14,EGIE3,41.8,74499986.0
2019-05-15,EGIE3,42.0,86845612.0
2019-05-16,EGIE3,41.56,68037684.0
2019-05-17,EGIE3,40.25,90596737.0
2019-05-20,EGIE3,41.9,64981371.0
2019-05-21,EGIE3,42.28,34994402.0
2019-05-22,EGIE3,42.15,34559522.0
2019-05-23,EGIE3,41.62,39871278.0
2019-05-24,EGIE3,41.76,46113559.0
2019-05-27,EGIE3,41.92,25040420.0
2019-05-28,EGIE3,42.57,105189977.0
2019-05-29,EGIE3,43.0,47114658.0
2019-05-30,EGIE3,44.21,62872454.0
2019-05-31,EGIE3,46.32,121474694.0
2019-06-03,EGIE3,47.11,79818264.0
2019-06-04,EGIE3,46.51,91681687.0
2019-06-05,EGIE3,46.64,66826766.0
2019-06-06,EGIE3,46.08,93516557.0
2019-06-07,EGIE3,46.2,93548353.0
2019-06-10,EGIE3,45.09,100594910.0
2019-06-11,EGIE3,44.95,101959079.0
2019-06-12,EGIE3,44.0,80850474.0
2019-06-13,EGIE3,44.39,109544146.0
2019-06-14,EGIE3,43.61,78531327.0
2019-06-17,EGIE3,43.06,54654347.0
2019-06-18,EGIE3,43.68,61143338.0
2019-06-19,EGIE3,43.36,76125935.0
2019-06-21,EGIE3,43.19,136377821.0
2019-06-24,EGIE3,42.94,98692749.0
2019-06-25,EGIE3,42.43,67539997.0
2019-06-26,EGIE3,42.49,136387335.0
2019-06-27,EGIE3,42.69,89377473.0
2019-06-28,EGIE3,43.47,108963711.0
2019-07-01,EGIE3,43.5,26079929.0
2019-07-02,EGIE3,43.71,51488376.0
2019-07-03,EGIE3,44.06,81666696.0
2019-07-04,EGIE3,44.34,44272563.0
2019-07-05,EGIE3,44.55,33142348.0
2019-07-08,EGIE3,45.17,27046503.0
2019-07-10,EGIE3,46.16,72705547.0
2019-07-11,EGIE3,46.03,45881373.0
2019-07-12,EGIE3,46.5,85573068.0
2019-07-15,EGIE3,45.99,42688063.0
2019-07-16,EGIE3,46.4,41642931.0
2019-07-17,EGIE3,46.7,51617195.0
2019-07-18,EGIE3,46.74,36301216.0
2019-07-19,EGIE3,46.9,52285023.0
2019-07-22,EGIE3,47.05,48553270.0
2019-07-23,EGIE3,46.6,49264913.0
2019-07-24,EGIE3,46.95,62489565.0
2019-07-25,EGIE3,46.73,46457753.0
2019-07-26,EGIE3,47.81,75109258.0
2019-07-29,EGIE3,48.53,75434486.0
2019-07-30,EGIE3,48.85,53274252.0
2019-07-31,EGIE3,48.27,58958196.0
2019-08-01,EGIE3,48.1,49400550.0
2019-08-02,EGIE3,48.33,62097428.0
2019-09-02,EGIE3,44.25,30287949.0
2019-09-03,EGIE3,43.94,45468709.0
2019-09-04,EGIE3,44.22,45620816.0
2019-09-05,EGIE3,44.69,62228630.0
2019-09-06,EGIE3,44.0,55713651.0
2019-09-09,EGIE3,43.75,64151246.0
2019-09-10,EGIE3,43.61,36177395.0
2019-09-11,EGIE3,44.37,33645844.0
2019-09-12,EGIE3,44.67,41331935.0
2019-09-13,EGIE3,44.02,32393090.0
2019-09-16,EGIE3,44.42,37227816.0
2019-09-17,EGIE3,43.9,78766792.0
2019-09-18,EGIE3,43.97,34628334.0
2019-09-19,EGIE3,45.17,63965129.0
2019-09-20,EGIE3,44.89,71730326.0
2019-09-23,EGIE3,44.66,30028912.0
2019-09-24,EGIE3,44.71,32619355.0
2019-09-25,EGIE3,44.01,57812902.0
2019-09-26,EGIE3,43.9,27838841.0
2019-09-27,EGIE3,43.95,24327632.0
2019-09-30,EGIE3,44.39,46455755.0
2019-10-01,EGIE3,44.44,70143171.0
2019-10-02,EGIE3,43.61,61142631.0
2019-10-03,EGIE3,43.97,38222705.0
2019-10-04,EGIE3,44.01,32088900.0
2019-10-07,EGIE3,42.93,53024845.0
2019-10-08,EGIE3,42.67,44564304.0
2019-10-09,EGIE3,42.48,48603538.0
2019-10-10,EGIE3,42.2,58269747.0
2019-10-11,EGIE3,43.11,36941722.0
2019-10-14,EGIE3,43.82,49404814.0
2019-10-15,EGIE3,43.22,67592360.0
2019-10-16,EGIE3,43.31,55338004.0
2019-10-17,EGIE3,43.57,31786530.0
2019-10-18,EGIE3,43.76,74912300.0
2019-10-21,EGIE3,44.14,36735261.0
2019-10-22,EGIE3,43.95,61383708.0
2019-10-23,EGIE3,43.74,65237026.0
2019-10-24,EGIE3,43.81,50730817.0
2019-10-25,EGIE3,43.53,39217475.0
2019-10-28,EGIE3,44.22,38343649.0
2019-10-29,EGIE3,44.69,40289590.0
2019-10-30,EGIE3,45.31,38757089.0
2019-10-31,EGIE3,45.26,60377227.0
2019-11-01,EGIE3,45.98,86599896.0
2019-11-04,EGIE3,46.01,44596303.0
2019-11-05,EGIE3,45.97,51029312.0
2019-11-06,EGIE3,46.02,71690711.0
2019-11-07,EGIE3,46.25,70780040.0
2019-11-08,EGIE3,45.2,66702917.0
2019-11-11,EGIE3,45.07,66800043.0
2019-11-12,EGIE3,44.57,62940256.0
2019-11-13,EGIE3,44.43,65051824.0
2019-11-14,EGIE3,44.32,36104061.0
2019-11-18,EGIE3,44.75,44923544.0
2019-11-19,EGIE3,44.7,52247740.0
2019-11-21,EGIE3,44.72,58759336.0
2019-11-22,EGIE3,45.36,42687483.0
2019-11-25,EGIE3,45.35,53437195.0
2019-11-26,EGIE3,44.84,81720842.0
2019-11-27,EGIE3,45.46,118942953.0
2019-11-28,EGIE3,46.36,43996942.0
2019-11-29,EGIE3,46.77,97492484.0
2019-12-02,EGIE3,46.85,82628279.0
2020-01-02,EGIE3,52.0,58903682.0
2020-01-03,EGIE3,52.3,70696174.0
2020-01-06,EGIE3,51.86,66380577.0
2020-01-07,EGIE3,51.97,75003850.0
2020-01-08,EGIE3,51.45,46034761.0
2020-01-09,EGIE3,51.6,32719682.0
2020-01-10,EGIE3,52.37,43036655.0
2020-01-13,EGIE3,53.36,63496968.0
2020-01-14,EGIE3,54.1,66018135.0
2020-01-15,EGIE3,53.45,89758772.0
2020-01-16,EGIE3,53.09,67473556.0
2020-01-17,EGIE3,53.43,83547665.0
2020-01-20,EGIE3,53.4,41964504.0
2020-01-21,EGIE3,53.6,79264589.0
2020-01-22,EGIE3,53.61,68308231.0
2020-01-23,EGIE3,53.6,51529509.0
2020-01-24,EGIE3,53.87,36202236.0
2020-01-27,EGIE3,52.82,43797903.0
2020-01-28,EGIE3,53.49,39348856.0
2020-01-29,EGIE3,53.02,44952908.0
2020-01-30,EGIE3,52.5,52333287.0
2020-01-31,EGIE3,52.05,90214583.0
2020-02-03,EGIE3,52.6,60247185.0
2020-02-04,EGIE3,52.85,43085482.0
2020-02-05,EGIE3,52.8,64917937.0
2020-02-06,EGIE3,51.81,57916621.0
2020-02-07,EGIE3,50.32,214356505.0
2020-02-10,EGIE3,49.93,78264379.0
2020-02-11,EGIE3,50.87,131716440.0
2020-02-12,EGIE3,50.8,189251554.0
2020-02-13,EGIE3,50.35,40261461.0
2020-02-14,EGIE3,50.2,47380925.0
2020-02-17,EGIE3,50.6,42539846.0
2020-02-18,EGIE3,50.85,78169190.0
2020-02-19,EGIE3,50.89,72004423.0
2020-02-20,EGIE3,49.37,106121151.0
2020-02-21,EGIE3,50.14,83608607.0
2020-02-26,EGIE3,47.99,87128737.0
2020-02-27,EGIE3,46.4,101880118.0
2020-02-28,EGIE3,47.53,182598208.0
2020-03-02,EGIE3,48.5,149360796.0
2020-03-03,EGIE3,48.53,90283404.0
2020-03-04,EGIE3,50.8,103300523.0
2020-03-05,EGIE3,48.8,94442448.0
2020-03-06,EGIE3,48.0,128132346.0
2020-03-09,EGIE3,44.77,161056795.0
2020-03-10,EGIE3,47.0,148138006.0
2020-03-11,EGIE3,45.27,140363405.0
2020-03-12,EGIE3,43.84,108807023.0
2020-03-13,EGIE3,48.19,144328772.0
2020-03-16,EGIE3,43.55,130513526.0
2020-03-17,EGIE3,46.82,163583120.0
2020-03-18,EGIE3,43.89,214054332.0
2020-03-19,EGIE3,41.68,112809261.0
2020-03-20,EGIE3,40.15,174689392.0
2020-03-23,EGIE3,37.98,92150482.0
2020-03-24,EGIE3,37.77,74980684.0
2020-03-25,EGIE3,38.23,135297619.0
2020-03-26,EGIE3,41.25,108237614.0
2020-03-27,EGIE3,39.09,69587378.0
2020-03-30,EGIE3,39.8,59377720.0
2020-03-31,EGIE3,38.92,75958043.0
2020-04-01,EGIE3,38.2,120224176.0
2020-04-02,EGIE3,38.11,49807713.0
2020-05-04,EGIE3,38.89,67879744.0
2020-05-05,EGIE3,38.93,59201538.0
2020-05-06,EGIE3,38.79,53380014.0
2020-05-07,EGIE3,37.0,85473422.0
2020-05-08,EGIE3,38.23,57632502.0
2020-05-11,EGIE3,37.72,66558707.0
2020-05-12,EGIE3,37.1,100353657.0
2020-05-13,EGIE3,36.72,92027187.0
2020-05-14,EGIE3,38.35,109351493.0
2020-05-15,EGIE3,38.4,92417079.0
2020-05-18,EGIE3,39.89,86497028.0
2020-05-19,EGIE3,39.43,73735080.0
2020-05-20,EGIE3,39.05,81441353.0
2020-05-21,EGIE3,39.88,77508863.0
2020-05-22,EGIE3,39.29,56702403.0
2020-05-25,EGIE3,41.27,70653387.0
2020-05-26,EGIE3,41.66,68047032.0
2020-05-27,EGIE3,41.64,83615411.0
2020-05-28,EGIE3,42.27,81202821.0
2020-05-29,EGIE3,42.41,128512179.0
2020-06-01,EGIE3,41.59,59980488.0
2020-06-02,EGIE3,42.09,67970097.0
2020-06-03,EGIE3,42.89,206644452.0
2020-06-04,EGIE3,42.7,68354796.0
2020-06-05,EGIE3,42.68,86708679.0
2020-06-08,EGIE3,43.76,77347572.0
2020-06-09,EGIE3,43.36,65965784.0
2020-06-10,EGIE3,43.77,87820119.0
2020-06-12,EGIE3,42.75,86092312.0
2020-06-15,EGIE3,42.87,69759033.0
2020-06-16,EGIE3,42.75,73467021.0
2020-06-17,EGIE3,44.51,82894286.0
2020-06-18,EGIE3,43.6,59567232.0
2020-06-19,EGIE3,43.25,168845569.0
2020-06-22,EGIE3,43.71,63531092.0
2020-06-23,EGIE3,43.24,76980890.0
2020-06-24,EGIE3,42.38,68585737.0
2020-06-25,EGIE3,42.78,70926242.0
2020-06-26,EGIE3,41.6,81709673.0
2020-06-29,EGIE3,42.71,75429974.0
2020-06-30,EGIE3,42.09,90612018.0
2020-07-01,EGIE3,42.84,110211282.0
2020-07-02,EGIE3,43.66,96247872.0
2020-07-03,EGIE3,45.05,55580204.0
2020-07-06,EGIE3,44.56,114752580.0
2020-07-07,EGIE3,43.88,78891107.0
2020-07-08,EGIE3,43.51,89376788.0
2020-07-09,EGIE3,43.28,167928693.0
2020-07-10,EGIE3,42.94,184604402.0
2020-07-13,EGIE3,44.0,139759564.0
2020-07-14,EGIE3,43.39,67109170.0
2020-07-15,EGIE3,43.21,56664318.0
2020-07-16,EGIE3,43.19,91460419.0
2020-07-17,EGIE3,44.0,67843511.0
2020-07-20,EGIE3,44.49,47152796.0
2020-07-21,EGIE3,43.92,94148200.0
2020-07-22,EGIE3,44.41,53356359.0
2020-07-23,EGIE3,43.8,43456064.0
2020-07-24,EGIE3,44.19,66539678.0
2020-07-27,EGIE3,44.37,93110481.0
2020-07-28,EGIE3,43.95,93444279.0
2020-07-29,EGIE3,44.5,94047728.0
2020-07-30,EGIE3,44.67,56734764.0
2020-07-31,EGIE3,46.17,213781511.0
2020-09-02,EGIE3,43.83,74073779.0
2020-09-03,EGIE3,43.28,73661211.0
2020-09-04,EGIE3,43.28,94252854.0
2020-09-08,EGIE3,44.12,63904787.0
2020-09-09,EGIE3,45.3,60105087.0
2020-09-10,EGIE3,44.32,65887935.0
2020-09-11,EGIE3,42.99,90975529.0
2020-09-14,EGIE3,43.28,44521939.0
2020-09-15,EGIE3,43.74,66584814.0
2020-09-16,EGIE3,42.73,58551725.0
2020-09-17,EGIE3,42.85,36999550.0
2020-09-18,EGIE3,42.11,73628706.0
2020-09-21,EGIE3,42.27,60470642.0
2020-09-22,EGIE3,42.23,41465699.0
2020-09-23,EGIE3,41.4,50152947.0
2020-09-24,EGIE3,41.72,52903747.0
2020-09-25,EGIE3,41.65,49495519.0
2020-09-28,EGIE3,40.66,59041799.0
2020-09-29,EGIE3,40.14,38317382.0
2020-09-30,EGIE3,40.35,66575830.0
2020-10-01,EGIE3,40.85,61877997.0
2020-10-02,EGIE3,40.08,53254358.0
2020-10-05,EGIE3,40.5,51116856.0
2020-10-06,EGIE3,40.33,101343653.0
2020-10-07,EGIE3,40.25,40966089.0
2020-10-08,EGIE3,40.52,32499990.0
2020-10-09,EGIE3,39.9,46509256.0
2020-10-13,EGIE3,40.18,45399707.0
2020-10-14,EGIE3,40.48,45703898.0
2020-10-15,EGIE3,40.65,40513293.0
2020-10-16,EGIE3,40.74,34421657.0
2020-10-19,EGIE3,40.7,57335241.0
2020-10-20,EGIE3,41.33,71928204.0
2020-10-21,EGIE3,41.53,109078459.0
2020-10-22,EGIE3,41.37,135554783.0
2020-10-23,EGIE3,41.38,35958220.0
2020-10-26,EGIE3,41.94,41677657.0
2020-10-27,EGIE3,41.71,44630547.0
2020-10-28,EGIE3,40.5,55471684.0
2020-10-29,EGIE3,40.32,54826598.0
2020-10-30,EGIE3,39.89,59294630.0
2020-11-03,EGIE3,39.87,93909750.0
2020-11-04,EGIE3,41.66,51461719.0
2020-11-05,EGIE3,43.3,62365746.0
2020-11-06,EGIE3,43.28,72564778.0
2020-11-09,EGIE3,43.9,98648004.0
2020-11-10,EGIE3,43.34,120278982.0
2020-11-11,EGIE3,43.29,147257529.0
2020-11-12,EGIE3,43.6,165157688.0
2020-11-13,EGIE3,43.33,46217827.0
2020-11-16,EGIE3,43.61,55492688.0
2020-11-17,EGIE3,45.74,147801954.0
2020-11-18,EGIE3,44.7,141468799.0
2020-11-19,EGIE3,44.01,64267710.0
2020-11-20,EGIE3,42.86,78020515.0
2020-11-23,EGIE3,43.01,48068288.0
2020-11-24,EGIE3,42.74,81508132.0
2020-11-25,EGIE3,42.98,81959751.0
2020-11-26,EGIE3,43.11,40890651.0
2020-11-27,EGIE3,43.03,41442901.0
2020-11-30,EGIE3,42.34,151044238.0
2020-12-01,EGIE3,42.75,127723238.0
2020-12-02,EGIE3,42.7,104459899.0
2019-01-04,ELET3,30.53,170635502.0
2019-01-07,ELET3,29.0,139128680.0
2019-01-08,ELET3,30.48,161643654.0
2019-01-09,ELET3,30.6,96357494.0
2019-01-10,ELET3,31.0,122450512.0
2019-01-11,ELET3,30.96,109734331.0
2019-01-14,ELET3,30.94,135064460.0
2019-01-15,ELET3,30.08,113222421.0
2019-01-16,ELET3,30.65,87643504.0
2019-01-17,ELET3,30.95,217852684.0
2019-01-18,ELET3,32.36,149994658.0
2019-01-21,ELET3,32.49,103250587.0
2019-01-22,ELET3,32.18,178828283.0
2019-01-23,ELET3,33.01,141736444.0
2019-01-24,ELET3,33.98,183589730.0
2019-01-28,ELET3,34.32,122550732.0
2019-01-29,ELET3,36.75,433955439.0
2019-01-30,ELET3,37.3,225285285.0
2019-01-31,ELET3,37.4,211215419.0
2019-02-01,ELET3,37.6,103102237.0
2019-02-04,ELET3,36.81,96421141.0
2019-02-05,ELET3,36.87,114834968.0
2019-02-06,ELET3,35.56,120240180.0
2019-02-07,ELET3,35.2,123165445.0
2019-02-08,ELET3,35.79,113376893.0
2019-02-11,ELET3,35.81,89828757.0
2019-02-12,ELET3,35.74,181117895.0
2019-02-13,ELET3,36.81,143918256.0
2019-02-14,ELET3,37.13,202558056.0
2019-02-15,ELET3,36.31,156357538.0
2019-02-18,ELET3,35.43,122519370.0
2019-02-19,ELET3,35.7,278800252.0
2019-02-20,ELET3,35.02,216260524.0
2019-02-21,ELET3,36.6,195042535.0
2019-02-22,ELET3,37.89,197225189.0
2019-02-25,ELET3,37.35,89827904.0
2019-02-26,ELET3,37.21,100167392.0
2019-02-27,ELET3,38.98,336682040.0
2019-02-28,ELET3,36.98,309860572.0
2019-03-01,ELET3,35.64,177340963.0
2019-03-06,ELET3,35.24,71218738.0
2019-03-07,ELET3,33.19,187588881.0
2019-03-08,ELET3,34.41,225763319.0
2019-03-11,ELET3,35.37,150102108.0
2019-03-12,ELET3,34.89,80889262.0
2019-03-13,ELET3,35.3,112899275.0
2019-03-14,ELET3,35.09,68811601.0
2019-03-15,ELET3,36.45,129830207.0
2019-03-18,ELET3,36.52,80857384.0
2019-03-19,ELET3,36.85,96063550.0
2019-03-20,ELET3,35.95,109620367.0
2019-03-21,ELET3,35.35,172170787.0
2019-03-22,ELET3,33.73,208353697.0
2019-03-25,ELET3,34.6,166981328.0
2019-03-26,ELET3,36.11,208415898.0
2019-03-27,ELET3,33.5,170900068.0
2019-03-28,ELET3,35.89,213749642.0
2019-03-29,ELET3,36.69,166541974.0
2019-04-01,ELET3,37.25,127615641.0
2019-04-02,ELET3,35.78,131516554.0
2019-05-03,ELET3,32.2,74151674.0
2019-05-06,ELET3,32.62,61094985.0
2019-05-07,ELET3,32.51,101062149.0
2019-05-08,ELET3,32.9,114042235.0
2019-05-09,ELET3,32.55,81756877.0
2019-05-10,ELET3,31.7,96561210.0
2019-05-13,ELET3,30.1,81052507.0
2019-05-14,ELET3,32.16,123370615.0
2019-05-15,ELET3,31.99,85579393.0
2019-05-16,ELET3,31.03,106137162.0
2019-05-17,ELET3,30.61,80492312.0
2019-05-20,ELET3,32.01,113720810.0
2019-05-21,ELET3,33.6,124093236.0
2019-05-22,ELET3,33.0,112278592.0
2019-05-23,ELET3,32.75,71942875.0
2019-05-24,ELET3,33.03,88523630.0
2019-05-27,ELET3,33.39,75538217.0
2019-05-28,ELET3,33.45,131942388.0
2019-05-29,ELET3,33.64,126358212.0
2019-05-30,ELET3,33.93,192445624.0
2019-05-31,ELET3,34.41,181238406.0
2019-06-03,ELET3,34.77,94353302.0
2019-06-04,ELET3,35.2,100548956.0
2019-06-05,ELET3,34.76,76331922.0
2019-06-06,ELET3,36.05,94083282.0
2019-06-07,ELET3,35.97,99095654.0
2019-06-10,ELET3,35.42,70014968.0
2019-06-11,ELET3,36.48,181864030.0
2019-06-12,ELET3,36.06,139250225.0
2019-06-13,ELET3,35.31,227852271.0
2019-06-14,ELET3,35.3,148082864.0
2019-06-17,ELET3,34.43,103546255.0
2019-06-18,ELET3,34.45,113106950.0
2019-06-19,ELET3,35.31,108238156.0
2019-06-21,ELET3,34.73,132890272.0
2019-06-24,ELET3,34.33,72220894.0
2019-06-25,ELET3,33.03,98430853.0
2019-06-26,ELET3,33.89,114196556.0
2019-06-27,ELET3,34.1,109548216.0
2019-06-28,ELET3,35.25,112220662.0
2019-07-01,ELET3,35.46,71925234.0
2019-07-02,ELET3,34.57,78994146.0
2019-07-03,ELET3,35.2,84921425.0
2019-07-04,ELET3,36.21,88664151.0
2019-07-05,ELET3,36.15,58495214.0
2019-07-08,ELET3,35.77,62772266.0
2019-07-10,ELET3,36.3,166929292.0
2019-07-11,ELET3,38.97,266730056.0
2019-07-12,ELET3,39.4,172165001.0
2019-07-15,ELET3,37.5,146619687.0
2019-07-16,ELET3,38.8,119711570.0
2019-07-17,ELET3,40.35,213951184.0
2019-07-18,ELET3,40.59,105364257.0
2019-07-19,ELET3,39.41,166821248.0
2019-07-22,ELET3,38.63,127163768.0
2019-07-23,ELET3,38.34,86440019.0
2019-07-24,ELET3,38.48,62415903.0
2019-07-25,ELET3,37.72,66017155.0
2019-07-26,ELET3,38.5,69039212.0
2019-07-29,ELET3,38.37,68528665.0
2019-07-30,ELET3,38.95,71467290.0
2019-07-31,ELET3,39.39,85382195.0
2019-08-01,ELET3,42.11,326467407.0
2019-08-02,ELET3,42.95,202429853.0
2019-09-02,ELET3,46.11,96681731.0
2019-09-03,ELET3,44.6,154527379.0
2019-09-04,ELET3,45.7,126807125.0
2019-09-05,ELET3,46.0,138996491.0
2019-09-06,ELET3,45.0,128351095.0
2019-09-09,ELET3,44.98,126221280.0
2019-09-10,ELET3,44.59,109153676.0
2019-09-11,ELET3,45.72,105160929.0
2019-09-12,ELET3,44.82,160150534.0
2019-09-13,ELET3,43.45,113334369.0
2019-09-16,ELET3,43.88,157326013.0
2019-09-17,ELET3,44.47,135635161.0
2019-09-18,ELET3,43.6,136058678.0
2019-09-19,ELET3,42.55,224979815.0
2019-09-20,ELET3,40.09,406759793.0
2019-09-23,ELET3,40.69,137349772.0
2019-09-24,ELET3,39.54,143412001.0
2019-09-25,ELET3,39.74,154492992.0
2019-09-26,ELET3,39.9,189982171.0
2019-09-27,ELET3,40.19,121595083.0
2019-09-30,ELET3,40.15,110371807.0
2019-10-01,ELET3,39.3,86856209.0
2019-10-02,ELET3,37.55,242316345.0
2019-10-03,ELET3,38.2,118931445.0
2019-10-04,ELET3,38.85,101257273.0
2019-10-07,ELET3,35.78,188558829.0
2019-10-08,ELET3,35.98,225409283.0
2019-10-09,ELET3,35.54,130724374.0
2019-10-10,ELET3,35.3,180266491.0
2019-10-11,ELET3,34.8,197284451.0
2019-10-14,ELET3,34.34,131860440.0
2019-10-15,ELET3,34.86,193458725.0
2019-10-16,ELET3,36.37,236398385.0
2019-10-17,ELET3,36.36,234851336.0
2019-10-18,ELET3,38.19,319820745.0
2019-10-21,ELET3,38.15,264551735.0
2019-10-22,ELET3,37.55,189877654.0
2019-10-23,ELET3,37.51,184257053.0
2019-10-24,ELET3,37.34,123841564.0
2019-10-25,ELET3,37.44,87306438.0
2019-10-28,ELET3,38.3,147020642.0
2019-10-29,ELET3,37.72,164689412.0
2019-10-30,ELET3,38.91,132931204.0
2019-10-31,ELET3,39.56,239575906.0
2019-11-01,ELET3,39.73,252154760.0
2019-11-04,ELET3,40.29,112747366.0
2019-11-05,ELET3,39.99,350694387.0
2019-11-06,ELET3,40.5,232885307.0
2019-11-07,ELET3,40.2,184313542.0
2019-11-08,ELET3,38.22,194836583.0
2019-11-11,ELET3,38.85,116427504.0
2019-11-12,ELET3,37.01,255546806.0
2019-11-13,ELET3,36.35,227445951.0
2019-11-14,ELET3,35.8,148993778.0
2019-11-18,ELET3,35.7,145500847.0
2019-11-19,ELET3,34.9,138237966.0
2019-11-21,ELET3,35.4,160641825.0
2019-11-22,ELET3,35.46,95634564.0
2019-11-25,ELET3,34.89,86724757.0
2019-11-26,ELET3,34.68,159869760.0
2019-11-27,ELET3,34.63,90774838.0
2019-11-28,ELET3,34.59,57866195.0
2019-11-29,ELET3,34.83,86269043.0
2019-12-02,ELET3,35.17,90201136.0
2020-01-02,ELET3,38.18,155548432.0
2020-01-03,ELET3,37.6,127835580.0
2020-01-06,ELET3,37.78,133331721.0
2020-01-07,ELET3,38.75,190936008.0
2020-01-08,ELET3,39.31,206235428.0
2020-01-09,ELET3,39.35,171572907.0
2020-01-10,ELET3,40.1,230398421.0
2020-01-13,ELET3,40.2,122637361.0
2020-01-14,ELET3,39.5,268706984.0
2020-01-15,ELET3,39.32,152056703.0
2020-01-16,ELET3,40.2,233105476.0
2020-01-17,ELET3,40.25,97882200.0
2020-01-20,ELET3,40.35,94441963.0
2020-01-21,ELET3,39.57,85053229.0
2020-01-22,ELET3,41.78,357319491.0
2020-01-23,ELET3,41.51,266335927.0
2020-01-24,ELET3,40.75,90777718.0
2020-01-27,ELET3,38.55,320968034.0
2020-01-28,ELET3,40.3,224841527.0
2020-01-29,ELET3,40.52,193116054.0
2020-01-30,ELET3,39.91,163908663.0
2020-01-31,ELET3,39.22,139618604.0
2020-02-03,ELET3,38.87,158857487.0
2020-02-04,ELET3,38.62,125567812.0
2020-02-05,ELET3,38.0,200124002.0
2020-02-06,ELET3,36.29,296620078.0
2020-02-07,ELET3,35.67,161722648.0
2020-02-10,ELET3,34.32,197918567.0
2020-02-11,ELET3,34.81,146553654.0
2020-02-12,ELET3,35.42,356590259.0
2020-02-13,ELET3,35.26,114666258.0
2020-02-14,ELET3,35.99,192677696.0
2020-02-17,ELET3,36.15,74653452.0
2020-02-18,ELET3,38.3,216361554.0
2020-02-19,ELET3,39.2,254305932.0
2020-02-20,ELET3,38.2,184027323.0
2020-02-21,ELET3,37.66,117166456.0
2020-02-26,ELET3,34.15,226086141.0
2020-02-27,ELET3,33.5,250814145.0
2020-02-28,ELET3,34.53,266337657.0
2020-03-02,ELET3,35.43,183025693.0
2020-03-03,ELET3,35.03,159620092.0
2020-03-04,ELET3,36.18,125393986.0
2020-03-05,ELET3,35.09,131005296.0
2020-03-06,ELET3,32.35,225522092.0
2020-03-09,ELET3,27.55,318976017.0
2020-03-10,ELET3,31.68,288952164.0
2020-03-11,ELET3,29.01,250489599.0
2020-03-12,ELET3,23.72,131222126.0
2020-03-13,ELET3,28.07,197350349.0
2020-03-16,ELET3,23.51,202405891.0
2020-03-17,ELET3,24.25,167356781.0
2020-03-18,ELET3,19.52,227142496.0
2020-03-19,ELET3,17.4,260065109.0
2020-03-20,ELET3,16.81,180960868.0
2020-03-23,ELET3,15.24,116527264.0
2020-03-24,ELET3,17.35,125336009.0
2020-03-25,ELET3,19.87,127288282.0
2020-03-26,ELET3,21.35,138030841.0
2020-03-27,ELET3,21.08,139482842.0
2020-03-30,ELET3,23.31,208296621.0
2020-03-31,ELET3,23.86,222936201.0
2020-04-01,ELET3,22.16,136963351.0
2020-04-02,ELET3,22.49,77005681.0
2020-05-04,ELET3,22.93,138980422.0
2020-05-05,ELET3,22.85,85755447.0
2020-05-06,ELET3,22.5,84784497.0
2020-05-07,ELET3,21.4,145052902.0
2020-05-08,ELET3,22.22,87549013.0
2020-05-11,ELET3,21.76,98339704.0
2020-05-12,ELET3,20.65,119817205.0
2020-05-13,ELET3,20.69,158051415.0
2020-05-14,ELET3,22.72,165406946.0
2020-05-15,ELET3,22.65,149292815.0
2020-05-18,ELET3,24.39,130736013.0
2020-05-19,ELET3,23.69,99827800.0
2020-05-20,ELET3,23.48,110380033.0
2020-05-21,ELET3,23.6,137767303.0
2020-05-22,ELET3,25.41,217151211.0
2020-05-25,ELET3,26.6,182858188.0
2020-05-26,ELET3,27.24,150135171.0
2020-05-27,ELET3,28.66,265528254.0
2020-05-28,ELET3,28.42,151148947.0
2020-05-29,ELET3,28.63,367184283.0
2020-06-01,ELET3,29.33,222720629.0
2020-06-02,ELET3,29.79,147875757.0
2020-06-03,ELET3,29.55,122947272.0
2020-06-04,ELET3,29.32,81677133.0
2020-06-05,ELET3,29.61,147893398.0
2020-06-08,ELET3,31.7,134657423.0
2020-06-09,ELET3,31.87,150960715.0
2020-06-10,ELET3,30.09,125733626.0
2020-06-12,ELET3,29.94,145699004.0
2020-06-15,ELET3,28.86,121559595.0
2020-06-16,ELET3,28.82,88482171.0
2020-06-17,ELET3,31.7,432984729.0
2020-06-18,ELET3,30.89,149774657.0
2020-06-19,ELET3,30.79,272783260.0
2020-06-22,ELET3,30.7,124804145.0
2020-06-23,ELET3,30.21,103751373.0
2020-06-24,ELET3,29.43,78448504.0
2020-06-25,ELET3,30.57,130105734.0
2020-06-26,ELET3,30.28,165521073.0
2020-06-29,ELET3,31.0,107458828.0
2020-06-30,ELET3,31.0,147902904.0
2020-07-01,ELET3,32.62,215261973.0
2020-07-02,ELET3,32.06,118292329.0
2020-07-03,ELET3,32.59,69833688.0
2020-07-06,ELET3,32.81,167429496.0
2020-07-07,ELET3,33.5,189403820.0
2020-07-08,ELET3,33.85,137624077.0
2020-07-09,ELET3,36.76,646959329.0
2020-07-10,ELET3,36.27,266353403.0
2020-07-13,ELET3,35.11,121966116.0
2020-07-14,ELET3,34.8,101306271.0
2020-07-15,ELET3,35.95,182688039.0
2020-07-16,ELET3,35.33,124732947.0
2020-07-17,ELET3,40.4,776749922.0
2020-07-20,ELET3,40.0,225644474.0
2020-07-21,ELET3,38.76,211408833.0
2020-07-22,ELET3,39.11,186900154.0
2020-07-23,ELET3,38.46,131659207.0
2020-07-24,ELET3,38.1,170311864.0
2020-07-27,ELET3,39.3,151244262.0
2020-07-28,ELET3,38.9,130665845.0
2020-07-29,ELET3,39.75,125677956.0
2020-07-30,ELET3,38.15,111472784.0
2020-07-31,ELET3,36.94,164979114.0
2020-09-02,ELET3,37.74,269292205.0
2020-09-03,ELET3,36.61,236573875.0
2020-09-04,ELET3,36.45,147612211.0
2020-09-08,ELET3,36.37,106549697.0
2020-09-09,ELET3,36.38,167528833.0
2020-09-10,ELET3,35.1,253730468.0
2020-09-11,ELET3,34.4,220700761.0
2020-09-14,ELET3,34.37,149483578.0
2020-09-15,ELET3,33.1,246271387.0
2020-09-16,ELET3,33.38,128283621.0
2020-09-17,ELET3,33.3,95892493.0
2020-09-18,ELET3,32.39,179827654.0
2020-09-21,ELET3,32.7,145768305.0
2020-09-22,ELET3,32.45,98733788.0
2020-09-23,ELET3,31.78,146967386.0
2020-09-24,ELET3,32.01,154681476.0
2020-09-25,ELET3,32.03,71591917.0
2020-09-28,ELET3,30.52,237982328.0
2020-09-29,ELET3,30.17,211909689.0
2020-09-30,ELET3,30.32,134188887.0
2020-10-01,ELET3,30.26,167287084.0
2020-10-02,ELET3,29.67,123005324.0
2020-10-05,ELET3,31.29,186117031.0
2020-10-06,ELET3,31.26,148360925.0
2020-10-07,ELET3,31.32,221749595.0
2020-10-08,ELET3,30.87,166779643.0
2020-10-09,ELET3,30.91,125395635.0
2020-10-13,ELET3,31.25,110897114.0
2020-10-14,ELET3,31.51,119157452.0
2020-10-15,ELET3,31.91,99570767.0
2020-10-16,ELET3,32.07,191671227.0
2020-10-19,ELET3,32.03,121025309.0
2020-10-20,ELET3,32.34,128476695.0
2020-10-21,ELET3,32.71,90946514.0
2020-10-22,ELET3,33.22,140028859.0
2020-10-23,ELET3,33.38,96432725.0
2020-10-26,ELET3,33.72,213952346.0
2020-10-27,ELET3,32.8,128937780.0
2020-10-28,ELET3,31.83,209356079.0
2020-10-29,ELET3,31.77,138486321.0
2020-10-30,ELET3,31.06,93264904.0
2020-11-03,ELET3,31.75,132042441.0
2020-11-04,ELET3,32.54,124487826.0
2020-11-05,ELET3,33.78,140443517.0
2020-11-06,ELET3,33.71,94563224.0
2020-11-09,ELET3,33.83,175930739.0
2020-11-10,ELET3,34.73,183288093.0
2020-11-11,ELET3,34.34,117471421.0
2020-11-12,ELET3,32.56,262877767.0
2020-11-13,ELET3,32.39,148846932.0
2020-11-16,ELET3,32.45,218030766.0
2020-11-17,ELET3,32.53,283558419.0
2020-11-18,ELET3,31.72,208315726.0
2020-11-19,ELET3,31.39,203725976.0
2020-11-20,ELET3,31.21,108052709.0
2020-11-23,ELET3,30.98,131901603.0
2020-11-24,ELET3,32.09,242555474.0
2020-11-25,ELET3,31.7,154759823.0
2020-11-26,ELET3,32.36,116317087.0
2020-11-27,ELET3,32.17,127169853.0
2020-11-30,ELET3,31.06,311907722.0
2020-12-01,ELET3,31.81,211544441.0
2020-12-02,ELET3,33.2,379066724.0
2019-01-04,ELET6,33.96,142571916.0
2019-01-07,ELET6,32.5,85515717.0
2019-01-08,ELET6,33.59,122585128.0
2019-01-09,ELET6,33.93,62086709.0
2019-01-10,ELET6,34.37,62791499.0
2019-01-11,ELET6,34.3,104288327.0
2019-01-14,ELET6,34.09,97413374.0
2019-01-15,ELET6,32.86,87240690.0
2019-01-16,ELET6,33.52,67417952.0
2019-01-17,ELET6,33.92,135581942.0
2019-01-18,ELET6,35.69,171148520.0
2019-01-21,ELET6,35.86,62965674.0
2019-01-22,ELET6,35.8,154268559.0
2019-01-23,ELET6,36.5,78095853.0
2019-01-24,ELET6,36.95,94390485.0
2019-01-28,ELET6,37.02,65864452.0
2019-01-29,ELET6,38.81,268928419.0
2019-01-30,ELET6,39.78,131617925.0
2019-01-31,ELET6,40.7,146336749.0
2019-02-01,ELET6,40.96,87418517.0
2019-02-04,ELET6,40.28,71847752.0
2019-02-05,ELET6,39.5,96930304.0
2019-02-06,ELET6,37.89,118929753.0
2019-02-07,ELET6,37.43,96389490.0
2019-02-08,ELET6,37.4,88014134.0
2019-02-11,ELET6,38.11,70671292.0
2019-02-12,ELET6,37.73,113181017.0
2019-02-13,ELET6,38.8,78085090.0
2019-02-14,ELET6,39.83,100532987.0
2019-02-15,ELET6,39.45,89698250.0
2019-02-18,ELET6,38.69,62251635.0
2019-02-19,ELET6,38.7,125007475.0
2019-02-20,ELET6,37.46,136371994.0
2019-02-21,ELET6,38.76,87642726.0
2019-02-22,ELET6,39.82,105317034.0
2019-02-25,ELET6,39.49,51573887.0
2019-02-26,ELET6,39.32,65572667.0
2019-02-27,ELET6,40.75,205037545.0
2019-02-28,ELET6,38.97,184668711.0
2019-03-01,ELET6,37.49,98553534.0
2019-03-06,ELET6,37.26,39806073.0
2019-03-07,ELET6,35.1,157812926.0
2019-03-08,ELET6,35.89,114180492.0
2019-03-11,ELET6,37.87,130913046.0
2019-03-12,ELET6,37.16,65394207.0
2019-03-13,ELET6,37.62,81055445.0
2019-03-14,ELET6,37.6,51892206.0
2019-03-15,ELET6,38.65,113704875.0
2019-03-18,ELET6,39.0,76513716.0
2019-03-19,ELET6,39.2,103371434.0
2019-03-20,ELET6,38.93,120193299.0
2019-03-21,ELET6,37.8,128018478.0
2019-03-22,ELET6,36.06,131971291.0
2019-03-25,ELET6,36.43,91276488.0
2019-03-26,ELET6,37.92,124921441.0
2019-03-27,ELET6,35.7,117089512.0
2019-03-28,ELET6,37.25,146192030.0
2019-03-29,ELET6,37.86,97669925.0
2019-04-01,ELET6,38.85,56935300.0
2019-04-02,ELET6,37.35,73357530.0
2019-05-03,ELET6,34.28,60024184.0
2019-05-06,ELET6,34.34,49182641.0
2019-05-07,ELET6,34.05,92702009.0
2019-05-08,ELET6,34.23,63674299.0
2019-05-09,ELET6,33.9,75802145.0
2019-05-10,ELET6,32.94,85492827.0
2019-05-13,ELET6,32.14,80396528.0
2019-05-14,ELET6,33.45,88205161.0
2019-05-15,ELET6,33.39,65494059.0
2019-05-16,ELET6,32.53,84268166.0
2019-05-17,ELET6,32.28,55577859.0
2019-05-20,ELET6,33.37,48853206.0
2019-05-21,ELET6,34.75,77016009.0
2019-05-22,ELET6,34.58,48489669.0
2019-05-23,ELET6,34.61,43509501.0
2019-05-24,ELET6,34.68,38215174.0
2019-05-27,ELET6,34.71,42138663.0
2019-05-28,ELET6,34.7,81540339.0
2019-05-29,ELET6,35.01,79653200.0
2019-05-30,ELET6,34.75,82567860.0
2019-05-31,ELET6,35.67,76852237.0
2019-06-03,ELET6,35.97,71829694.0
2019-06-04,ELET6,36.35,59232950.0
2019-06-05,ELET6,35.9,43181275.0
2019-06-06,ELET6,36.98,88483662.0
2019-06-07,ELET6,36.98,87100028.0
2019-06-10,ELET6,36.42,33032983.0
2019-06-11,ELET6,37.29,102088442.0
2019-06-12,ELET6,36.85,109038655.0
2019-06-13,ELET6,36.06,185980368.0
2019-06-14,ELET6,36.18,77771100.0
2019-06-17,ELET6,35.21,70455534.0
2019-06-18,ELET6,35.26,63571227.0
2019-06-19,ELET6,35.68,96992113.0
2019-06-21,ELET6,35.15,100654817.0
2019-06-24,ELET6,34.8,40138338.0
2019-06-25,ELET6,34.2,83198226.0
2019-06-26,ELET6,34.91,38145919.0
2019-06-27,ELET6,35.09,49056172.0
2019-06-28,ELET6,36.0,61496572.0
2019-07-01,ELET6,36.3,44391692.0
2019-07-02,ELET6,35.45,53324812.0
2019-07-03,ELET6,36.28,52693451.0
2019-07-04,ELET6,37.42,71599943.0
2019-07-05,ELET6,37.32,49520255.0
2019-07-08,ELET6,37.27,32052461.0
2019-07-10,ELET6,37.68,86756525.0
2019-07-11,ELET6,39.5,159307207.0
2019-07-12,ELET6,40.0,91163311.0
2019-07-15,ELET6,38.23,64513538.0
2019-07-16,ELET6,39.18,70491587.0
2019-07-17,ELET6,40.7,99496621.0
2019-07-18,ELET6,40.89,62941453.0
2019-07-19,ELET6,39.84,54388499.0
2019-07-22,ELET6,39.17,58115284.0
2019-07-23,ELET6,38.61,56529605.0
2019-07-24,ELET6,38.9,42236383.0
2019-07-25,ELET6,38.16,47623676.0
2019-07-26,ELET6,38.86,44867166.0
2019-07-29,ELET6,38.87,40353906.0
2019-07-30,ELET6,39.42,41846929.0
2019-07-31,ELET6,39.6,53574733.0
2019-08-01,ELET6,41.85,207263119.0
2019-08-02,ELET6,42.69,125420213.0
2019-09-02,ELET6,47.27,71501132.0
2019-09-03,ELET6,46.46,124836933.0
2019-09-04,ELET6,46.88,60777504.0
2019-09-05,ELET6,47.2,110297724.0
2019-09-06,ELET6,46.24,108976303.0
2019-09-09,ELET6,46.33,78737066.0
2019-09-10,ELET6,46.15,96097182.0
2019-09-11,ELET6,47.07,82703167.0
2019-09-12,ELET6,46.44,138150819.0
2019-09-13,ELET6,44.99,114164880.0
2019-09-16,ELET6,45.42,109296512.0
2019-09-17,ELET6,45.91,95790062.0
2019-09-18,ELET6,45.35,89301186.0
2019-09-19,ELET6,44.72,215133362.0
2019-09-20,ELET6,42.31,236031166.0
2019-09-23,ELET6,42.65,73216541.0
2019-09-24,ELET6,41.8,93032716.0
2019-09-25,ELET6,41.68,98935111.0
2019-09-26,ELET6,42.0,75547897.0
2019-09-27,ELET6,42.15,52386583.0
2019-09-30,ELET6,42.02,74682118.0
2019-10-01,ELET6,41.46,44274198.0
2019-10-02,ELET6,40.1,162066494.0
2019-10-03,ELET6,40.5,77152249.0
2019-10-04,ELET6,40.99,57992327.0
2019-10-07,ELET6,38.28,111072768.0
2019-10-08,ELET6,37.79,166790841.0
2019-10-09,ELET6,37.87,58346024.0
2019-10-10,ELET6,37.49,81741016.0
2019-10-11,ELET6,36.74,87016765.0
2019-10-14,ELET6,36.1,86596324.0
2019-10-15,ELET6,36.44,116905924.0
2019-10-16,ELET6,37.9,129729981.0
2019-10-17,ELET6,37.7,176423750.0
2019-10-18,ELET6,38.97,163430834.0
2019-10-21,ELET6,39.09,67602293.0
2019-10-22,ELET6,38.94,87271078.0
2019-10-23,ELET6,39.11,71244741.0
2019-10-24,ELET6,39.16,75665145.0
2019-10-25,ELET6,39.28,66326312.0
2019-10-28,ELET6,39.83,79426353.0
2019-10-29,ELET6,39.57,71057476.0
2019-10-30,ELET6,40.6,141398491.0
2019-10-31,ELET6,40.99,157302850.0
2019-11-01,ELET6,41.11,185507388.0
2019-11-04,ELET6,41.08,92927313.0
2019-11-05,ELET6,40.9,150505205.0
2019-11-06,ELET6,41.32,108744131.0
2019-11-07,ELET6,41.04,75440758.0
2019-11-08,ELET6,39.55,80481840.0
2019-11-11,ELET6,39.71,68175814.0
2019-11-12,ELET6,38.33,114484803.0
2019-11-13,ELET6,37.37,135709528.0
2019-11-14,ELET6,37.23,90460684.0
2019-11-18,ELET6,36.52,81744144.0
2019-11-19,ELET6,35.8,86961119.0
2019-11-21,ELET6,36.07,83570159.0
2019-11-22,ELET6,36.34,51941905.0
2019-11-25,ELET6,35.95,54445929.0
2019-11-26,ELET6,35.5,101441258.0
2019-11-27,ELET6,35.31,84005156.0
2019-11-28,ELET6,35.78,39217044.0
2019-11-29,ELET6,35.93,41936962.0
2019-12-02,ELET6,35.97,62486428.0
2020-01-02,ELET6,38.71,93519352.0
2020-01-03,ELET6,38.55,78645137.0
2020-01-06,ELET6,38.61,81657141.0
2020-01-07,ELET6,39.2,81945779.0
2020-01-08,ELET6,39.53,105619332.0
2020-01-09,ELET6,40.11,103982266.0
2020-01-10,ELET6,40.65,105049104.0
2020-01-13,ELET6,40.79,108419467.0
2020-01-14,ELET6,40.15,129750020.0
2020-01-15,ELET6,40.02,80998776.0
2020-01-16,ELET6,40.86,116849086.0
2020-01-17,ELET6,41.17,74537860.0
2020-01-20,ELET6,41.13,40801191.0
2020-01-21,ELET6,40.68,68230424.0
2020-01-22,ELET6,42.42,219369385.0
2020-01-23,ELET6,42.51,122046189.0
2020-01-24,ELET6,42.38,87020118.0
2020-01-27,ELET6,41.22,99835876.0
2020-01-28,ELET6,42.66,104312317.0
2020-01-29,ELET6,42.53,88770521.0
2020-01-30,ELET6,41.4,90873175.0
2020-01-31,ELET6,40.87,109438873.0
2020-02-03,ELET6,40.23,106703912.0
2020-02-04,ELET6,40.63,68750612.0
2020-02-05,ELET6,40.28,77892637.0
2020-02-06,ELET6,39.26,126999075.0
2020-02-07,ELET6,38.37,127628627.0
2020-02-10,ELET6,37.32,138088871.0
2020-02-11,ELET6,37.61,98726917.0
2020-02-12,ELET6,38.05,116931270.0
2020-02-13,ELET6,37.9,120976592.0
2020-02-14,ELET6,38.38,118890085.0
2020-02-17,ELET6,38.63,44025919.0
2020-02-18,ELET6,40.65,129120528.0
2020-02-19,ELET6,41.14,148165365.0
2020-02-20,ELET6,40.37,97913272.0
2020-02-21,ELET6,39.73,56257325.0
2020-02-26,ELET6,36.99,131203115.0
2020-02-27,ELET6,35.6,165306744.0
2020-02-28,ELET6,35.85,194333877.0
2020-03-02,ELET6,35.91,159041201.0
2020-03-03,ELET6,35.72,212082531.0
2020-03-04,ELET6,36.45,138828315.0
2020-03-05,ELET6,36.05,131795740.0
2020-03-06,ELET6,34.4,121957139.0
2020-03-09,ELET6,29.83,158821900.0
2020-03-10,ELET6,32.39,146723639.0
2020-03-11,ELET6,30.84,214281774.0
2020-03-12,ELET6,24.88,92232863.0
2020-03-13,ELET6,28.92,157212386.0
2020-03-16,ELET6,24.59,188914300.0
2020-03-17,ELET6,25.46,96572977.0
2020-03-18,ELET6,21.36,150389259.0
2020-03-19,ELET6,19.41,162548139.0
2020-03-20,ELET6,18.91,106607682.0
2020-03-23,ELET6,18.48,102048258.0
2020-03-24,ELET6,20.49,80972450.0
2020-03-25,ELET6,23.95,112241422.0
2020-03-26,ELET6,25.31,111896516.0
2020-03-27,ELET6,24.81,104274654.0
2020-03-30,ELET6,26.44,124058673.0
2020-03-31,ELET6,26.03,147210685.0
2020-04-01,ELET6,24.94,96817656.0
2020-04-02,ELET6,25.24,77800422.0
2020-05-04,ELET6,26.3,101233875.0
2020-05-05,ELET6,26.2,54795514.0
2020-05-06,ELET6,25.86,70575876.0
2020-05-07,ELET6,24.33,137506606.0
2020-05-08,ELET6,25.4,76575760.0
2020-05-11,ELET6,24.7,62423168.0
2020-05-12,ELET6,23.25,81524407.0
2020-05-13,ELET6,23.35,105497225.0
2020-05-14,ELET6,25.17,117455607.0
2020-05-15,ELET6,25.22,68229282.0
2020-05-18,ELET6,26.57,91638653.0
2020-05-19,ELET6,25.92,51319628.0
2020-05-20,ELET6,26.02,62728301.0
2020-05-21,ELET6,26.46,64676830.0
2020-05-22,ELET6,27.82,150710717.0
2020-05-25,ELET6,29.74,145793020.0
2020-05-26,ELET6,29.89,83015342.0
2020-05-27,ELET6,30.98,198692819.0
2020-05-28,ELET6,30.83,67829317.0
2020-05-29,ELET6,30.7,133618183.0
2020-06-01,ELET6,30.77,146834051.0
2020-06-02,ELET6,31.24,90960384.0
2020-06-03,ELET6,31.36,106371092.0
2020-06-04,ELET6,31.15,48024131.0
2020-06-05,ELET6,31.31,80186117.0
2020-06-08,ELET6,32.77,89264544.0
2020-06-09,ELET6,33.21,84158149.0
2020-06-10,ELET6,31.44,91052699.0
2020-06-12,ELET6,31.43,79764768.0
2020-06-15,ELET6,30.45,106195860.0
2020-06-16,ELET6,30.75,72310894.0
2020-06-17,ELET6,32.8,210330377.0
2020-06-18,ELET6,32.18,99769990.0
2020-06-19,ELET6,31.6,129847574.0
2020-06-22,ELET6,31.87,58283952.0
2020-06-23,ELET6,31.69,53776531.0
2020-06-24,ELET6,30.8,50860415.0
2020-06-25,ELET6,31.95,69294362.0
2020-06-26,ELET6,31.41,65205271.0
2020-06-29,ELET6,31.91,79940878.0
2020-06-30,ELET6,32.24,112910436.0
2020-07-01,ELET6,33.65,188979035.0
2020-07-02,ELET6,33.42,81048771.0
2020-07-03,ELET6,33.95,58371425.0
2020-07-06,ELET6,33.76,106111977.0
2020-07-07,ELET6,34.19,91237655.0
2020-07-08,ELET6,34.6,102800833.0
2020-07-09,ELET6,37.85,408036627.0
2020-07-10,ELET6,37.09,108792164.0
2020-07-13,ELET6,36.23,72734055.0
2020-07-14,ELET6,36.13,61128378.0
2020-07-15,ELET6,37.6,85506697.0
2020-07-16,ELET6,36.49,65279463.0
2020-07-17,ELET6,40.81,350754659.0
2020-07-20,ELET6,40.4,99287298.0
2020-07-21,ELET6,39.33,91393714.0
2020-07-22,ELET6,39.69,83814627.0
2020-07-23,ELET6,39.24,62993305.0
2020-07-24,ELET6,39.05,110756509.0
2020-07-27,ELET6,39.78,89000578.0
2020-07-28,ELET6,39.66,106656508.0
2020-07-29,ELET6,40.58,115476515.0
2020-07-30,ELET6,39.19,98083125.0
2020-07-31,ELET6,38.45,139794221.0
2020-09-02,ELET6,37.86,94473830.0
2020-09-03,ELET6,37.49,122074410.0
2020-09-04,ELET6,37.14,55290357.0
2020-09-08,ELET6,37.05,69981621.0
2020-09-09,ELET6,36.82,63673735.0
2020-09-10,ELET6,35.97,123504288.0
2020-09-11,ELET6,35.59,109910924.0
2020-09-14,ELET6,35.42,75020217.0
2020-09-15,ELET6,34.56,123662471.0
2020-09-16,ELET6,34.35,75700390.0
2020-09-17,ELET6,34.43,49369199.0
2020-09-18,ELET6,33.5,79901599.0
2020-09-21,ELET6,33.75,66501153.0
2020-09-22,ELET6,33.81,48608016.0
2020-09-23,ELET6,32.87,77001648.0
2020-09-24,ELET6,32.92,58340537.0
2020-09-25,ELET6,32.75,64553137.0
2020-09-28,ELET6,31.54,95086131.0
2020-09-29,ELET6,31.33,64219420.0
2020-09-30,ELET6,31.19,83835307.0
2020-10-01,ELET6,31.02,81636670.0
2020-10-02,ELET6,30.33,73065349.0
2020-10-05,ELET6,31.55,68936625.0
2020-10-06,ELET6,31.67,75660252.0
2020-10-07,ELET6,31.4,88477958.0
2020-10-08,ELET6,31.16,76553874.0
2020-10-09,ELET6,30.79,123300750.0
2020-10-13,ELET6,31.5,58235006.0
2020-10-14,ELET6,31.66,49891607.0
2020-10-15,ELET6,32.08,55246683.0
2020-10-16,ELET6,32.31,81561510.0
2020-10-19,ELET6,32.16,63275642.0
2020-10-20,ELET6,32.59,55991718.0
2020-10-21,ELET6,33.0,38765797.0
2020-10-22,ELET6,33.37,41306623.0
2020-10-23,ELET6,33.34,51360029.0
2020-10-26,ELET6,33.75,102008238.0
2020-10-27,ELET6,33.15,95255066.0
2020-10-28,ELET6,31.88,104527429.0
2020-10-29,ELET6,31.89,73680715.0
2020-10-30,ELET6,30.99,63587438.0
2020-11-03,ELET6,31.59,63178834.0
2020-11-04,ELET6,32.57,74661645.0
2020-11-05,ELET6,33.85,88062493.0
2020-11-06,ELET6,33.72,39738356.0
2020-11-09,ELET6,33.9,109590452.0
2020-11-10,ELET6,34.97,93255661.0
2020-11-11,ELET6,34.67,56078387.0
2020-11-12,ELET6,33.25,107188983.0
2020-11-13,ELET6,33.57,58688054.0
2020-11-16,ELET6,33.74,101143099.0
2020-11-17,ELET6,33.76,88481261.0
2020-11-18,ELET6,32.79,74250664.0
2020-11-19,ELET6,32.59,73944056.0
2020-11-20,ELET6,32.1,83062891.0
2020-11-23,ELET6,32.0,66434412.0
2020-11-24,ELET6,32.63,72875700.0
2020-11-25,ELET6,32.67,90933020.0
2020-11-26,ELET6,33.3,37308835.0
2020-11-27,ELET6,33.18,42468928.0
2020-11-30,ELET6,32.0,125179973.0
2020-12-01,ELET6,32.78,77054056.0
2020-12-02,ELET6,34.1,100866013.0
2019-01-04,EMBR3,20.8,125770626.0
2019-01-07,EMBR3,21.23,65478909.0
2019-01-08,EMBR3,21.36,53754263.0
2019-01-09,EMBR3,21.28,62646729.0
2019-01-10,EMBR3,20.99,57637757.0
2019-01-11,EMBR3,21.53,409406168.0
2019-01-14,EMBR3,21.62,105736421.0
2019-01-15,EMBR3,21.76,72784571.0
2019-01-16,EMBR3,21.5,265844955.0
2019-01-17,EMBR3,20.47,216239634.0
2019-01-18,EMBR3,19.85,169131992.0
2019-01-21,EMBR3,20.14,60464329.0
2019-01-22,EMBR3,19.48,94800767.0
2019-01-23,EMBR3,19.46,58417941.0
2019-01-24,EMBR3,19.67,78687283.0
2019-01-28,EMBR3,19.26,94519852.0
2019-01-29,EMBR3,19.16,55129162.0
2019-01-30,EMBR3,19.42,79923314.0
2019-01-31,EMBR3,19.34,72807791.0
2019-02-01,EMBR3,19.27,66877213.0
2019-02-04,EMBR3,19.43,47755406.0
2019-02-05,EMBR3,19.63,56847309.0
2019-02-06,EMBR3,18.99,66019637.0
2019-02-07,EMBR3,18.4,95388146.0
2019-02-08,EMBR3,18.94,91834542.0
2019-02-11,EMBR3,18.67,41726832.0
2019-02-12,EMBR3,18.63,46979840.0
2019-02-13,EMBR3,18.77,69098305.0
2019-02-14,EMBR3,19.3,63926646.0
2019-02-15,EMBR3,19.33,46286890.0
2019-02-18,EMBR3,18.89,31019805.0
2019-02-19,EMBR3,19.28,49696881.0
2019-02-20,EMBR3,19.1,53477780.0
2019-02-21,EMBR3,19.49,55336498.0
2019-02-22,EMBR3,19.51,42429256.0
2019-02-25,EMBR3,19.4,31640157.0
2019-02-26,EMBR3,19.7,101072737.0
2019-02-27,EMBR3,19.35,53410903.0
2019-02-28,EMBR3,19.08,70185882.0
2019-03-01,EMBR3,18.96,55657484.0
2019-03-06,EMBR3,19.17,45690822.0
2019-03-07,EMBR3,19.11,65838631.0
2019-03-08,EMBR3,19.29,38904274.0
2019-03-11,EMBR3,19.22,52126090.0
2019-03-12,EMBR3,18.85,73690650.0
2019-03-13,EMBR3,18.82,68167267.0
2019-03-14,EMBR3,18.79,74636889.0
2019-03-15,EMBR3,19.75,103915265.0
2019-03-18,EMBR3,19.74,57538282.0
2019-03-19,EMBR3,19.46,61516158.0
2019-03-20,EMBR3,19.22,41085880.0
2019-03-21,EMBR3,19.1,53967355.0
2019-03-22,EMBR3,18.7,87398589.0
2019-03-25,EMBR3,18.55,33732174.0
2019-03-26,EMBR3,18.65,30192378.0
2019-03-27,EMBR3,18.39,87431872.0
2019-03-28,EMBR3,18.53,41297874.0
2019-03-29,EMBR3,18.45,32624380.0
2019-04-01,EMBR3,18.7,28723700.0
2019-04-02,EMBR3,18.61,29722319.0
2019-05-03,EMBR3,19.51,36670360.0
2019-05-06,EMBR3,19.3,34932044.0
2019-05-07,EMBR3,19.2,43666234.0
2019-05-08,EMBR3,19.18,29307437.0
2019-05-09,EMBR3,19.21,25292660.0
2019-05-10,EMBR3,19.29,32679062.0
2019-05-13,EMBR3,18.91,53178801.0
2019-05-14,EMBR3,18.93,25887030.0
2019-05-15,EMBR3,18.14,79701736.0
2019-05-16,EMBR3,17.43,114744711.0
2019-05-17,EMBR3,18.15,134820687.0
2019-05-20,EMBR3,18.61,74283201.0
2019-05-21,EMBR3,18.87,57214401.0
2019-05-22,EMBR3,19.0,62816465.0
2019-05-23,EMBR3,18.74,27066714.0
2019-05-24,EMBR3,18.51,22018844.0
2019-05-27,EMBR3,18.82,29566873.0
2019-05-28,EMBR3,19.31,86398927.0
2019-05-29,EMBR3,19.28,58854418.0
2019-05-30,EMBR3,19.15,43399523.0
2019-05-31,EMBR3,18.95,41209465.0
2019-06-03,EMBR3,18.91,59778136.0
2019-06-04,EMBR3,18.68,51074762.0
2019-06-05,EMBR3,18.46,38888243.0
2019-06-06,EMBR3,18.42,39705519.0
2019-06-07,EMBR3,18.54,40044540.0
2019-06-10,EMBR3,18.48,33242428.0
2019-06-11,EMBR3,18.5,42734255.0
2019-06-12,EMBR3,18.63,56027421.0
2019-06-13,EMBR3,19.02,83588659.0
2019-06-14,EMBR3,18.67,39660058.0
2019-06-17,EMBR3,18.77,54084892.0
2019-06-18,EMBR3,18.73,42628322.0
2019-06-19,EMBR3,18.59,73595640.0
2019-06-21,EMBR3,19.13,93381932.0
2019-06-24,EMBR3,19.42,58286078.0
2019-06-25,EMBR3,18.93,44146671.0
2019-06-26,EMBR3,19.02,32445415.0
2019-06-27,EMBR3,18.96,33378219.0
2019-06-28,EMBR3,19.41,44364799.0
2019-07-01,EMBR3,19.5,26150084.0
2019-07-02,EMBR3,19.45,35866763.0
2019-07-03,EMBR3,19.34,48076378.0
2019-07-04,EMBR3,19.34,25424944.0
2019-07-05,EMBR3,19.48,34594203.0
2019-07-08,EMBR3,19.39,34655424.0
2019-07-10,EMBR3,19.42,80933928.0
2019-07-11,EMBR3,19.2,53688971.0
2019-07-12,EMBR3,19.29,43635242.0
2019-07-15,EMBR3,19.32,28572758.0
2019-07-16,EMBR3,19.26,35568924.0
2019-07-17,EMBR3,19.3,28434952.0
2019-07-18,EMBR3,19.26,25242254.0
2019-07-19,EMBR3,19.33,25636151.0
2019-07-22,EMBR3,19.31,21716212.0
2019-07-23,EMBR3,19.41,27744261.0
2019-07-24,EMBR3,19.5,46784772.0
2019-07-25,EMBR3,19.3,32035196.0
2019-07-26,EMBR3,19.37,28618463.0
2019-07-29,EMBR3,19.5,35246288.0
2019-07-30,EMBR3,19.37,30350563.0
2019-07-31,EMBR3,19.31,37095145.0
2019-08-01,EMBR3,19.36,37959012.0
2019-08-02,EMBR3,19.41,26290200.0
2019-09-02,EMBR3,17.71,15893350.0
2019-09-03,EMBR3,17.88,47753820.0
2019-09-04,EMBR3,18.05,27471826.0
2019-09-05,EMBR3,18.4,44874211.0
2019-09-06,EMBR3,18.01,37942163.0
2019-09-09,EMBR3,18.31,28016637.0
2019-09-10,EMBR3,18.85,49709816.0
2019-09-11,EMBR3,18.64,43548625.0
2019-09-12,EMBR3,19.46,89855147.0
2019-09-13,EMBR3,19.47,54039082.0
2019-09-16,EMBR3,19.43,39268547.0
2019-09-17,EMBR3,19.3,35040011.0
2019-09-18,EMBR3,19.5,29145645.0
2019-09-19,EMBR3,19.49,56649210.0
2019-09-20,EMBR3,19.52,101973280.0
2019-09-23,EMBR3,19.12,40355953.0
2019-09-24,EMBR3,18.46,59947241.0
2019-09-25,EMBR3,18.62,34896803.0
2019-09-26,EMBR3,18.22,52839742.0
2019-09-27,EMBR3,18.13,25545767.0
2019-09-30,EMBR3,17.91,48027034.0
2019-10-01,EMBR3,17.84,45021343.0
2019-10-02,EMBR3,17.47,55221652.0
2019-10-03,EMBR3,17.95,93378814.0
2019-10-04,EMBR3,17.72,37067172.0
2019-10-07,EMBR3,17.34,37497145.0
2019-10-08,EMBR3,17.01,53551881.0
2019-10-09,EMBR3,17.1,35969996.0
2019-10-10,EMBR3,17.05,25398343.0
2019-10-11,EMBR3,17.27,48326571.0
2019-10-14,EMBR3,17.35,27349591.0
2019-10-15,EMBR3,17.5,29659658.0
2019-10-16,EMBR3,17.45,30986984.0
2019-10-17,EMBR3,17.64,31665125.0
2019-10-18,EMBR3,17.53,29792220.0
2019-10-21,EMBR3,17.88,44285526.0
2019-10-22,EMBR3,17.95,80417137.0
2019-10-23,EMBR3,17.87,55014432.0
2019-10-24,EMBR3,17.99,41311156.0
2019-10-25,EMBR3,17.73,31857911.0
2019-10-28,EMBR3,17.83,21607843.0
2019-10-29,EMBR3,17.79,26961566.0
2019-10-30,EMBR3,17.65,33512144.0
2019-10-31,EMBR3,17.53,45468657.0
2019-11-01,EMBR3,17.72,29932952.0
2019-11-04,EMBR3,18.01,25091792.0
2019-11-05,EMBR3,18.19,35775153.0
2019-11-06,EMBR3,18.05,31070264.0
2019-11-07,EMBR3,18.29,36715032.0
2019-11-08,EMBR3,18.08,48262703.0
2019-11-11,EMBR3,17.8,54875769.0
2019-11-12,EMBR3,17.19,130953627.0
2019-11-13,EMBR3,17.37,69167457.0
2019-11-14,EMBR3,17.29,32730430.0
2019-11-18,EMBR3,17.35,32408455.0
2019-11-19,EMBR3,17.4,22157101.0
2019-11-21,EMBR3,17.6,82501265.0
2019-11-22,EMBR3,18.11,69564804.0
2019-11-25,EMBR3,18.02,53947745.0
2019-11-26,EMBR3,17.93,83957860.0
2019-11-27,EMBR3,17.98,44398220.0
2019-11-28,EMBR3,17.93,22004612.0
2019-11-29,EMBR3,18.0,42814216.0
2019-12-02,EMBR3,18.45,55251187.0
2020-01-02,EMBR3,20.2,65842968.0
2020-01-03,EMBR3,20.41,70174886.0
2020-01-06,EMBR3,20.38,68361293.0
2020-01-07,EMBR3,20.5,73137113.0
2020-01-08,EMBR3,20.33,37440124.0
2020-01-09,EMBR3,20.19,65093952.0
2020-01-10,EMBR3,20.11,41682935.0
2020-01-13,EMBR3,20.46,49410751.0
2020-01-14,EMBR3,20.37,51006326.0
2020-01-15,EMBR3,20.0,59623953.0
2020-01-16,EMBR3,19.65,44739155.0
2020-01-17,EMBR3,19.55,34818218.0
2020-01-20,EMBR3,19.39,18635568.0
2020-01-21,EMBR3,18.93,42068747.0
2020-01-22,EMBR3,19.2,51711547.0
2020-01-23,EMBR3,18.99,41209479.0
2020-01-24,EMBR3,18.55,37381285.0
2020-01-27,EMBR3,18.14,43872289.0
2020-01-28,EMBR3,18.2,42771569.0
2020-01-29,EMBR3,18.18,50435393.0
2020-01-30,EMBR3,18.1,48244574.0
2020-01-31,EMBR3,18.14,61967601.0
2020-02-03,EMBR3,18.04,56671227.0
2020-02-04,EMBR3,18.25,47825290.0
2020-02-05,EMBR3,18.41,75758519.0
2020-02-06,EMBR3,18.65,58140079.0
2020-02-07,EMBR3,18.39,48310315.0
2020-02-10,EMBR3,18.51,49475577.0
2020-02-11,EMBR3,18.94,43440737.0
2020-02-12,EMBR3,19.13,82264432.0
2020-02-13,EMBR3,19.17,55714534.0
2020-02-14,EMBR3,18.56,42607837.0
2020-02-17,EMBR3,18.87,21037701.0
2020-02-18,EMBR3,18.77,52084190.0
2020-02-19,EMBR3,19.04,43312456.0
2020-02-20,EMBR3,19.68,91705444.0
2020-02-21,EMBR3,19.54,46247864.0
2020-02-26,EMBR3,17.84,118075351.0
2020-02-27,EMBR3,17.18,180186153.0
2020-02-28,EMBR3,16.96,118996288.0
2020-03-02,EMBR3,17.15,69990208.0
2020-03-03,EMBR3,16.91,89914445.0
2020-03-04,EMBR3,17.24,73308568.0
2020-03-05,EMBR3,16.55,65672708.0
2020-03-06,EMBR3,15.92,97516331.0
2020-03-09,EMBR3,14.96,103261923.0
2020-03-10,EMBR3,15.17,102584648.0
2020-03-11,EMBR3,14.22,103707379.0
2020-03-12,EMBR3,10.46,74443374.0
2020-03-13,EMBR3,11.68,109031105.0
2020-03-16,EMBR3,10.0,113354251.0
2020-03-17,EMBR3,10.48,94637046.0
2020-03-18,EMBR3,9.03,96315745.0
2020-03-19,EMBR3,9.65,93767191.0
2020-03-20,EMBR3,8.4,81210830.0
2020-03-23,EMBR3,7.74,87248654.0
2020-03-24,EMBR3,9.05,86182651.0
2020-03-25,EMBR3,10.57,88458010.0
2020-03-26,EMBR3,10.13,92674022.0
2020-03-27,EMBR3,8.97,78376071.0
2020-03-30,EMBR3,9.32,66999878.0
2020-03-31,EMBR3,9.54,60037060.0
2020-04-01,EMBR3,9.44,32167452.0
2020-04-02,EMBR3,9.25,49643815.0
2020-05-04,EMBR3,7.72,189011108.0
2020-05-05,EMBR3,7.5,136783864.0
2020-05-06,EMBR3,7.16,103253895.0
2020-05-07,EMBR3,7.01,169218051.0
2020-05-08,EMBR3,7.54,88360602.0
2020-05-11,EMBR3,7.19,93351692.0
2020-05-12,EMBR3,6.78,146671285.0
2020-05-13,EMBR3,6.19,156194289.0
2020-05-14,EMBR3,6.57,170644898.0
2020-05-15,EMBR3,6.23,113567610.0
2020-05-18,EMBR3,6.59,103632586.0
2020-05-19,EMBR3,6.44,102801942.0
2020-05-20,EMBR3,6.58,72328629.0
2020-05-21,EMBR3,6.59,77547854.0
2020-05-22,EMBR3,6.47,72824848.0
2020-05-25,EMBR3,6.86,61746388.0
2020-05-26,EMBR3,6.64,111205999.0
2020-05-27,EMBR3,7.27,171629272.0
2020-05-28,EMBR3,6.98,135003900.0
2020-05-29,EMBR3,7.15,919198582.0
2020-06-01,EMBR3,7.41,267644877.0
2020-06-02,EMBR3,8.24,322572920.0
2020-06-03,EMBR3,8.52,345436622.0
2020-06-04,EMBR3,8.93,207012514.0
2020-06-05,EMBR3,9.04,224279527.0
2020-06-08,EMBR3,10.7,368750897.0
2020-06-09,EMBR3,10.31,317301906.0
2020-06-10,EMBR3,9.33,303955254.0
2020-06-12,EMBR3,8.82,204712824.0
2020-06-15,EMBR3,8.58,143754537.0
2020-06-16,EMBR3,9.05,171488709.0
2020-06-17,EMBR3,8.95,104352309.0
2020-06-18,EMBR3,8.87,95057811.0
2020-06-19,EMBR3,8.76,86562543.0
2020-06-22,EMBR3,8.45,105607612.0
2020-06-23,EMBR3,8.52,79911858.0
2020-06-24,EMBR3,8.09,115866603.0
2020-06-25,EMBR3,8.15,101145434.0
2020-06-26,EMBR3,7.83,82349909.0
2020-06-29,EMBR3,8.42,145758513.0
2020-06-30,EMBR3,8.09,122436049.0
2020-07-01,EMBR3,8.1,117643960.0
2020-07-02,EMBR3,8.17,164846399.0
2020-07-03,EMBR3,8.19,43637201.0
2020-07-06,EMBR3,8.47,106599834.0
2020-07-07,EMBR3,8.2,83891447.0
2020-07-08,EMBR3,8.18,76442702.0
2020-07-09,EMBR3,7.99,91071136.0
2020-07-10,EMBR3,8.06,76281028.0
2020-07-13,EMBR3,8.16,124425986.0
2020-07-14,EMBR3,8.01,102208982.0
2020-07-15,EMBR3,8.8,244419101.0
2020-07-16,EMBR3,8.26,197727930.0
2020-07-17,EMBR3,8.38,104693269.0
2020-07-20,EMBR3,8.32,86151455.0
2020-07-21,EMBR3,8.5,129168201.0
2020-07-22,EMBR3,8.31,75980022.0
2020-07-23,EMBR3,8.22,92228093.0
2020-07-24,EMBR3,8.02,97333793.0
2020-07-27,EMBR3,8.02,64980318.0
2020-07-28,EMBR3,8.17,80887839.0
2020-07-29,EMBR3,8.18,61656063.0
2020-07-30,EMBR3,7.95,99522010.0
2020-07-31,EMBR3,7.61,167892194.0
2020-09-02,EMBR3,7.57,80914952.0
2020-09-03,EMBR3,7.44,148277173.0
2020-09-04,EMBR3,7.41,95904475.0
2020-09-08,EMBR3,7.36,72496259.0
2020-09-09,EMBR3,7.19,153087546.0
2020-09-10,EMBR3,7.01,118293041.0
2020-09-11,EMBR3,6.81,92699908.0
2020-09-14,EMBR3,6.9,67834916.0
2020-09-15,EMBR3,6.87,46850628.0
2020-09-16,EMBR3,6.92,54100392.0
2020-09-17,EMBR3,6.97,57180601.0
2020-09-18,EMBR3,6.68,115087615.0
2020-09-21,EMBR3,6.36,97030387.0
2020-09-22,EMBR3,6.18,120696314.0
2020-09-23,EMBR3,6.04,88449592.0
2020-09-24,EMBR3,6.18,120996686.0
2020-09-25,EMBR3,6.12,65448738.0
2020-09-28,EMBR3,6.36,215575020.0
2020-09-29,EMBR3,6.1,112949694.0
2020-09-30,EMBR3,6.24,82877049.0
2020-10-01,EMBR3,6.47,77009338.0
2020-10-02,EMBR3,6.49,80816315.0
2020-10-05,EMBR3,6.42,68596696.0
2020-10-06,EMBR3,6.62,163894650.0
2020-10-07,EMBR3,6.37,93719178.0
2020-10-08,EMBR3,6.69,68718043.0
2020-10-09,EMBR3,6.69,68283839.0
2020-10-13,EMBR3,6.49,66529664.0
2020-10-14,EMBR3,6.57,70610960.0
2020-10-15,EMBR3,6.6,58519584.0
2020-10-16,EMBR3,6.47,64575568.0
2020-10-19,EMBR3,6.4,70834036.0
2020-10-20,EMBR3,6.59,71125948.0
2020-10-21,EMBR3,6.79,106797694.0
2020-10-22,EMBR3,6.82,116337929.0
2020-10-23,EMBR3,7.09,166380479.0
2020-10-26,EMBR3,6.88,105737675.0
2020-10-27,EMBR3,6.45,156082176.0
2020-10-28,EMBR3,6.05,130261862.0
2020-10-29,EMBR3,6.11,141683829.0
2020-10-30,EMBR3,6.03,113089359.0
2020-11-03,EMBR3,6.03,88528483.0
2020-11-04,EMBR3,6.24,90408451.0
2020-11-05,EMBR3,6.61,99830468.0
2020-11-06,EMBR3,6.55,73404002.0
2020-11-09,EMBR3,7.41,321602820.0
2020-11-10,EMBR3,7.32,239284486.0
2020-11-11,EMBR3,7.18,143837828.0
2020-11-12,EMBR3,7.02,104569858.0
2020-11-13,EMBR3,7.45,156953094.0
2020-11-16,EMBR3,8.05,228224054.0
2020-11-17,EMBR3,8.1,168567466.0
2020-11-18,EMBR3,8.05,223299168.0
2020-11-19,EMBR3,8.08,140661357.0
2020-11-20,EMBR3,7.9,100871930.0
2020-11-23,EMBR3,8.21,137041545.0
2020-11-24,EMBR3,8.41,192506981.0
2020-11-25,EMBR3,8.31,107231222.0
2020-11-26,EMBR3,8.27,55976894.0
2020-11-27,EMBR3,8.25,88510077.0
2020-11-30,EMBR3,8.1,127149440.0
2020-12-01,EMBR3,8.21,114454985.0
2020-12-02,EMBR3,8.42,96520455.0
2019-01-04,ENBR3,14.88,35955788.0
2019-01-07,ENBR3,14.45,44604057.0
2019-01-08,ENBR3,14.5,45238237.0
2019-01-09,ENBR3,14.59,49149979.0
2019-01-10,ENBR3,14.73,33372344.0
2019-01-11,ENBR3,14.79,39966830.0
2019-01-14,ENBR3,14.96,161968892.0
2019-01-15,ENBR3,15.3,68994289.0
2019-01-16,ENBR3,15.45,51404894.0
2019-01-17,ENBR3,15.45,63921758.0
2019-01-18,ENBR3,15.67,81951761.0
2019-01-21,ENBR3,15.6,24065999.0
2019-01-22,ENBR3,15.6,49401078.0
2019-01-23,ENBR3,16.09,42666925.0
2019-01-24,ENBR3,16.54,52481224.0
2019-01-28,ENBR3,16.77,54092360.0
2019-01-29,ENBR3,16.7,33180059.0
2019-01-30,ENBR3,17.0,51006764.0
2019-01-31,ENBR3,16.79,46001896.0
2019-02-01,ENBR3,17.26,61741196.0
2019-02-04,ENBR3,17.28,44834290.0
2019-02-05,ENBR3,17.39,52891488.0
2019-02-06,ENBR3,16.95,70082440.0
2019-02-07,ENBR3,17.33,70922665.0
2019-02-08,ENBR3,17.72,59796803.0
2019-02-11,ENBR3,17.71,63734444.0
2019-02-12,ENBR3,18.11,57391851.0
2019-02-13,ENBR3,18.05,79006004.0
2019-02-14,ENBR3,18.66,142648356.0
2019-02-15,ENBR3,18.98,127606880.0
2019-02-18,ENBR3,19.01,30036956.0
2019-02-19,ENBR3,19.14,63502838.0
2019-02-20,ENBR3,18.9,74143348.0
2019-02-21,ENBR3,18.6,49495372.0
2019-02-22,ENBR3,18.48,43007455.0
2019-02-25,ENBR3,18.54,30319768.0
2019-02-26,ENBR3,18.03,33862579.0
2019-02-27,ENBR3,18.61,56959555.0
2019-02-28,ENBR3,17.3,108534231.0
2019-03-01,ENBR3,17.46,43798549.0
2019-03-06,ENBR3,17.23,41758556.0
2019-03-07,ENBR3,17.21,30092281.0
2019-03-08,ENBR3,17.59,54984326.0
2019-03-11,ENBR3,17.75,40368417.0
2019-03-12,ENBR3,17.37,62921640.0
2019-03-13,ENBR3,17.96,180384410.0
2019-03-14,ENBR3,17.88,51239165.0
2019-03-15,ENBR3,18.11,71070749.0
2019-03-18,ENBR3,18.18,18964055.0
2019-03-19,ENBR3,17.85,28698578.0
2019-03-20,ENBR3,17.4,58954266.0
2019-03-21,ENBR3,17.45,39867129.0
2019-03-22,ENBR3,17.13,51095036.0
2019-03-25,ENBR3,17.4,47541731.0
2019-03-26,ENBR3,17.65,39749038.0
2019-03-27,ENBR3,16.67,52281704.0
2019-03-28,ENBR3,17.31,46294637.0
2019-03-29,ENBR3,16.98,46740587.0
2019-04-01,ENBR3,17.52,82461664.0
2019-04-02,ENBR3,17.3,35431553.0
2019-05-03,ENBR3,17.53,30058080.0
2019-05-06,ENBR3,17.57,16939989.0
2019-05-07,ENBR3,17.63,20311584.0
2019-05-08,ENBR3,17.44,24400117.0
2019-05-09,ENBR3,17.6,40625328.0
2019-05-10,ENBR3,17.39,23797538.0
2019-05-13,ENBR3,17.12,31753182.0
2019-05-14,ENBR3,17.25,52925882.0
2019-05-15,ENBR3,17.1,45355953.0
2019-05-16,ENBR3,16.99,31291147.0
2019-05-17,ENBR3,17.28,50823664.0
2019-05-20,ENBR3,17.94,52853125.0
2019-05-21,ENBR3,18.8,46459120.0
2019-05-22,ENBR3,19.12,68246094.0
2019-05-23,ENBR3,19.0,93660164.0
2019-05-24,ENBR3,18.62,41764380.0
2019-05-27,ENBR3,18.7,15027807.0
2019-05-28,ENBR3,19.11,42936161.0
2019-05-29,ENBR3,18.95,43458176.0
2019-05-30,ENBR3,19.1,41707862.0
2019-05-31,ENBR3,19.84,88235488.0
2019-06-03,ENBR3,19.61,40681083.0
2019-06-04,ENBR3,20.56,130318991.0
2019-06-05,ENBR3,20.11,60842803.0
2019-06-06,ENBR3,20.1,64800259.0
2019-06-07,ENBR3,19.82,30430721.0
2019-06-10,ENBR3,19.36,61442970.0
2019-06-11,ENBR3,19.2,49395999.0
2019-06-12,ENBR3,19.29,40892164.0
2019-06-13,ENBR3,19.1,90226034.0
2019-06-14,ENBR3,18.96,27086238.0
2019-06-17,ENBR3,18.6,44892210.0
2019-06-18,ENBR3,18.56,90735071.0
2019-06-19,ENBR3,18.65,40543970.0
2019-06-21,ENBR3,18.7,47239002.0
2019-06-24,ENBR3,18.71,46390097.0
2019-06-25,ENBR3,18.2,46715540.0
2019-06-26,ENBR3,18.4,60350141.0
2019-06-27,ENBR3,19.06,55810659.0
2019-06-28,ENBR3,18.9,81365811.0
2019-07-01,ENBR3,18.66,50388079.0
2019-07-02,ENBR3,18.85,39787411.0
2019-07-03,ENBR3,19.3,47096328.0
2019-07-04,ENBR3,19.62,42265596.0
2019-07-05,ENBR3,19.48,64298261.0
2019-07-08,ENBR3,19.65,46321997.0
2019-07-10,ENBR3,19.96,56032161.0
2019-07-11,ENBR3,19.9,32070762.0
2019-07-12,ENBR3,19.64,33018321.0
2019-07-15,ENBR3,19.4,26298001.0
2019-07-16,ENBR3,19.15,33214822.0
2019-07-17,ENBR3,19.25,29991022.0
2019-07-18,ENBR3,19.24,34299939.0
2019-07-19,ENBR3,19.19,37079231.0
2019-07-22,ENBR3,19.62,66275994.0
2019-07-23,ENBR3,19.67,64464175.0
2019-07-24,ENBR3,19.55,33242894.0
2019-07-25,ENBR3,19.07,98512676.0
2019-07-26,ENBR3,19.26,40372681.0
2019-07-29,ENBR3,19.3,29984632.0
2019-07-30,ENBR3,19.28,45165813.0
2019-07-31,ENBR3,19.29,63658983.0
2019-08-01,ENBR3,19.6,104591226.0
2019-08-02,ENBR3,19.85,56053669.0
2019-09-02,ENBR3,20.15,32805553.0
2019-09-03,ENBR3,19.83,35127251.0
2019-09-04,ENBR3,19.82,30413015.0
2019-09-05,ENBR3,19.88,25212095.0
2019-09-06,ENBR3,19.71,19743983.0
2019-09-09,ENBR3,19.24,55955217.0
2019-09-10,ENBR3,19.3,29746218.0
2019-09-11,ENBR3,19.66,38462167.0
2019-09-12,ENBR3,19.74,26544448.0
2019-09-13,ENBR3,19.38,24042397.0
2019-09-16,ENBR3,19.3,21723841.0
2019-09-17,ENBR3,19.49,27986564.0
2019-09-18,ENBR3,19.42,22932616.0
2019-09-19,ENBR3,19.62,32643071.0
2019-09-20,ENBR3,19.25,49090148.0
2019-09-23,ENBR3,19.33,33639388.0
2019-09-24,ENBR3,19.06,29452021.0
2019-09-25,ENBR3,19.12,42141608.0
2019-09-26,ENBR3,19.3,45947987.0
2019-09-27,ENBR3,19.11,17076129.0
2019-09-30,ENBR3,19.6,35349204.0
2019-10-01,ENBR3,19.35,28913553.0
2019-10-02,ENBR3,19.05,34259682.0
2019-10-03,ENBR3,19.12,25228989.0
2019-10-04,ENBR3,19.26,18311945.0
2019-10-07,ENBR3,18.68,36983320.0
2019-10-08,ENBR3,18.99,62868986.0
2019-10-09,ENBR3,18.86,27062881.0
2019-10-10,ENBR3,18.59,30930191.0
2019-10-11,ENBR3,18.94,28345517.0
2019-10-14,ENBR3,18.75,156306897.0
2019-10-15,ENBR3,18.69,57839921.0
2019-10-16,ENBR3,18.87,39916638.0
2019-10-17,ENBR3,18.85,41955772.0
2019-10-18,ENBR3,18.99,56412803.0
2019-10-21,ENBR3,19.23,34002107.0
2019-10-22,ENBR3,19.0,51131031.0
2019-10-23,ENBR3,18.74,45888795.0
2019-10-24,ENBR3,18.37,62281146.0
2019-10-25,ENBR3,18.06,63649794.0
2019-10-28,ENBR3,18.51,54628940.0
2019-10-29,ENBR3,18.65,57885311.0
2019-10-30,ENBR3,18.86,32554638.0
2019-10-31,ENBR3,18.97,29740321.0
2019-11-01,ENBR3,18.9,29153036.0
2019-11-04,ENBR3,19.0,26416109.0
2019-11-05,ENBR3,18.8,67379457.0
2019-11-06,ENBR3,18.87,41260880.0
2019-11-07,ENBR3,18.98,23891258.0
2019-11-08,ENBR3,18.77,53258497.0
2019-11-11,ENBR3,18.72,46146244.0
2019-11-12,ENBR3,18.96,179931833.0
2019-11-13,ENBR3,18.88,28376963.0
2019-11-14,ENBR3,19.15,33213992.0
2019-11-18,ENBR3,19.1,33978326.0
2019-11-19,ENBR3,19.0,37697154.0
2019-11-21,ENBR3,19.0,37280753.0
2019-11-22,ENBR3,19.04,26493178.0
2019-11-25,ENBR3,19.08,27077363.0
2019-11-26,ENBR3,19.23,41864738.0
2019-11-27,ENBR3,19.28,46046168.0
2019-11-28,ENBR3,19.56,73451232.0
2019-11-29,ENBR3,19.89,62000191.0
2019-12-02,ENBR3,19.78,53639099.0
2020-01-02,ENBR3,21.91,67392181.0
2020-01-03,ENBR3,22.05,97370480.0
2020-01-06,ENBR3,21.88,77333577.0
2020-01-07,ENBR3,21.75,57591950.0
2020-01-08,ENBR3,21.72,76314137.0
2020-01-09,ENBR3,22.26,146297375.0
2020-01-10,ENBR3,22.67,84087756.0
2020-01-13,ENBR3,22.67,54719538.0
2020-01-14,ENBR3,22.67,117724116.0
2020-01-15,ENBR3,22.2,61036382.0
2020-01-16,ENBR3,22.4,54088219.0
2020-01-17,ENBR3,22.4,46397234.0
2020-01-20,ENBR3,22.89,45224035.0
2020-01-21,ENBR3,22.88,48808401.0
2020-01-22,ENBR3,22.88,63481429.0
2020-01-23,ENBR3,23.2,49547656.0
2020-01-24,ENBR3,23.08,34674935.0
2020-01-27,ENBR3,22.89,55553234.0
2020-01-28,ENBR3,23.15,38433934.0
2020-01-29,ENBR3,22.51,63825292.0
2020-01-30,ENBR3,22.23,89702714.0
2020-01-31,ENBR3,22.35,70266603.0
2020-02-03,ENBR3,22.96,72703602.0
2020-02-04,ENBR3,22.51,71012351.0
2020-02-05,ENBR3,22.45,106272280.0
2020-02-06,ENBR3,22.23,42130607.0
2020-02-07,ENBR3,21.5,50211879.0
2020-02-10,ENBR3,21.26,49153400.0
2020-02-11,ENBR3,21.36,152238729.0
2020-02-12,ENBR3,21.59,48981929.0
2020-02-13,ENBR3,21.62,76244720.0
2020-02-14,ENBR3,21.52,59674238.0
2020-02-17,ENBR3,21.54,60936635.0
2020-02-18,ENBR3,21.6,42969400.0
2020-02-19,ENBR3,22.09,77841064.0
2020-02-20,ENBR3,21.45,50050253.0
2020-02-21,ENBR3,21.66,46449314.0
2020-02-26,ENBR3,20.8,79842296.0
2020-02-27,ENBR3,20.09,86852037.0
2020-02-28,ENBR3,20.43,82576838.0
2020-03-02,ENBR3,20.84,114090617.0
2020-03-03,ENBR3,20.41,56271271.0
2020-03-04,ENBR3,21.48,128051950.0
2020-03-05,ENBR3,20.81,98673369.0
2020-03-06,ENBR3,20.17,121871930.0
2020-03-09,ENBR3,19.07,113351934.0
2020-03-10,ENBR3,19.43,91236306.0
2020-03-11,ENBR3,18.64,89094021.0
2020-03-12,ENBR3,16.26,73921189.0
2020-03-13,ENBR3,18.01,82940167.0
2020-03-16,ENBR3,16.15,65979180.0
2020-03-17,ENBR3,16.9,68273770.0
2020-03-18,ENBR3,15.36,80513236.0
2020-03-19,ENBR3,14.78,96004657.0
2020-03-20,ENBR3,14.33,115627454.0
2020-03-23,ENBR3,13.79,83625128.0
2020-03-24,ENBR3,14.08,79919282.0
2020-03-25,ENBR3,14.61,73373176.0
2020-03-26,ENBR3,16.1,84631284.0
2020-03-27,ENBR3,15.5,55435925.0
2020-03-30,ENBR3,16.29,43174374.0
2020-03-31,ENBR3,16.28,70025449.0
2020-04-01,ENBR3,15.5,39279552.0
2020-04-02,ENBR3,15.22,54290530.0
2020-05-04,ENBR3,16.94,68270736.0
2020-05-05,ENBR3,16.85,26628463.0
2020-05-06,ENBR3,16.83,47142996.0
2020-05-07,ENBR3,15.97,61677748.0
2020-05-08,ENBR3,16.08,49047261.0
2020-05-11,ENBR3,15.51,48435216.0
2020-05-12,ENBR3,15.47,34784081.0
2020-05-13,ENBR3,15.29,41901228.0
2020-05-14,ENBR3,15.76,47634310.0
2020-05-15,ENBR3,15.63,45661568.0
2020-05-18,ENBR3,16.23,39948185.0
2020-05-19,ENBR3,15.98,47950835.0
2020-05-20,ENBR3,15.74,38879322.0
2020-05-21,ENBR3,16.35,39517094.0
2020-05-22,ENBR3,16.31,36216581.0
2020-05-25,ENBR3,17.22,37801152.0
2020-05-26,ENBR3,17.17,106970600.0
2020-05-27,ENBR3,17.3,46885651.0
2020-05-28,ENBR3,17.41,43489184.0
2020-05-29,ENBR3,17.67,69287268.0
2020-06-01,ENBR3,17.57,34144430.0
2020-06-02,ENBR3,17.95,43565668.0
2020-06-03,ENBR3,17.97,66769454.0
2020-06-04,ENBR3,17.72,28781457.0
2020-06-05,ENBR3,17.8,36603365.0
2020-06-08,ENBR3,18.32,36555129.0
2020-06-09,ENBR3,18.55,39895913.0
2020-06-10,ENBR3,18.14,38241512.0
2020-06-12,ENBR3,18.11,55908751.0
2020-06-15,ENBR3,17.77,36775980.0
2020-06-16,ENBR3,17.62,33968030.0
2020-06-17,ENBR3,18.26,40832751.0
2020-06-18,ENBR3,17.95,29719641.0
2020-06-19,ENBR3,18.2,78715503.0
2020-06-22,ENBR3,17.92,31136513.0
2020-06-23,ENBR3,17.56,50331571.0
2020-06-24,ENBR3,17.55,30337374.0
2020-06-25,ENBR3,17.7,26992718.0
2020-06-26,ENBR3,17.4,33475232.0
2020-06-29,ENBR3,17.45,34704295.0
2020-06-30,ENBR3,17.42,56008115.0
2020-07-01,ENBR3,17.9,62540180.0
2020-07-02,ENBR3,17.65,55345600.0
2020-07-03,ENBR3,18.15,26903352.0
2020-07-06,ENBR3,17.96,62906606.0
2020-07-07,ENBR3,17.69,43373315.0
2020-07-08,ENBR3,17.95,32760872.0
2020-07-09,ENBR3,17.76,32935919.0
2020-07-10,ENBR3,17.72,24942351.0
2020-07-13,ENBR3,17.62,37103312.0
2020-07-14,ENBR3,17.48,34789911.0
2020-07-15,ENBR3,17.71,52921547.0
2020-07-16,ENBR3,17.56,82292604.0
2020-07-17,ENBR3,18.08,53420715.0
2020-07-20,ENBR3,18.3,38871277.0
2020-07-21,ENBR3,17.95,40861478.0
2020-07-22,ENBR3,18.11,35687773.0
2020-07-23,ENBR3,17.95,31514643.0
2020-07-24,ENBR3,18.36,59906132.0
2020-07-27,ENBR3,18.49,62489757.0
2020-07-28,ENBR3,18.13,32874391.0
2020-07-29,ENBR3,18.4,34094163.0
2020-07-30,ENBR3,18.52,40752365.0
2020-07-31,ENBR3,18.56,50049700.0
2020-09-02,ENBR3,18.81,66462083.0
2020-09-03,ENBR3,18.78,153874918.0
2020-09-04,ENBR3,18.9,61985219.0
2020-09-08,ENBR3,18.81,60684279.0
2020-09-09,ENBR3,19.12,45844711.0
2020-09-10,ENBR3,18.68,34032190.0
2020-09-11,ENBR3,18.3,51626414.0
2020-09-14,ENBR3,18.47,37115169.0
2020-09-15,ENBR3,18.6,48379417.0
2020-09-16,ENBR3,18.57,33312906.0
2020-09-17,ENBR3,18.55,37445083.0
2020-09-18,ENBR3,18.08,53527710.0
2020-09-21,ENBR3,18.26,64743881.0
2020-09-22,ENBR3,18.24,34386863.0
2020-09-23,ENBR3,17.87,39845305.0
2020-09-24,ENBR3,17.96,39281618.0
2020-09-25,ENBR3,18.04,63364451.0
2020-09-28,ENBR3,17.64,54750434.0
2020-09-29,ENBR3,17.54,78629789.0
2020-09-30,ENBR3,17.41,78566079.0
2020-10-01,ENBR3,17.64,54503034.0
2020-10-02,ENBR3,17.5,32417417.0
2020-10-05,ENBR3,17.5,104534079.0
2020-10-06,ENBR3,17.55,48355653.0
2020-10-07,ENBR3,17.53,42408040.0
2020-10-08,ENBR3,17.84,56940012.0
2020-10-09,ENBR3,17.74,49631325.0
2020-10-13,ENBR3,17.76,47283088.0
2020-10-14,ENBR3,18.03,61553814.0
2020-10-15,ENBR3,17.98,98664933.0
2020-10-16,ENBR3,17.93,58225089.0
2020-10-19,ENBR3,17.92,58020282.0
2020-10-20,ENBR3,18.1,69309678.0
2020-10-21,ENBR3,18.15,68210847.0
2020-10-22,ENBR3,18.24,74097065.0
2020-10-23,ENBR3,18.08,70796150.0
2020-10-26,ENBR3,18.03,64318526.0
2020-10-27,ENBR3,18.11,47064944.0
2020-10-28,ENBR3,17.5,51434388.0
2020-10-29,ENBR3,17.47,64653704.0
2020-10-30,ENBR3,17.0,78533607.0
2020-11-03,ENBR3,17.33,80436447.0
2020-11-04,ENBR3,17.85,40967982.0
2020-11-05,ENBR3,18.39,51589168.0
2020-11-06,ENBR3,18.52,38264798.0
2020-11-09,ENBR3,18.77,67949054.0
2020-11-10,ENBR3,18.71,48710807.0
2020-11-11,ENBR3,18.78,66813986.0
2020-11-12,ENBR3,18.6,100096407.0
2020-11-13,ENBR3,18.98,48037548.0
2020-11-16,ENBR3,18.97,78425993.0
2020-11-17,ENBR3,18.99,55286050.0
2020-11-18,ENBR3,18.84,45429687.0
2020-11-19,ENBR3,18.76,55292411.0
2020-11-20,ENBR3,18.44,47856816.0
2020-11-23,ENBR3,18.3,45452694.0
2020-11-24,ENBR3,18.52,61190152.0
2020-11-25,ENBR3,18.5,41726703.0
2020-11-26,ENBR3,18.82,49204197.0
2020-11-27,ENBR3,18.89,50595588.0
2020-11-30,ENBR3,18.55,67891600.0
2020-12-01,ENBR3,18.82,64636140.0
2020-12-02,ENBR3,18.91,44155112.0
2020-05-04,ENGI11,42.02,144504246.0
2020-05-05,ENGI11,43.04,117324882.0
2020-05-06,ENGI11,41.78,125322190.0
2020-05-07,ENGI11,39.5,153572346.0
2020-05-08,ENGI11,40.82,77673651.0
2020-05-11,ENGI11,41.28,51943945.0
2020-05-12,ENGI11,41.14,72337516.0
2020-05-13,ENGI11,39.31,81131531.0
2020-05-14,ENGI11,41.5,46272882.0
2020-05-15,ENGI11,42.0,82660619.0
2020-05-18,ENGI11,44.0,102013221.0
2020-05-19,ENGI11,42.99,69530745.0
2020-05-20,ENGI11,41.71,56143408.0
2020-05-21,ENGI11,42.84,64709862.0
2020-05-22,ENGI11,43.0,63955373.0
2020-05-25,ENGI11,45.6,117252678.0
2020-05-26,ENGI11,44.7,115453578.0
2020-05-27,ENGI11,46.92,106492859.0
2020-05-28,ENGI11,46.89,66614561.0
2020-05-29,ENGI11,47.5,156636748.0
2020-06-01,ENGI11,46.8,63501209.0
2020-06-02,ENGI11,46.9,80771559.0
2020-06-03,ENGI11,47.43,104349061.0
2020-06-04,ENGI11,47.03,115983915.0
2020-06-05,ENGI11,47.37,93301576.0
2020-06-08,ENGI11,50.13,70525058.0
2020-06-09,ENGI11,49.49,52993548.0
2020-06-10,ENGI11,48.23,62284419.0
2020-06-12,ENGI11,48.77,101944342.0
2020-06-15,ENGI11,48.53,64545853.0
2020-06-16,ENGI11,48.0,65513094.0
2020-06-17,ENGI11,49.1,57251424.0
2020-06-18,ENGI11,47.6,65790459.0
2020-06-19,ENGI11,48.85,251909272.0
2020-06-22,ENGI11,48.59,48704200.0
2020-06-23,ENGI11,47.94,56268228.0
2020-06-24,ENGI11,47.67,36621996.0
2020-06-25,ENGI11,48.75,42334496.0
2020-06-26,ENGI11,47.61,35385849.0
2020-06-29,ENGI11,48.73,29832382.0
2020-06-30,ENGI11,49.0,76992346.0
2020-07-01,ENGI11,48.2,72503293.0
2020-07-02,ENGI11,47.44,84041489.0
2020-07-03,ENGI11,47.25,48068756.0
2020-07-06,ENGI11,47.25,86842224.0
2020-07-07,ENGI11,47.58,76835322.0
2020-07-08,ENGI11,48.0,57734693.0
2020-07-09,ENGI11,47.74,44911921.0
2020-07-10,ENGI11,47.57,82479030.0
2020-07-13,ENGI11,46.31,108583389.0
2020-07-14,ENGI11,46.4,55219698.0
2020-07-15,ENGI11,46.58,173548465.0
2020-07-16,ENGI11,46.32,137600227.0
2020-07-17,ENGI11,47.73,69211830.0
2020-07-20,ENGI11,47.72,75842259.0
2020-07-21,ENGI11,47.17,58296608.0
2020-07-22,ENGI11,48.35,61709133.0
2020-07-23,ENGI11,48.54,64369810.0
2020-07-24,ENGI11,48.0,69582377.0
2020-07-27,ENGI11,49.5,99287581.0
2020-07-28,ENGI11,50.02,131035896.0
2020-07-29,ENGI11,49.38,46324068.0
2020-07-30,ENGI11,49.43,71076518.0
2020-07-31,ENGI11,49.15,113364951.0
2020-09-02,ENGI11,44.48,43087507.0
2020-09-03,ENGI11,43.52,56281452.0
2020-09-04,ENGI11,44.11,49853637.0
2020-09-08,ENGI11,43.78,65206359.0
2020-09-09,ENGI11,44.81,63096375.0
2020-09-10,ENGI11,43.73,79511485.0
2020-09-11,ENGI11,43.7,106980245.0
2020-09-14,ENGI11,45.04,81458472.0
2020-09-15,ENGI11,44.46,109623620.0
2020-09-16,ENGI11,45.62,68022287.0
2020-09-17,ENGI11,44.73,53293104.0
2020-09-18,ENGI11,43.0,302272610.0
2020-09-21,ENGI11,42.68,53086915.0
2020-09-22,ENGI11,42.75,40589474.0
2020-09-23,ENGI11,41.54,45246657.0
2020-09-24,ENGI11,42.24,80332102.0
2020-09-25,ENGI11,42.28,41684265.0
2020-09-28,ENGI11,41.11,79377605.0
2020-09-29,ENGI11,40.85,58819197.0
2020-09-30,ENGI11,41.12,87162162.0
2020-10-01,ENGI11,41.05,73225955.0
2020-10-02,ENGI11,40.0,40904364.0
2020-10-05,ENGI11,40.91,44140211.0
2020-10-06,ENGI11,40.48,53790838.0
2020-10-07,ENGI11,40.15,74912887.0
2020-10-08,ENGI11,40.5,55370874.0
2020-10-09,ENGI11,39.95,41505594.0
2020-10-13,ENGI11,40.56,34708296.0
2020-10-14,ENGI11,40.8,44391178.0
2020-10-15,ENGI11,41.68,70499828.0
2020-10-16,ENGI11,41.73,61548205.0
2020-10-19,ENGI11,42.21,41881482.0
2020-10-20,ENGI11,42.65,70709263.0
2020-10-21,ENGI11,43.47,50320380.0
2020-10-22,ENGI11,43.62,57146966.0
2020-10-23,ENGI11,42.99,40061208.0
2020-10-26,ENGI11,43.9,75810649.0
2020-10-27,ENGI11,43.46,40664245.0
2020-10-28,ENGI11,42.13,38290837.0
2020-10-29,ENGI11,42.5,47690656.0
2020-10-30,ENGI11,41.97,307656022.0
2020-11-03,ENGI11,42.1,67414945.0
2020-11-04,ENGI11,43.89,50531882.0
2020-11-05,ENGI11,46.45,104528686.0
2020-11-06,ENGI11,46.6,57345777.0
2020-11-09,ENGI11,46.29,73226758.0
2020-11-10,ENGI11,46.61,63438655.0
2020-11-11,ENGI11,46.18,56690512.0
2020-11-12,ENGI11,44.61,57009506.0
2020-11-13,ENGI11,45.5,74538443.0
2020-11-16,ENGI11,46.4,78686077.0
2020-11-17,ENGI11,47.3,79803213.0
2020-11-18,ENGI11,46.84,52465787.0
2020-11-19,ENGI11,46.8,63550455.0
2020-11-20,ENGI11,45.76,71673059.0
2020-11-23,ENGI11,44.78,60857502.0
2020-11-24,ENGI11,45.0,53212403.0
2020-11-25,ENGI11,45.7,37997065.0
2020-11-26,ENGI11,46.28,34655221.0
2020-11-27,ENGI11,45.83,35205065.0
2020-11-30,ENGI11,46.54,156178641.0
2020-12-01,ENGI11,46.43,83752602.0
2020-12-02,ENGI11,46.95,71121070.0
2019-01-04,EQTL3,78.0,164524994.0
2019-01-07,EQTL3,78.5,90038335.0
2019-01-08,EQTL3,78.7,103250982.0
2019-01-09,EQTL3,79.95,96851460.0
2019-01-10,EQTL3,80.99,138412678.0
2019-01-11,EQTL3,81.33,113269460.0
2019-01-14,EQTL3,83.21,129617204.0
2019-01-15,EQTL3,83.56,111738856.0
2019-01-16,EQTL3,83.56,125878869.0
2019-01-17,EQTL3,83.52,127955763.0
2019-01-18,EQTL3,82.8,155232597.0
2019-01-21,EQTL3,84.15,77023359.0
2019-01-22,EQTL3,82.0,88897611.0
2019-01-23,EQTL3,83.0,108694992.0
2019-01-24,EQTL3,83.99,118931221.0
2019-01-28,EQTL3,84.1,91267751.0
2019-01-29,EQTL3,86.6,75984736.0
2019-01-30,EQTL3,88.0,171114548.0
2019-01-31,EQTL3,88.15,255495328.0
2019-02-01,EQTL3,88.21,87750784.0
2019-02-04,EQTL3,87.95,61124876.0
2019-02-05,EQTL3,86.86,118629900.0
2019-02-06,EQTL3,86.46,94986719.0
2019-02-07,EQTL3,85.37,99046853.0
2019-02-08,EQTL3,84.9,82617171.0
2019-02-11,EQTL3,83.5,93502195.0
2019-02-12,EQTL3,83.21,113536253.0
2019-02-13,EQTL3,84.39,102652279.0
2019-02-14,EQTL3,84.3,88928347.0
2019-02-15,EQTL3,84.0,117322864.0
2019-02-18,EQTL3,83.99,63267870.0
2019-02-19,EQTL3,84.82,191480039.0
2019-02-20,EQTL3,84.35,97993364.0
2019-02-21,EQTL3,83.8,121604805.0
2019-02-22,EQTL3,84.35,101645620.0
2019-02-25,EQTL3,83.99,56626768.0
2019-02-26,EQTL3,83.61,50591951.0
2019-02-27,EQTL3,82.98,77545982.0
2019-02-28,EQTL3,82.13,176741713.0
2019-03-01,EQTL3,82.47,86787005.0
2019-03-06,EQTL3,80.85,66512970.0
2019-03-07,EQTL3,80.35,149157963.0
2019-03-08,EQTL3,82.5,76217356.0
2019-03-11,EQTL3,81.4,144708517.0
2019-03-12,EQTL3,82.49,95392070.0
2019-03-13,EQTL3,82.45,89674122.0
2019-03-14,EQTL3,82.0,188304161.0
2019-03-15,EQTL3,82.35,136556793.0
2019-03-18,EQTL3,82.94,57321487.0
2019-03-19,EQTL3,81.83,60650866.0
2019-03-20,EQTL3,81.25,60894660.0
2019-03-21,EQTL3,80.75,70541029.0
2019-03-22,EQTL3,79.75,79009531.0
2019-03-25,EQTL3,80.0,55188506.0
2019-03-26,EQTL3,80.73,98229589.0
2019-03-27,EQTL3,77.95,111936031.0
2019-03-28,EQTL3,79.0,158168329.0
2019-03-29,EQTL3,80.0,98199077.0
2019-04-01,EQTL3,80.0,80388487.0
2019-04-02,EQTL3,80.32,240852103.0
2019-05-03,EQTL3,80.14,100910148.0
2019-05-06,EQTL3,79.41,57837623.0
2019-05-07,EQTL3,79.6,59841211.0
2019-05-08,EQTL3,79.81,70835428.0
2019-05-09,EQTL3,80.6,48279398.0
2019-05-10,EQTL3,81.03,85038435.0
2019-05-13,EQTL3,79.31,67780647.0
2019-05-14,EQTL3,80.02,52787011.0
2019-05-15,EQTL3,82.09,147164990.0
2019-05-16,EQTL3,81.0,157039646.0
2019-05-17,EQTL3,79.61,106581192.0
2019-05-20,EQTL3,82.3,76629752.0
2019-05-21,EQTL3,83.8,102775454.0
2019-05-22,EQTL3,83.34,62258058.0
2019-05-23,EQTL3,82.5,71921112.0
2019-05-24,EQTL3,81.26,85075014.0
2019-05-27,EQTL3,81.99,52163467.0
2019-05-28,EQTL3,82.77,210837039.0
2019-05-29,EQTL3,83.48,95514417.0
2019-05-30,EQTL3,85.4,100321740.0
2019-05-31,EQTL3,86.15,210194959.0
2019-06-03,EQTL3,86.9,74313526.0
2019-06-04,EQTL3,86.04,112781265.0
2019-06-05,EQTL3,85.99,56147741.0
2019-06-06,EQTL3,86.4,55107613.0
2019-06-07,EQTL3,88.12,123921663.0
2019-06-10,EQTL3,87.0,266619655.0
2019-06-11,EQTL3,88.31,80522044.0
2019-06-12,EQTL3,87.4,74946870.0
2019-06-13,EQTL3,88.75,86193636.0
2019-06-14,EQTL3,89.4,96435271.0
2019-06-17,EQTL3,89.03,64682295.0
2019-06-18,EQTL3,89.61,90000963.0
2019-06-19,EQTL3,90.5,70135844.0
2019-06-21,EQTL3,91.19,151725692.0
2019-06-24,EQTL3,90.74,98345988.0
2019-06-25,EQTL3,89.16,99018270.0
2019-06-26,EQTL3,89.0,71927699.0
2019-06-27,EQTL3,90.57,83691719.0
2019-06-28,EQTL3,91.8,160804197.0
2019-07-01,EQTL3,90.29,72658715.0
2019-07-02,EQTL3,90.13,71904404.0
2019-07-03,EQTL3,92.99,77843091.0
2019-07-04,EQTL3,94.09,79652720.0
2019-07-05,EQTL3,94.3,66337542.0
2019-07-08,EQTL3,96.3,94233696.0
2019-07-10,EQTL3,97.14,199260370.0
2019-07-11,EQTL3,98.77,166109116.0
2019-07-12,EQTL3,96.35,171560995.0
2019-07-15,EQTL3,95.9,67065548.0
2019-07-16,EQTL3,94.95,60404347.0
2019-07-17,EQTL3,94.79,110348954.0
2019-07-18,EQTL3,95.36,63349225.0
2019-07-19,EQTL3,94.26,49288241.0
2019-07-22,EQTL3,94.86,98549226.0
2019-07-23,EQTL3,95.83,71977411.0
2019-07-24,EQTL3,92.66,197743276.0
2019-07-25,EQTL3,91.5,143463986.0
2019-07-26,EQTL3,91.77,151348181.0
2019-07-29,EQTL3,93.98,78592867.0
2019-07-30,EQTL3,94.24,100464974.0
2019-07-31,EQTL3,94.5,191016896.0
2019-08-01,EQTL3,94.75,302349879.0
2019-08-02,EQTL3,94.81,175611184.0
2019-09-02,EQTL3,98.2,83371056.0
2019-09-03,EQTL3,97.5,130418228.0
2019-09-04,EQTL3,99.3,105706850.0
2019-09-05,EQTL3,97.97,231224253.0
2019-09-06,EQTL3,97.5,83653720.0
2019-09-09,EQTL3,94.55,130566162.0
2019-09-10,EQTL3,95.87,89152295.0
2019-09-11,EQTL3,99.02,64725084.0
2019-09-12,EQTL3,100.5,77509238.0
2019-09-13,EQTL3,100.13,136734135.0
2019-09-16,EQTL3,100.5,85589159.0
2019-09-17,EQTL3,100.57,103464104.0
2019-09-18,EQTL3,101.88,45255549.0
2019-09-19,EQTL3,102.21,172156695.0
2019-09-20,EQTL3,102.13,177817157.0
2019-09-23,EQTL3,101.41,55324737.0
2019-09-24,EQTL3,101.12,86995613.0
2019-09-25,EQTL3,99.5,169393448.0
2019-09-26,EQTL3,99.59,97976806.0
2019-09-27,EQTL3,99.71,72975551.0
2019-09-30,EQTL3,100.29,88063069.0
2019-10-01,EQTL3,99.3,72361614.0
2019-10-02,EQTL3,97.74,65707292.0
2019-10-03,EQTL3,98.5,58143253.0
2019-10-04,EQTL3,100.36,80495223.0
2019-10-07,EQTL3,97.69,111261784.0
2019-10-08,EQTL3,96.44,106694135.0
2019-10-09,EQTL3,97.59,74990291.0
2019-10-10,EQTL3,98.9,81564777.0
2019-10-11,EQTL3,101.22,89552429.0
2019-10-14,EQTL3,102.95,97686233.0
2019-10-15,EQTL3,97.85,470019535.0
2019-10-16,EQTL3,100.0,264675637.0
2019-10-17,EQTL3,99.22,120989460.0
2019-10-18,EQTL3,100.41,111081051.0
2019-10-21,EQTL3,101.91,69888199.0
2019-10-22,EQTL3,99.82,179137323.0
2019-10-23,EQTL3,98.4,118592551.0
2019-10-24,EQTL3,99.25,71138005.0
2019-10-25,EQTL3,97.6,111848117.0
2019-10-28,EQTL3,98.71,61704239.0
2019-10-29,EQTL3,99.76,134943971.0
2019-10-30,EQTL3,102.26,69666504.0
2019-10-31,EQTL3,101.88,123444194.0
2019-11-01,EQTL3,101.32,163116505.0
2019-11-04,EQTL3,102.63,126522420.0
2019-11-05,EQTL3,102.54,97026410.0
2019-11-06,EQTL3,101.22,92912691.0
2019-11-07,EQTL3,102.28,90625081.0
2019-11-08,EQTL3,100.25,81271530.0
2019-11-11,EQTL3,102.8,81935219.0
2019-11-12,EQTL3,101.94,163580399.0
2019-11-13,EQTL3,102.24,73278591.0
2019-11-14,EQTL3,104.41,104467866.0
2019-11-18,EQTL3,103.66,81476696.0
2019-11-19,EQTL3,102.63,142575061.0
2019-11-21,EQTL3,104.39,105533786.0
2019-11-22,EQTL3,103.15,101976868.0
2019-11-25,EQTL3,103.09,81133775.0
2019-11-26,EQTL3,100.5,339608701.0
2019-11-27,EQTL3,101.8,122505922.0
2019-11-28,EQTL3,20.49,116180930.0
2019-11-29,EQTL3,20.64,132420970.0
2019-12-02,EQTL3,20.6,112990341.0
2020-01-02,EQTL3,23.55,115144056.0
2020-01-03,EQTL3,23.27,105186250.0
2020-01-06,EQTL3,23.3,109186763.0
2020-01-07,EQTL3,23.18,111433999.0
2020-01-08,EQTL3,23.34,104145079.0
2020-01-09,EQTL3,23.62,134879351.0
2020-01-10,EQTL3,23.9,251618360.0
2020-01-13,EQTL3,23.89,215266680.0
2020-01-14,EQTL3,24.45,134504623.0
2020-01-15,EQTL3,24.25,110114390.0
2020-01-16,EQTL3,24.4,115532600.0
2020-01-17,EQTL3,24.51,130526056.0
2020-01-20,EQTL3,24.54,70832041.0
2020-01-21,EQTL3,24.4,128297563.0
2020-01-22,EQTL3,24.39,110751306.0
2020-01-23,EQTL3,24.41,130480999.0
2020-01-24,EQTL3,24.43,65157175.0
2020-01-27,EQTL3,24.06,80250093.0
2020-01-28,EQTL3,24.64,115029143.0
2020-01-29,EQTL3,24.27,85546977.0
2020-01-30,EQTL3,24.38,106374165.0
2020-01-31,EQTL3,23.84,174194739.0
2020-02-03,EQTL3,24.9,160769705.0
2020-02-04,EQTL3,25.86,187546804.0
2020-02-05,EQTL3,25.87,213550586.0
2020-02-06,EQTL3,25.46,113685756.0
2020-02-07,EQTL3,25.17,91417559.0
2020-02-10,EQTL3,24.98,128652240.0
2020-02-11,EQTL3,25.6,134664408.0
2020-02-12,EQTL3,26.29,140171278.0
2020-02-13,EQTL3,26.36,106388661.0
2020-02-14,EQTL3,25.95,100452597.0
2020-02-17,EQTL3,26.37,67064361.0
2020-02-18,EQTL3,25.8,117276421.0
2020-02-19,EQTL3,26.46,90584530.0
2020-02-20,EQTL3,25.96,107796886.0
2020-02-21,EQTL3,26.35,116588493.0
2020-02-26,EQTL3,24.93,206765232.0
2020-02-27,EQTL3,24.24,179628104.0
2020-02-28,EQTL3,24.66,212431699.0
2020-03-02,EQTL3,25.89,181321353.0
2020-03-03,EQTL3,25.76,172667528.0
2020-03-04,EQTL3,26.9,157937460.0
2020-03-05,EQTL3,25.78,247993759.0
2020-03-06,EQTL3,24.9,211700309.0
2020-03-09,EQTL3,22.25,452736933.0
2020-03-10,EQTL3,22.5,571894626.0
2020-03-11,EQTL3,21.4,365752252.0
2020-03-12,EQTL3,19.08,264633357.0
2020-03-13,EQTL3,20.3,301365619.0
2020-03-16,EQTL3,18.56,278146964.0
2020-03-17,EQTL3,19.79,390581848.0
2020-03-18,EQTL3,18.0,388233315.0
2020-03-19,EQTL3,17.8,285084168.0
2020-03-20,EQTL3,17.27,300542799.0
2020-03-23,EQTL3,16.29,183213889.0
2020-03-24,EQTL3,16.84,262795206.0
2020-03-25,EQTL3,17.0,282542219.0
2020-03-26,EQTL3,18.1,282735152.0
2020-03-27,EQTL3,16.55,291972207.0
2020-03-30,EQTL3,17.59,224012668.0
2020-03-31,EQTL3,17.6,203852243.0
2020-04-01,EQTL3,16.41,185047038.0
2020-04-02,EQTL3,16.24,285708108.0
2020-05-04,EQTL3,18.0,114136622.0
2020-05-05,EQTL3,18.17,175668202.0
2020-05-06,EQTL3,17.62,221289085.0
2020-05-07,EQTL3,16.7,204782611.0
2020-05-08,EQTL3,17.6,229893279.0
2020-05-11,EQTL3,17.89,178334624.0
2020-05-12,EQTL3,17.3,131771721.0
2020-05-13,EQTL3,16.8,155720836.0
2020-05-14,EQTL3,17.64,182447046.0
2020-05-15,EQTL3,17.6,99831192.0
2020-05-18,EQTL3,18.3,182738271.0
2020-05-19,EQTL3,17.77,149740612.0
2020-05-20,EQTL3,17.5,175887874.0
2020-05-21,EQTL3,17.54,242950789.0
2020-05-22,EQTL3,18.03,150228977.0
2020-05-25,EQTL3,19.5,223203469.0
2020-05-26,EQTL3,19.39,312350641.0
2020-05-27,EQTL3,20.1,203990737.0
2020-05-28,EQTL3,19.9,136216456.0
2020-05-29,EQTL3,20.05,315724815.0
2020-06-01,EQTL3,19.85,169412010.0
2020-06-02,EQTL3,20.1,151534431.0
2020-06-03,EQTL3,20.8,199732907.0
2020-06-04,EQTL3,20.6,144769330.0
2020-06-05,EQTL3,20.56,187328770.0
2020-06-08,EQTL3,21.55,147873661.0
2020-06-09,EQTL3,21.77,121098272.0
2020-06-10,EQTL3,21.53,220076119.0
2020-06-12,EQTL3,21.6,214111455.0
2020-06-15,EQTL3,21.48,186395394.0
2020-06-16,EQTL3,21.36,164892464.0
2020-06-17,EQTL3,22.09,162156075.0
2020-06-18,EQTL3,21.73,224691178.0
2020-06-19,EQTL3,22.15,258892170.0
2020-06-22,EQTL3,22.18,92147434.0
2020-06-23,EQTL3,22.15,119304501.0
2020-06-24,EQTL3,22.18,226375654.0
2020-06-25,EQTL3,22.59,121290878.0
2020-06-26,EQTL3,22.49,139341222.0
2020-06-29,EQTL3,22.84,171299511.0
2020-06-30,EQTL3,23.22,202639037.0
2020-07-01,EQTL3,23.95,223392626.0
2020-07-02,EQTL3,23.61,164121524.0
2020-07-03,EQTL3,24.24,92451721.0
2020-07-06,EQTL3,24.15,212288101.0
2020-07-07,EQTL3,24.37,161306688.0
2020-07-08,EQTL3,24.53,236264885.0
2020-07-09,EQTL3,24.02,203083721.0
2020-07-10,EQTL3,24.44,86496479.0
2020-07-13,EQTL3,23.9,123393461.0
2020-07-14,EQTL3,23.7,161931388.0
2020-07-15,EQTL3,24.4,167993307.0
2020-07-16,EQTL3,24.38,143094413.0
2020-07-17,EQTL3,24.81,190812347.0
2020-07-20,EQTL3,24.3,159074329.0
2020-07-21,EQTL3,24.04,170767866.0
2020-07-22,EQTL3,24.3,118210539.0
2020-07-23,EQTL3,24.21,168703703.0
2020-07-24,EQTL3,24.64,110345844.0
2020-07-27,EQTL3,25.01,212312186.0
2020-07-28,EQTL3,24.85,80304749.0
2020-07-29,EQTL3,24.85,116041597.0
2020-07-30,EQTL3,25.45,133477484.0
2020-07-31,EQTL3,25.53,163241601.0
2020-09-02,EQTL3,23.89,109651561.0
2020-09-03,EQTL3,23.56,131970723.0
2020-09-04,EQTL3,23.78,155236021.0
2020-09-08,EQTL3,23.69,111580359.0
2020-09-09,EQTL3,24.12,82179076.0
2020-09-10,EQTL3,23.41,85877148.0
2020-09-11,EQTL3,22.86,137661634.0
2020-09-14,EQTL3,23.24,56046352.0
2020-09-15,EQTL3,22.78,137085134.0
2020-09-16,EQTL3,23.14,108246663.0
2020-09-17,EQTL3,23.33,118005406.0
2020-09-18,EQTL3,22.78,171932979.0
2020-09-21,EQTL3,22.85,86871150.0
2020-09-22,EQTL3,22.59,467057149.0
2020-09-23,EQTL3,22.12,113893035.0
2020-09-24,EQTL3,22.45,269431400.0
2020-09-25,EQTL3,22.6,234275268.0
2020-09-28,EQTL3,21.8,215192186.0
2020-09-29,EQTL3,21.61,197697726.0
2020-09-30,EQTL3,21.18,528273932.0
2020-10-01,EQTL3,21.45,196963016.0
2020-10-02,EQTL3,21.03,136939200.0
2020-10-05,EQTL3,21.63,345959351.0
2020-10-06,EQTL3,21.36,96098024.0
2020-10-07,EQTL3,21.08,178870022.0
2020-10-08,EQTL3,21.25,227154111.0
2020-10-09,EQTL3,20.87,177478315.0
2020-10-13,EQTL3,20.6,193867734.0
2020-10-14,EQTL3,20.88,248852320.0
2020-10-15,EQTL3,20.86,81850423.0
2020-10-16,EQTL3,20.77,111891697.0
2020-10-19,EQTL3,20.92,100419101.0
2020-10-20,EQTL3,21.16,117709892.0
2020-10-21,EQTL3,20.9,159562580.0
2020-10-22,EQTL3,20.85,202109704.0
2020-10-23,EQTL3,20.73,129135546.0
2020-10-26,EQTL3,20.79,116715546.0
2020-10-27,EQTL3,20.47,113957996.0
2020-10-28,EQTL3,19.77,165553452.0
2020-10-29,EQTL3,20.22,170836370.0
2020-10-30,EQTL3,19.93,145396576.0
2020-11-03,EQTL3,19.87,129264162.0
2020-11-04,EQTL3,21.0,236839675.0
2020-11-05,EQTL3,22.01,184020786.0
2020-11-06,EQTL3,22.19,133246775.0
2020-11-09,EQTL3,21.95,211578428.0
2020-11-10,EQTL3,21.99,217865954.0
2020-11-11,EQTL3,21.31,148609071.0
2020-11-12,EQTL3,20.76,146279793.0
2020-11-13,EQTL3,21.14,129396635.0
2020-11-16,EQTL3,21.33,189983109.0
2020-11-17,EQTL3,21.64,194282425.0
2020-11-18,EQTL3,21.01,176206023.0
2020-11-19,EQTL3,21.12,92602517.0
2020-11-20,EQTL3,20.74,101223287.0
2020-11-23,EQTL3,20.65,65470267.0
2020-11-24,EQTL3,20.7,114084967.0
2020-11-25,EQTL3,21.64,234264572.0
2020-11-26,EQTL3,21.74,72258332.0
2020-11-27,EQTL3,22.14,128914595.0
2020-11-30,EQTL3,21.79,241519639.0
2020-12-01,EQTL3,21.96,226809091.0
2020-12-02,EQTL3,22.07,211557319.0
2019-01-04,ESTC3,25.21,62937021.0
2019-01-07,ESTC3,24.71,57862192.0
2019-01-08,ESTC3,24.94,45820465.0
2019-01-09,ESTC3,26.71,152262138.0
2019-01-10,ESTC3,27.1,98755263.0
2019-01-11,ESTC3,27.37,86979343.0
2019-01-14,ESTC3,28.6,74960471.0
2019-01-15,ESTC3,29.0,103430541.0
2019-01-16,ESTC3,29.0,113207591.0
2019-01-17,ESTC3,30.75,142518220.0
2019-01-18,ESTC3,30.3,121698016.0
2019-01-21,ESTC3,28.75,187364920.0
2019-01-22,ESTC3,29.25,97434301.0
2019-01-23,ESTC3,29.48,80444840.0
2019-01-24,ESTC3,30.1,102081492.0
2019-01-28,ESTC3,29.37,190246766.0
2019-01-29,ESTC3,30.99,112518703.0
2019-01-30,ESTC3,32.5,102399599.0
2019-01-31,ESTC3,31.1,104974887.0
2019-02-01,ESTC3,30.3,119919239.0
2019-02-04,ESTC3,30.14,152505881.0
2019-02-05,ESTC3,29.42,131155013.0
2019-02-06,ESTC3,28.41,79584820.0
2019-02-07,ESTC3,28.8,100684372.0
2019-02-08,ESTC3,29.21,119951222.0
2019-02-11,ESTC3,29.78,43403571.0
2019-02-12,ESTC3,29.33,138599130.0
2019-02-13,ESTC3,30.03,96970929.0
2019-02-14,ESTC3,31.51,412428551.0
2019-02-15,ESTC3,29.87,228719027.0
2019-02-18,ESTC3,29.23,66937567.0
2019-02-19,ESTC3,29.39,128147335.0
2019-02-20,ESTC3,27.76,145622970.0
2019-02-21,ESTC3,28.43,103042968.0
2019-02-22,ESTC3,28.8,61134318.0
2019-02-25,ESTC3,28.26,51652760.0
2019-02-26,ESTC3,28.05,71777092.0
2019-02-27,ESTC3,28.13,31816831.0
2019-02-28,ESTC3,27.55,36683680.0
2019-03-01,ESTC3,27.42,92056796.0
2019-03-06,ESTC3,26.39,65577482.0
2019-03-07,ESTC3,26.0,71378099.0
2019-03-08,ESTC3,28.1,77524069.0
2019-03-11,ESTC3,28.19,71905769.0
2019-03-12,ESTC3,28.3,60365024.0
2019-03-13,ESTC3,28.1,71950114.0
2019-03-14,ESTC3,27.8,51857245.0
2019-03-15,ESTC3,27.0,264617870.0
2019-03-18,ESTC3,27.2,69914832.0
2019-03-19,ESTC3,27.15,94406277.0
2019-03-20,ESTC3,27.05,71710836.0
2019-03-21,ESTC3,26.65,55387536.0
2019-03-22,ESTC3,25.83,94929493.0
2019-03-25,ESTC3,26.38,71493347.0
2019-03-26,ESTC3,26.65,61774737.0
2019-03-27,ESTC3,25.16,129230605.0
2019-03-28,ESTC3,27.21,145586345.0
2019-03-29,ESTC3,26.6,91088880.0
2019-04-01,ESTC3,26.7,38719176.0
2019-04-02,ESTC3,27.19,61151855.0
2019-05-03,ESTC3,26.44,41313276.0
2019-05-06,ESTC3,26.1,36735570.0
2019-05-07,ESTC3,26.65,81220950.0
2019-05-08,ESTC3,27.31,103786542.0
2019-05-09,ESTC3,27.91,44343967.0
2019-05-10,ESTC3,28.5,119861440.0
2019-05-13,ESTC3,28.3,76194367.0
2019-05-14,ESTC3,28.15,80866343.0
2019-05-15,ESTC3,27.38,81914847.0
2019-05-16,ESTC3,26.7,69928486.0
2019-05-17,ESTC3,26.4,63744699.0
2019-05-20,ESTC3,27.53,48254537.0
2019-05-21,ESTC3,28.1,74239825.0
2019-05-22,ESTC3,28.7,86909583.0
2019-05-23,ESTC3,28.1,101918143.0
2019-05-24,ESTC3,28.2,53030609.0
2019-05-27,ESTC3,29.35,50238175.0
2019-05-28,ESTC3,28.84,114532515.0
2019-05-29,ESTC3,28.82,56646129.0
2019-05-30,ESTC3,28.93,86332020.0
2019-05-31,ESTC3,29.45,138603249.0
2019-06-03,ESTC3,28.92,58418802.0
2019-06-04,ESTC3,28.61,59445692.0
2019-06-05,ESTC3,28.29,46802832.0
2019-06-06,ESTC3,27.41,60864355.0
2019-06-07,ESTC3,29.45,145228378.0
2019-06-10,ESTC3,29.85,75421865.0
2019-06-11,ESTC3,29.5,53187331.0
2019-06-12,ESTC3,29.1,91379448.0
2019-06-13,ESTC3,30.0,125549241.0
2019-06-14,ESTC3,29.38,55327189.0
2019-06-17,ESTC3,28.81,53484507.0
2019-06-18,ESTC3,28.62,47052019.0
2019-06-19,ESTC3,29.18,43754720.0
2019-06-21,ESTC3,29.85,105899639.0
2019-06-24,ESTC3,29.65,55873384.0
2019-06-25,ESTC3,28.49,66882482.0
2019-06-26,ESTC3,28.27,55388145.0
2019-06-27,ESTC3,29.01,45452566.0
2019-06-28,ESTC3,29.0,97160775.0
2019-07-01,ESTC3,28.35,50321617.0
2019-07-02,ESTC3,28.86,99132558.0
2019-07-03,ESTC3,29.01,73689293.0
2019-07-04,ESTC3,29.93,40156580.0
2019-07-05,ESTC3,30.24,68483784.0
2019-07-08,ESTC3,31.68,132829438.0
2019-07-10,ESTC3,32.17,193249053.0
2019-07-11,ESTC3,31.91,89513142.0
2019-07-12,ESTC3,31.53,132886981.0
2019-07-15,ESTC3,32.0,81761823.0
2019-07-16,ESTC3,31.22,120812803.0
2019-07-17,ESTC3,31.9,77382221.0
2019-07-18,ESTC3,33.64,182311602.0
2019-07-19,ESTC3,33.02,111690352.0
2019-07-22,ESTC3,33.52,158708698.0
2020-09-02,EZTC3,40.8,113800228.0
2020-09-03,EZTC3,39.76,105237832.0
2020-09-04,EZTC3,39.7,260027901.0
2020-09-08,EZTC3,39.69,91222204.0
2020-09-09,EZTC3,40.94,161726790.0
2020-09-10,EZTC3,39.96,91158990.0
2020-09-11,EZTC3,39.25,113343058.0
2020-09-14,EZTC3,40.99,80001206.0
2020-09-15,EZTC3,41.05,65768597.0
2020-09-16,EZTC3,40.09,133688476.0
2020-09-17,EZTC3,39.35,183086009.0
2020-09-18,EZTC3,37.81,128071873.0
2020-09-21,EZTC3,37.43,75528264.0
2020-09-22,EZTC3,37.4,92235104.0
2020-09-23,EZTC3,36.39,62512263.0
2020-09-24,EZTC3,36.92,77803986.0
2020-09-25,EZTC3,36.58,44982533.0
2020-09-28,EZTC3,34.98,85230069.0
2020-09-29,EZTC3,34.64,59356643.0
2020-09-30,EZTC3,35.24,62926196.0
2020-10-01,EZTC3,36.98,103812196.0
2020-10-02,EZTC3,35.58,82219301.0
2020-10-05,EZTC3,35.36,43181953.0
2020-10-06,EZTC3,35.96,89887555.0
2020-10-07,EZTC3,36.03,64502474.0
2020-10-08,EZTC3,36.62,56597523.0
2020-10-09,EZTC3,37.71,119455550.0
2020-10-13,EZTC3,37.47,50120345.0
2020-10-14,EZTC3,37.33,51128489.0
2020-10-15,EZTC3,38.0,77652345.0
2020-10-16,EZTC3,37.24,57650314.0
2020-10-19,EZTC3,37.3,57235995.0
2020-10-20,EZTC3,39.4,207631352.0
2020-10-21,EZTC3,40.9,201713985.0
2020-10-22,EZTC3,40.29,86358571.0
2020-10-23,EZTC3,39.45,55865641.0
2020-10-26,EZTC3,38.71,43256516.0
2020-10-27,EZTC3,39.24,104508509.0
2020-10-28,EZTC3,37.23,88865634.0
2020-10-29,EZTC3,36.39,213419621.0
2020-10-30,EZTC3,35.1,72333009.0
2020-11-03,EZTC3,34.79,90176068.0
2020-11-04,EZTC3,36.85,78777773.0
2020-11-05,EZTC3,37.93,60100754.0
2020-11-06,EZTC3,38.19,53864309.0
2020-11-09,EZTC3,38.99,99815940.0
2020-11-10,EZTC3,39.18,97564439.0
2020-11-11,EZTC3,38.84,50432246.0
2020-11-12,EZTC3,37.65,71626333.0
2020-11-13,EZTC3,39.65,128249033.0
2020-11-16,EZTC3,40.32,75387742.0
2020-11-17,EZTC3,40.62,79158391.0
2020-11-18,EZTC3,39.44,67889363.0
2020-11-19,EZTC3,39.56,72070455.0
2020-11-20,EZTC3,39.06,49602603.0
2020-11-23,EZTC3,38.84,47258866.0
2020-11-24,EZTC3,38.8,65520947.0
2020-11-25,EZTC3,39.89,72516797.0
2020-11-26,EZTC3,40.34,48362862.0
2020-11-27,EZTC3,42.76,165999398.0
2020-11-30,EZTC3,40.95,162363173.0
2020-12-01,EZTC3,42.07,99320755.0
2020-12-02,EZTC3,41.89,111980785.0
2019-01-04,FLRY3,20.85,70238161.0
2019-01-07,FLRY3,21.15,67039826.0
2019-01-08,FLRY3,21.4,90729406.0
2019-01-09,FLRY3,21.08,94900124.0
2019-01-10,FLRY3,21.48,33558196.0
2019-01-11,FLRY3,21.35,27576070.0
2019-01-14,FLRY3,22.2,59484685.0
2019-01-15,FLRY3,21.71,38725637.0
2019-01-16,FLRY3,21.2,51605505.0
2019-01-17,FLRY3,21.44,49865619.0
2019-01-18,FLRY3,22.29,45785341.0
2019-01-21,FLRY3,21.99,20189948.0
2019-01-22,FLRY3,21.67,28989061.0
2019-01-23,FLRY3,22.21,36975831.0
2019-01-24,FLRY3,22.0,31203421.0
2019-01-28,FLRY3,21.52,44409087.0
2019-01-29,FLRY3,22.38,41509089.0
2019-01-30,FLRY3,22.52,51510135.0
2019-01-31,FLRY3,22.28,48114532.0
2019-02-01,FLRY3,22.19,53809140.0
2019-02-04,FLRY3,22.28,110032497.0
2019-02-05,FLRY3,22.46,40696590.0
2019-02-06,FLRY3,21.31,61996826.0
2019-02-07,FLRY3,21.0,89037155.0
2019-02-08,FLRY3,21.5,99890237.0
2019-02-11,FLRY3,21.35,33204254.0
2019-02-12,FLRY3,21.19,24315045.0
2019-02-13,FLRY3,21.03,73693092.0
2019-02-14,FLRY3,21.42,38349616.0
2019-02-15,FLRY3,21.24,42156387.0
2019-02-18,FLRY3,20.9,30528807.0
2019-02-19,FLRY3,21.0,28374902.0
2019-02-20,FLRY3,20.67,54438963.0
2019-02-21,FLRY3,20.38,49271230.0
2019-02-22,FLRY3,20.36,35297849.0
2019-02-25,FLRY3,20.37,35076211.0
2019-02-26,FLRY3,20.2,37005076.0
2019-02-27,FLRY3,20.62,30958246.0
2019-02-28,FLRY3,20.0,84491024.0
2019-03-01,FLRY3,20.0,43350578.0
2019-03-06,FLRY3,20.0,26824430.0
2019-03-07,FLRY3,19.36,45612740.0
2019-03-08,FLRY3,19.85,56951688.0
2019-03-11,FLRY3,20.37,47467565.0
2019-03-12,FLRY3,20.39,23634151.0
2019-03-13,FLRY3,20.62,34898217.0
2019-03-14,FLRY3,20.5,24804041.0
2019-03-15,FLRY3,20.79,40398878.0
2019-03-18,FLRY3,20.71,30078427.0
2019-03-19,FLRY3,20.64,28391780.0
2019-03-20,FLRY3,20.37,29020841.0
2019-03-21,FLRY3,20.12,42039828.0
2019-03-22,FLRY3,19.8,38594142.0
2019-03-25,FLRY3,19.69,30062773.0
2019-03-26,FLRY3,20.37,24606969.0
2019-03-27,FLRY3,19.75,35488947.0
2019-03-28,FLRY3,20.1,25095237.0
2019-03-29,FLRY3,20.4,40790255.0
2019-04-01,FLRY3,20.55,23038417.0
2019-04-02,FLRY3,21.0,29455332.0
2019-05-03,FLRY3,20.64,85336027.0
2019-05-06,FLRY3,20.38,24575289.0
2019-05-07,FLRY3,20.19,33162819.0
2019-05-08,FLRY3,20.69,27844510.0
2019-05-09,FLRY3,20.25,29696728.0
2019-05-10,FLRY3,19.96,36581407.0
2019-05-13,FLRY3,19.6,39693242.0
2019-05-14,FLRY3,19.74,32886479.0
2019-05-15,FLRY3,19.86,30620206.0
2019-05-16,FLRY3,19.6,24497579.0
2019-05-17,FLRY3,19.1,38499356.0
2019-05-20,FLRY3,19.02,90554326.0
2019-05-21,FLRY3,19.56,57254923.0
2019-05-22,FLRY3,19.41,22319834.0
2019-05-23,FLRY3,19.61,20817338.0
2019-05-24,FLRY3,19.44,28983326.0
2019-05-27,FLRY3,19.6,18357480.0
2019-05-28,FLRY3,20.03,49273129.0
2019-05-29,FLRY3,20.02,38761800.0
2019-05-30,FLRY3,20.14,45807439.0
2019-05-31,FLRY3,19.8,59450774.0
2019-06-03,FLRY3,19.9,42183746.0
2019-06-04,FLRY3,19.9,27608302.0
2019-06-05,FLRY3,19.69,25774252.0
2019-06-06,FLRY3,20.28,30347432.0
2019-06-07,FLRY3,20.69,38543187.0
2019-06-10,FLRY3,21.0,37479697.0
2019-06-11,FLRY3,21.34,26422687.0
2019-06-12,FLRY3,21.16,33536636.0
2019-06-13,FLRY3,21.28,23381846.0
2019-06-14,FLRY3,20.9,32028446.0
2019-06-17,FLRY3,20.59,24155840.0
2019-06-18,FLRY3,20.69,41747603.0
2019-06-19,FLRY3,20.8,40980171.0
2019-06-21,FLRY3,21.0,33264906.0
2019-06-24,FLRY3,21.13,61580172.0
2019-06-25,FLRY3,20.98,26529654.0
2019-06-26,FLRY3,21.1,37495888.0
2019-06-27,FLRY3,21.4,39638792.0
2019-06-28,FLRY3,21.35,34183219.0
2019-07-01,FLRY3,21.5,23616115.0
2019-07-02,FLRY3,21.66,38504777.0
2019-07-03,FLRY3,21.64,32396800.0
2019-07-04,FLRY3,22.0,44068229.0
2019-07-05,FLRY3,22.72,108742311.0
2019-07-08,FLRY3,23.27,32180755.0
2019-07-10,FLRY3,23.79,69557986.0
2019-07-11,FLRY3,23.67,57053374.0
2019-07-12,FLRY3,23.75,49896046.0
2019-07-15,FLRY3,23.65,35115815.0
2019-07-16,FLRY3,23.52,33876679.0
2019-07-17,FLRY3,23.82,31713684.0
2019-07-18,FLRY3,23.67,22898110.0
2019-07-19,FLRY3,23.51,26207548.0
2019-07-22,FLRY3,23.15,17800378.0
2019-07-23,FLRY3,23.21,24018839.0
2019-07-24,FLRY3,23.6,39916243.0
2019-07-25,FLRY3,23.75,57845932.0
2019-07-26,FLRY3,23.63,71790167.0
2019-07-29,FLRY3,23.55,32376999.0
2019-07-30,FLRY3,23.62,28294460.0
2019-07-31,FLRY3,23.33,55215999.0
2019-08-01,FLRY3,23.74,50290370.0
2019-08-02,FLRY3,23.47,54370384.0
2019-09-02,FLRY3,24.0,30568974.0
2019-09-03,FLRY3,24.0,32141902.0
2019-09-04,FLRY3,23.94,31876471.0
2019-09-05,FLRY3,23.77,39590775.0
2019-09-06,FLRY3,23.8,30929158.0
2019-09-09,FLRY3,23.46,32459280.0
2019-09-10,FLRY3,23.46,24926903.0
2019-09-11,FLRY3,23.81,24327939.0
2019-09-12,FLRY3,24.22,46794230.0
2019-09-13,FLRY3,24.31,21332313.0
2019-09-16,FLRY3,24.15,18699434.0
2019-09-17,FLRY3,24.61,24573220.0
2019-09-18,FLRY3,24.72,40164751.0
2019-09-19,FLRY3,24.54,23383682.0
2019-09-20,FLRY3,25.14,39985668.0
2019-09-23,FLRY3,25.51,44085191.0
2019-09-24,FLRY3,25.53,47185589.0
2019-09-25,FLRY3,25.3,51655047.0
2019-09-26,FLRY3,25.5,38758594.0
2019-09-27,FLRY3,25.7,64852444.0
2019-09-30,FLRY3,26.42,68378696.0
2019-10-01,FLRY3,26.1,19750202.0
2019-10-02,FLRY3,24.86,61544978.0
2019-10-03,FLRY3,25.0,48310447.0
2019-10-04,FLRY3,25.0,42111723.0
2019-10-07,FLRY3,24.2,41119636.0
2019-10-08,FLRY3,24.05,29888005.0
2019-10-09,FLRY3,24.21,36459729.0
2019-10-10,FLRY3,24.21,33306177.0
2019-10-11,FLRY3,24.6,40960422.0
2019-10-14,FLRY3,24.76,20184735.0
2019-10-15,FLRY3,24.6,26225011.0
2019-10-16,FLRY3,25.0,20324107.0
2019-10-17,FLRY3,25.0,25536321.0
2019-10-18,FLRY3,24.74,29810747.0
2019-10-21,FLRY3,24.79,18189454.0
2019-10-22,FLRY3,24.6,31819617.0
2019-10-23,FLRY3,24.68,31215617.0
2019-10-24,FLRY3,24.51,29141567.0
2019-10-25,FLRY3,24.91,52235239.0
2019-10-28,FLRY3,25.41,43068911.0
2019-10-29,FLRY3,25.45,35867757.0
2019-10-30,FLRY3,25.54,31018933.0
2019-10-31,FLRY3,25.45,20867116.0
2019-11-01,FLRY3,25.53,35059060.0
2019-11-04,FLRY3,25.51,27097616.0
2019-11-05,FLRY3,25.7,24467314.0
2019-11-06,FLRY3,25.85,66399547.0
2019-11-07,FLRY3,26.3,32737402.0
2019-11-08,FLRY3,25.86,33186957.0
2019-11-11,FLRY3,26.08,31160388.0
2019-11-12,FLRY3,25.74,25580064.0
2019-11-13,FLRY3,26.03,21233248.0
2019-11-14,FLRY3,27.0,71626844.0
2019-11-18,FLRY3,26.92,75342047.0
2019-11-19,FLRY3,26.61,76202664.0
2019-11-21,FLRY3,27.75,102010172.0
2019-11-22,FLRY3,27.78,39647930.0
2019-11-25,FLRY3,28.47,48019276.0
2019-11-26,FLRY3,28.55,52401799.0
2019-11-27,FLRY3,28.2,43935207.0
2019-11-28,FLRY3,27.98,45256117.0
2019-11-29,FLRY3,28.5,51071167.0
2019-12-02,FLRY3,28.47,42455673.0
2020-01-02,FLRY3,31.02,54667631.0
2020-01-03,FLRY3,30.11,128999412.0
2020-01-06,FLRY3,31.0,102805746.0
2020-01-07,FLRY3,31.32,48889812.0
2020-01-08,FLRY3,31.13,43016544.0
2020-01-09,FLRY3,31.71,42366587.0
2020-01-10,FLRY3,31.15,51933687.0
2020-01-13,FLRY3,31.0,63661403.0
2020-01-14,FLRY3,31.46,48953309.0
2020-01-15,FLRY3,31.23,46029648.0
2020-01-16,FLRY3,31.24,37327592.0
2020-01-17,FLRY3,31.39,33641462.0
2020-01-20,FLRY3,32.23,29128995.0
2020-01-21,FLRY3,32.15,46700155.0
2020-01-22,FLRY3,32.87,60395136.0
2020-01-23,FLRY3,32.25,63252265.0
2020-01-24,FLRY3,32.36,39008649.0
2020-01-27,FLRY3,32.15,71330365.0
2020-01-28,FLRY3,32.5,62608391.0
2020-01-29,FLRY3,31.16,68362137.0
2020-01-30,FLRY3,31.66,67157565.0
2020-01-31,FLRY3,31.0,52765089.0
2020-02-03,FLRY3,31.71,33494468.0
2020-02-04,FLRY3,32.66,26920095.0
2020-02-05,FLRY3,33.5,80181651.0
2020-02-06,FLRY3,32.1,73534156.0
2020-02-07,FLRY3,31.2,76534325.0
2020-02-10,FLRY3,30.93,74595012.0
2020-02-11,FLRY3,31.17,88646359.0
2020-02-12,FLRY3,31.79,50347718.0
2020-02-13,FLRY3,30.68,46033643.0
2020-02-14,FLRY3,30.99,48852285.0
2020-02-17,FLRY3,31.08,31122250.0
2020-02-18,FLRY3,30.95,36915987.0
2020-02-19,FLRY3,31.99,64376389.0
2020-02-20,FLRY3,31.45,83401775.0
2020-02-21,FLRY3,31.25,67475935.0
2020-02-26,FLRY3,30.1,108997759.0
2020-02-27,FLRY3,28.57,112989894.0
2020-02-28,FLRY3,29.76,157734198.0
2020-03-02,FLRY3,30.9,92605539.0
2020-03-03,FLRY3,30.62,103553915.0
2020-03-04,FLRY3,31.01,54710001.0
2020-03-05,FLRY3,29.99,77140567.0
2020-03-06,FLRY3,29.56,128458295.0
2020-03-09,FLRY3,27.01,157964237.0
2020-03-10,FLRY3,27.27,117346092.0
2020-03-11,FLRY3,26.2,99353407.0
2020-03-12,FLRY3,22.8,82838460.0
2020-03-13,FLRY3,23.6,119328499.0
2020-03-16,FLRY3,20.0,117818684.0
2020-03-17,FLRY3,21.11,89015319.0
2020-03-18,FLRY3,18.14,119033354.0
2020-03-19,FLRY3,19.5,99948591.0
2020-03-20,FLRY3,19.24,117938139.0
2020-03-23,FLRY3,18.76,47767482.0
2020-03-24,FLRY3,19.44,66960217.0
2020-03-25,FLRY3,20.08,119007443.0
2020-03-26,FLRY3,20.9,73068465.0
2020-03-27,FLRY3,19.7,66748481.0
2020-03-30,FLRY3,20.65,101525164.0
2020-03-31,FLRY3,20.24,70786441.0
2020-04-01,FLRY3,20.0,90557444.0
2020-04-02,FLRY3,20.2,53210295.0
2020-05-04,FLRY3,21.71,38402248.0
2020-05-05,FLRY3,21.52,31072580.0
2020-05-06,FLRY3,21.6,58257898.0
2020-05-07,FLRY3,20.98,61041995.0
2020-05-08,FLRY3,20.66,33323749.0
2020-05-11,FLRY3,19.86,60431942.0
2020-05-12,FLRY3,20.0,79687640.0
2020-05-13,FLRY3,19.61,45246907.0
2020-05-14,FLRY3,20.83,91703217.0
2020-05-15,FLRY3,20.15,110406825.0
2020-05-18,FLRY3,20.7,46698809.0
2020-05-19,FLRY3,19.96,70112830.0
2020-05-20,FLRY3,20.87,62835254.0
2020-05-21,FLRY3,22.08,63648233.0
2020-05-22,FLRY3,22.23,46753575.0
2020-05-25,FLRY3,23.0,47048647.0
2020-05-26,FLRY3,23.1,61296836.0
2020-05-27,FLRY3,23.35,72433221.0
2020-05-28,FLRY3,22.86,40507558.0
2020-05-29,FLRY3,23.35,58225646.0
2020-06-01,FLRY3,23.99,38171341.0
2020-06-02,FLRY3,25.61,70187992.0
2020-06-03,FLRY3,25.85,100357574.0
2020-06-04,FLRY3,25.2,76919861.0
2020-06-05,FLRY3,25.79,68953445.0
2020-06-08,FLRY3,26.06,51647257.0
2020-06-09,FLRY3,25.59,55934311.0
2020-06-10,FLRY3,25.38,47551790.0
2020-06-12,FLRY3,24.91,75772760.0
2020-06-15,FLRY3,24.78,42495320.0
2020-06-16,FLRY3,25.0,65118178.0
2020-06-17,FLRY3,26.19,62577736.0
2020-06-18,FLRY3,26.0,66363268.0
2020-06-19,FLRY3,25.11,132675075.0
2020-06-22,FLRY3,24.8,62073594.0
2020-06-23,FLRY3,25.15,133668987.0
2020-06-24,FLRY3,24.56,53988986.0
2020-06-25,FLRY3,24.94,29417111.0
2020-06-26,FLRY3,24.36,33150563.0
2020-06-29,FLRY3,24.61,27618098.0
2020-06-30,FLRY3,24.59,50180648.0
2020-07-01,FLRY3,24.92,46939148.0
2020-07-02,FLRY3,24.65,40930358.0
2020-07-03,FLRY3,24.79,13597669.0
2020-07-06,FLRY3,24.98,42178258.0
2020-07-07,FLRY3,25.74,49287623.0
2020-07-08,FLRY3,26.27,55792773.0
2020-07-09,FLRY3,25.7,24773935.0
2020-07-10,FLRY3,25.44,31262920.0
2020-07-13,FLRY3,25.63,50943648.0
2020-07-14,FLRY3,25.63,52923953.0
2020-07-15,FLRY3,26.37,54538194.0
2020-07-16,FLRY3,25.81,72096925.0
2020-07-17,FLRY3,25.9,40538476.0
2020-07-20,FLRY3,25.51,69219237.0
2020-07-21,FLRY3,25.25,189214004.0
2020-07-22,FLRY3,24.95,79097750.0
2020-07-23,FLRY3,24.29,58157452.0
2020-07-24,FLRY3,24.43,37427694.0
2020-07-27,FLRY3,24.3,34953886.0
2020-07-28,FLRY3,24.54,25829096.0
2020-07-29,FLRY3,24.89,51604149.0
2020-07-30,FLRY3,25.63,63427711.0
2020-07-31,FLRY3,25.61,100989480.0
2020-09-02,FLRY3,28.24,183945353.0
2020-09-03,FLRY3,27.7,81912279.0
2020-09-04,FLRY3,28.49,78452135.0
2020-09-08,FLRY3,28.46,71182892.0
2020-09-09,FLRY3,28.71,36921353.0
2020-09-10,FLRY3,28.62,60966965.0
2020-09-11,FLRY3,27.77,83577384.0
2020-09-14,FLRY3,29.0,45634911.0
2020-09-15,FLRY3,29.17,52985713.0
2020-09-16,FLRY3,29.7,63576519.0
2020-09-17,FLRY3,29.52,48385144.0
2020-09-18,FLRY3,29.32,54085047.0
2020-09-21,FLRY3,29.23,55527349.0
2020-09-22,FLRY3,28.95,37818540.0
2020-09-23,FLRY3,27.89,81847211.0
2020-09-24,FLRY3,27.85,82158416.0
2020-09-25,FLRY3,27.32,87146968.0
2020-09-28,FLRY3,26.26,99783126.0
2020-09-29,FLRY3,26.62,88539786.0
2020-09-30,FLRY3,26.48,49352891.0
2020-10-01,FLRY3,26.61,54528476.0
2020-10-02,FLRY3,26.32,38701732.0
2020-10-05,FLRY3,27.21,48823073.0
2020-10-06,FLRY3,27.86,86235450.0
2020-10-07,FLRY3,27.45,56004727.0
2020-10-08,FLRY3,28.1,63969882.0
2020-10-09,FLRY3,27.72,35862974.0
2020-10-13,FLRY3,28.06,47244710.0
2020-10-14,FLRY3,28.4,39242400.0
2020-10-15,FLRY3,28.08,50147707.0
2020-10-16,FLRY3,27.77,41665351.0
2020-10-19,FLRY3,27.81,27205330.0
2020-10-20,FLRY3,28.1,57332156.0
2020-10-21,FLRY3,28.1,33829240.0
2020-10-22,FLRY3,28.25,40759743.0
2020-10-23,FLRY3,27.96,28250373.0
2020-10-26,FLRY3,27.74,25677513.0
2020-10-27,FLRY3,27.97,38115011.0
2020-10-28,FLRY3,26.25,39082000.0
2020-10-29,FLRY3,27.43,76735031.0
2020-10-30,FLRY3,27.35,119122232.0
2020-11-03,FLRY3,26.98,64295936.0
2020-11-04,FLRY3,27.18,75103895.0
2020-11-05,FLRY3,29.01,159716575.0
2020-11-06,FLRY3,28.38,78427844.0
2020-11-09,FLRY3,28.14,70630423.0
2020-11-10,FLRY3,27.49,77541931.0
2020-11-11,FLRY3,26.95,48676489.0
2020-11-12,FLRY3,26.5,55976083.0
2020-11-13,FLRY3,27.42,64847761.0
2020-11-16,FLRY3,27.55,40217897.0
2020-11-17,FLRY3,27.46,57672636.0
2020-11-18,FLRY3,27.03,32420465.0
2020-11-19,FLRY3,27.33,25155053.0
2020-11-20,FLRY3,27.27,19009232.0
2020-11-23,FLRY3,27.26,24152030.0
2020-11-24,FLRY3,27.0,48408422.0
2020-11-25,FLRY3,27.04,35847711.0
2020-11-26,FLRY3,26.9,24289399.0
2020-11-27,FLRY3,26.94,30275723.0
2020-11-30,FLRY3,26.56,77017597.0
2020-12-01,FLRY3,25.82,96470894.0
2020-12-02,FLRY3,26.23,51218788.0
2019-01-04,GGBR4,15.5,188189730.0
2019-01-07,GGBR4,15.54,141945020.0
2019-01-08,GGBR4,15.56,141662582.0
2019-01-09,GGBR4,16.0,179882520.0
2019-01-10,GGBR4,15.59,181427809.0
2019-01-11,GGBR4,15.22,444859569.0
2019-01-14,GGBR4,15.2,218196354.0
2019-01-15,GGBR4,14.9,219939973.0
2019-01-16,GGBR4,14.93,164109896.0
2019-01-17,GGBR4,15.05,244332249.0
2019-01-18,GGBR4,15.49,189317807.0
2019-01-21,GGBR4,15.5,97801100.0
2019-01-22,GGBR4,15.47,169937908.0
2019-01-23,GGBR4,15.65,170093939.0
2019-01-24,GGBR4,15.99,183525871.0
2019-01-28,GGBR4,15.64,203754599.0
2019-01-29,GGBR4,15.64,149357643.0
2019-01-30,GGBR4,16.15,213555845.0
2019-01-31,GGBR4,15.65,221827322.0
2019-02-01,GGBR4,15.8,146824677.0
2019-02-04,GGBR4,15.99,150007924.0
2019-02-05,GGBR4,15.92,192172875.0
2019-02-06,GGBR4,15.33,169676937.0
2019-02-07,GGBR4,15.23,155196879.0
2019-02-08,GGBR4,15.35,160641498.0
2019-02-11,GGBR4,15.45,138356640.0
2019-02-12,GGBR4,15.5,113414579.0
2019-02-13,GGBR4,15.63,130762274.0
2019-02-14,GGBR4,15.73,145265295.0
2019-02-15,GGBR4,15.48,144502927.0
2019-02-18,GGBR4,15.55,63517988.0
2019-02-19,GGBR4,15.54,101712811.0
2019-02-20,GGBR4,15.8,159461289.0
2019-02-21,GGBR4,15.1,400877671.0
2019-02-22,GGBR4,15.18,190501511.0
2019-02-25,GGBR4,15.27,147638680.0
2019-02-26,GGBR4,15.48,141051477.0
2019-02-27,GGBR4,15.43,97993238.0
2019-02-28,GGBR4,15.14,144709168.0
2019-03-01,GGBR4,15.03,122925882.0
2019-03-06,GGBR4,15.03,74015162.0
2019-03-07,GGBR4,14.73,182413077.0
2019-03-08,GGBR4,14.71,150568287.0
2019-03-11,GGBR4,14.9,226678744.0
2019-03-12,GGBR4,14.67,115332340.0
2019-03-13,GGBR4,14.98,167094003.0
2019-03-14,GGBR4,14.76,216073043.0
2019-03-15,GGBR4,15.11,200747322.0
2019-03-18,GGBR4,15.52,358090322.0
2019-03-19,GGBR4,15.85,438571464.0
2019-03-20,GGBR4,15.62,248517888.0
2019-03-21,GGBR4,15.66,207189802.0
2019-03-22,GGBR4,14.94,208312834.0
2019-03-25,GGBR4,14.87,126366241.0
2019-03-26,GGBR4,15.24,135294217.0
2019-03-27,GGBR4,14.65,196865582.0
2019-03-28,GGBR4,14.88,148717025.0
2019-03-29,GGBR4,15.14,148786450.0
2019-04-01,GGBR4,16.08,532479071.0
2019-04-02,GGBR4,16.08,229211321.0
2019-05-03,GGBR4,14.23,145203869.0
2019-05-06,GGBR4,14.08,128623162.0
2019-05-07,GGBR4,14.22,185764906.0
2019-05-08,GGBR4,14.5,410424375.0
2019-05-09,GGBR4,14.24,166371392.0
2019-05-10,GGBR4,14.15,146090908.0
2019-05-13,GGBR4,13.81,182872426.0
2019-05-14,GGBR4,13.95,213555004.0
2019-05-15,GGBR4,13.92,157036947.0
2019-05-16,GGBR4,13.74,216417117.0
2019-05-17,GGBR4,13.74,167766759.0
2019-05-20,GGBR4,13.78,111116347.0
2019-05-21,GGBR4,14.29,152332535.0
2019-05-22,GGBR4,14.29,168392191.0
2019-05-23,GGBR4,13.95,132518196.0
2019-05-24,GGBR4,13.85,98205544.0
2019-05-27,GGBR4,13.82,65037952.0
2019-05-28,GGBR4,14.14,158007201.0
2019-05-29,GGBR4,14.05,158594235.0
2019-05-30,GGBR4,13.95,91133258.0
2019-05-31,GGBR4,13.87,118743881.0
2019-06-03,GGBR4,13.94,111158014.0
2019-06-04,GGBR4,13.86,133663468.0
2019-06-05,GGBR4,13.71,102208100.0
2019-06-06,GGBR4,13.65,102335549.0
2019-06-07,GGBR4,13.9,89791149.0
2019-06-10,GGBR4,14.15,113882055.0
2019-06-11,GGBR4,14.57,225360329.0
2019-06-12,GGBR4,14.46,126164887.0
2019-06-13,GGBR4,14.65,136469938.0
2019-06-14,GGBR4,14.35,112000552.0
2019-06-17,GGBR4,14.21,114279010.0
2019-06-18,GGBR4,14.74,165373774.0
2019-06-19,GGBR4,14.96,143611789.0
2019-06-21,GGBR4,15.22,160779374.0
2019-06-24,GGBR4,15.13,77752152.0
2019-06-25,GGBR4,14.75,144590425.0
2019-06-26,GGBR4,15.09,122556037.0
2019-06-27,GGBR4,14.99,93863325.0
2019-06-28,GGBR4,15.2,98703894.0
2019-07-01,GGBR4,15.03,153700772.0
2019-07-02,GGBR4,14.64,171094602.0
2019-07-03,GGBR4,14.88,104762593.0
2019-07-04,GGBR4,15.3,144637367.0
2019-07-05,GGBR4,15.37,130888576.0
2019-07-08,GGBR4,15.35,79831999.0
2019-07-10,GGBR4,15.31,210360666.0
2019-07-11,GGBR4,14.94,172829730.0
2019-07-12,GGBR4,14.72,136446446.0
2019-07-15,GGBR4,14.93,163406812.0
2019-07-16,GGBR4,14.79,634736061.0
2019-07-17,GGBR4,14.61,134232146.0
2019-07-18,GGBR4,14.49,165468106.0
2019-07-19,GGBR4,14.34,166521810.0
2019-07-22,GGBR4,14.01,189828367.0
2019-07-23,GGBR4,14.06,138632257.0
2019-07-24,GGBR4,13.85,135255324.0
2019-07-25,GGBR4,13.72,130449859.0
2019-07-26,GGBR4,13.76,152803308.0
2019-07-29,GGBR4,13.9,102889177.0
2019-07-30,GGBR4,14.09,116036760.0
2019-07-31,GGBR4,13.75,195697105.0
2019-08-01,GGBR4,13.5,284691790.0
2019-08-02,GGBR4,13.57,138303944.0
2019-09-02,GGBR4,12.66,64591305.0
2019-09-03,GGBR4,12.58,209177441.0
2019-09-04,GGBR4,12.58,149899410.0
2019-09-05,GGBR4,12.67,190452634.0
2019-09-06,GGBR4,12.43,144635174.0
2019-09-09,GGBR4,13.11,256539318.0
2019-09-10,GGBR4,13.52,376836355.0
2019-09-11,GGBR4,13.23,217326723.0
2019-09-12,GGBR4,13.61,290096885.0
2019-09-13,GGBR4,13.56,122980869.0
2019-09-16,GGBR4,13.5,149802562.0
2019-09-17,GGBR4,13.58,112674509.0
2019-09-18,GGBR4,13.43,100945070.0
2019-09-19,GGBR4,13.4,93319432.0
2019-09-20,GGBR4,13.25,219584026.0
2019-09-23,GGBR4,13.21,107530396.0
2019-09-24,GGBR4,12.95,121522184.0
2019-09-25,GGBR4,13.11,158697620.0
2019-09-26,GGBR4,13.13,157499677.0
2019-09-27,GGBR4,13.03,90962678.0
2019-09-30,GGBR4,13.16,238774207.0
2019-10-01,GGBR4,13.09,97979229.0
2019-10-02,GGBR4,12.6,181534543.0
2019-10-03,GGBR4,12.78,202185679.0
2019-10-04,GGBR4,13.03,166253762.0
2019-10-07,GGBR4,12.78,101019507.0
2019-10-08,GGBR4,12.55,226428143.0
2019-10-09,GGBR4,12.52,126291721.0
2019-10-10,GGBR4,12.98,181480943.0
2019-10-11,GGBR4,13.29,140514426.0
2019-10-14,GGBR4,13.25,137413142.0
2019-10-15,GGBR4,13.49,177898795.0
2019-10-16,GGBR4,13.35,117565129.0
2019-10-17,GGBR4,13.4,137806333.0
2019-10-18,GGBR4,13.16,162627679.0
2019-10-21,GGBR4,13.23,85982771.0
2019-10-22,GGBR4,13.28,145988347.0
2019-10-23,GGBR4,13.31,108394695.0
2019-10-24,GGBR4,13.0,119000403.0
2019-10-25,GGBR4,13.24,138058044.0
2019-10-28,GGBR4,13.21,78189304.0
2019-10-29,GGBR4,13.11,108057897.0
2019-10-30,GGBR4,13.38,206542415.0
2019-10-31,GGBR4,13.43,197270762.0
2019-11-01,GGBR4,13.91,198267727.0
2019-11-04,GGBR4,14.6,463354391.0
2019-11-05,GGBR4,14.75,266427552.0
2019-11-06,GGBR4,14.73,207019563.0
2019-11-07,GGBR4,15.33,414296560.0
2019-11-08,GGBR4,15.25,253767263.0
2019-11-11,GGBR4,15.28,138642491.0
2019-11-12,GGBR4,15.29,192160371.0
2019-11-13,GGBR4,15.32,155431722.0
2019-11-14,GGBR4,15.44,173515798.0
2019-11-18,GGBR4,15.26,176100392.0
2019-11-19,GGBR4,15.3,101823352.0
2019-11-21,GGBR4,16.45,513888675.0
2019-11-22,GGBR4,16.69,460725505.0
2019-11-25,GGBR4,16.8,492722028.0
2019-11-26,GGBR4,17.26,444239353.0
2019-11-27,GGBR4,17.42,248066856.0
2019-11-28,GGBR4,17.17,141885362.0
2019-11-29,GGBR4,17.0,175649895.0
2019-12-02,GGBR4,17.45,217190900.0
2020-01-02,GGBR4,20.76,280483738.0
2020-01-03,GGBR4,20.42,290671809.0
2020-01-06,GGBR4,20.37,235451763.0
2020-01-07,GGBR4,20.69,254663724.0
2020-01-08,GGBR4,20.77,197021136.0
2020-01-09,GGBR4,20.66,131016386.0
2020-01-10,GGBR4,20.94,192480702.0
2020-01-13,GGBR4,21.84,226532202.0
2020-01-14,GGBR4,21.42,347119096.0
2020-01-15,GGBR4,21.1,301026826.0
2020-01-16,GGBR4,21.3,258562938.0
2020-01-17,GGBR4,21.57,188185418.0
2020-01-20,GGBR4,22.27,216191808.0
2020-01-21,GGBR4,21.8,259266505.0
2020-01-22,GGBR4,22.07,197784274.0
2020-01-23,GGBR4,22.16,215430796.0
2020-01-24,GGBR4,21.67,258454559.0
2020-01-27,GGBR4,19.95,471364039.0
2020-01-28,GGBR4,20.2,233921649.0
2020-01-29,GGBR4,20.14,244069165.0
2020-01-30,GGBR4,20.74,307186951.0
2020-01-31,GGBR4,20.05,213008149.0
2020-02-03,GGBR4,20.55,173504584.0
2020-02-04,GGBR4,21.43,214306326.0
2020-02-05,GGBR4,21.4,206760547.0
2020-02-06,GGBR4,21.24,470756608.0
2020-02-07,GGBR4,20.25,305876579.0
2020-02-10,GGBR4,19.93,339369449.0
2020-02-11,GGBR4,21.09,305333663.0
2020-02-12,GGBR4,21.28,235445030.0
2020-02-13,GGBR4,21.18,189393106.0
2020-02-14,GGBR4,20.5,170614617.0
2020-02-17,GGBR4,20.7,120515332.0
2020-02-18,GGBR4,20.52,169493572.0
2020-02-19,GGBR4,20.43,393572097.0
2020-02-20,GGBR4,19.53,304809556.0
2020-02-21,GGBR4,19.1,322338142.0
2020-02-26,GGBR4,17.1,459617982.0
2020-02-27,GGBR4,17.09,311199701.0
2020-02-28,GGBR4,16.93,396638876.0
2020-03-02,GGBR4,17.31,234716052.0
2020-03-03,GGBR4,17.46,369881857.0
2020-03-04,GGBR4,18.33,292153937.0
2020-03-05,GGBR4,17.43,186238655.0
2020-03-06,GGBR4,16.15,345082675.0
2020-03-09,GGBR4,13.25,293949919.0
2020-03-10,GGBR4,14.34,344700118.0
2020-03-11,GGBR4,12.69,330978342.0
2020-03-12,GGBR4,10.6,358035735.0
2020-03-13,GGBR4,12.45,358985854.0
2020-03-16,GGBR4,10.69,224568763.0
2020-03-17,GGBR4,10.82,254044378.0
2020-03-18,GGBR4,9.51,177067195.0
2020-03-19,GGBR4,9.59,259954798.0
2020-03-20,GGBR4,9.25,224050259.0
2020-03-23,GGBR4,8.64,174910526.0
2020-03-24,GGBR4,9.52,207596290.0
2020-03-25,GGBR4,10.52,166977817.0
2020-03-26,GGBR4,10.93,191874496.0
2020-03-27,GGBR4,10.1,133622376.0
2020-03-30,GGBR4,9.78,144494637.0
2020-03-31,GGBR4,10.05,309087546.0
2020-04-01,GGBR4,9.57,253187032.0
2020-04-02,GGBR4,10.04,169093346.0
2020-05-04,GGBR4,11.47,121096276.0
2020-05-05,GGBR4,11.51,114163424.0
2020-05-06,GGBR4,11.64,182874618.0
2020-05-07,GGBR4,12.45,496882718.0
2020-05-08,GGBR4,13.0,370828751.0
2020-05-11,GGBR4,12.5,269778835.0
2020-05-12,GGBR4,12.13,176618907.0
2020-05-13,GGBR4,11.63,207287157.0
2020-05-14,GGBR4,11.74,385625548.0
2020-05-15,GGBR4,10.92,368432700.0
2020-05-18,GGBR4,11.82,267247618.0
2020-05-19,GGBR4,11.8,182403109.0
2020-05-20,GGBR4,11.92,151189552.0
2020-05-21,GGBR4,12.05,196110670.0
2020-05-22,GGBR4,11.6,173138129.0
2020-05-25,GGBR4,12.36,137117505.0
2020-05-26,GGBR4,11.95,217499517.0
2020-05-27,GGBR4,13.26,258882008.0
2020-05-28,GGBR4,13.53,242228737.0
2020-05-29,GGBR4,13.43,365055957.0
2020-06-01,GGBR4,13.52,148806263.0
2020-06-02,GGBR4,14.36,271330164.0
2020-06-03,GGBR4,15.34,670547990.0
2020-06-04,GGBR4,15.36,241003775.0
2020-06-05,GGBR4,15.17,265938006.0
2020-06-08,GGBR4,15.5,271664437.0
2020-06-09,GGBR4,14.96,288169797.0
2020-06-10,GGBR4,14.34,284996692.0
2020-06-12,GGBR4,13.88,255069703.0
2020-06-15,GGBR4,13.55,231039253.0
2020-06-16,GGBR4,14.8,530656497.0
2020-06-17,GGBR4,14.72,200500564.0
2020-06-18,GGBR4,15.3,297631126.0
2020-06-19,GGBR4,15.45,515357332.0
2020-06-22,GGBR4,15.22,199343547.0
2020-06-23,GGBR4,15.51,309332875.0
2020-06-24,GGBR4,15.74,385770538.0
2020-06-25,GGBR4,15.66,160785702.0
2020-06-26,GGBR4,15.18,225249604.0
2020-06-29,GGBR4,15.69,214145544.0
2020-06-30,GGBR4,16.01,233419804.0
2020-07-01,GGBR4,15.48,381799299.0
2020-07-02,GGBR4,15.78,227826508.0
2020-07-03,GGBR4,15.71,72694717.0
2020-07-06,GGBR4,16.15,198305223.0
2020-07-07,GGBR4,15.77,188319750.0
2020-07-08,GGBR4,15.96,247856730.0
2020-07-09,GGBR4,16.05,205236050.0
2020-07-10,GGBR4,16.1,221062048.0
2020-07-13,GGBR4,16.26,268954482.0
2020-07-14,GGBR4,16.6,305441944.0
2020-07-15,GGBR4,16.55,206776437.0
2020-07-16,GGBR4,16.24,149795494.0
2020-07-17,GGBR4,16.31,190419860.0
2020-07-20,GGBR4,16.31,150622752.0
2020-07-21,GGBR4,16.15,148310823.0
2020-07-22,GGBR4,16.74,469243535.0
2020-07-23,GGBR4,16.39,235957107.0
2020-07-24,GGBR4,17.14,389884673.0
2020-07-27,GGBR4,17.84,435818509.0
2020-07-28,GGBR4,17.73,212335872.0
2020-07-29,GGBR4,17.99,195182036.0
2020-07-30,GGBR4,17.74,137862205.0
2020-07-31,GGBR4,17.45,183599494.0
2020-09-02,GGBR4,19.79,197859224.0
2020-09-03,GGBR4,19.38,246786183.0
2020-09-04,GGBR4,19.92,275192455.0
2020-09-08,GGBR4,19.69,167748670.0
2020-09-09,GGBR4,20.53,287749939.0
2020-09-10,GGBR4,19.85,194827796.0
2020-09-11,GGBR4,19.91,204471491.0
2020-09-14,GGBR4,20.28,207438353.0
2020-09-15,GGBR4,21.45,522762563.0
2020-09-16,GGBR4,21.19,269103629.0
2020-09-17,GGBR4,21.44,303479019.0
2020-09-18,GGBR4,20.96,477142384.0
2020-09-21,GGBR4,20.59,423889148.0
2020-09-22,GGBR4,20.72,161709588.0
2020-09-23,GGBR4,20.65,239973424.0
2020-09-24,GGBR4,20.68,258685080.0
2020-09-25,GGBR4,20.51,257412160.0
2020-09-28,GGBR4,20.54,259515893.0
2020-09-29,GGBR4,20.21,254697956.0
2020-09-30,GGBR4,20.8,355212569.0
2020-10-01,GGBR4,20.75,326305841.0
2020-10-02,GGBR4,20.6,216399730.0
2020-10-05,GGBR4,21.8,267524547.0
2020-10-06,GGBR4,21.7,293665897.0
2020-10-07,GGBR4,22.4,429272894.0
2020-10-08,GGBR4,22.25,365632085.0
2020-10-09,GGBR4,21.8,407805488.0
2020-10-13,GGBR4,21.98,285318919.0
2020-10-14,GGBR4,22.11,178499035.0
2020-10-15,GGBR4,22.67,250391213.0
2020-10-16,GGBR4,22.82,287935055.0
2020-10-19,GGBR4,22.75,391794253.0
2020-10-20,GGBR4,23.0,210349468.0
2020-10-21,GGBR4,23.06,193205665.0
2020-10-22,GGBR4,23.18,274748664.0
2020-10-23,GGBR4,23.28,264891857.0
2020-10-26,GGBR4,23.06,220731435.0
2020-10-27,GGBR4,23.61,429017927.0
2020-10-28,GGBR4,22.22,420210554.0
2020-10-29,GGBR4,22.5,491824796.0
2020-10-30,GGBR4,21.81,290436226.0
2020-11-03,GGBR4,23.18,437786293.0
2020-11-04,GGBR4,22.28,358448148.0
2020-11-05,GGBR4,22.35,387218357.0
2020-11-06,GGBR4,22.51,250294260.0
2020-11-09,GGBR4,22.0,467266695.0
2020-11-10,GGBR4,20.83,713360222.0
2020-11-11,GGBR4,20.93,287243186.0
2020-11-12,GGBR4,20.68,276758755.0
2020-11-13,GGBR4,20.93,154381153.0
2020-11-16,GGBR4,20.99,243710723.0
2020-11-17,GGBR4,21.39,358939539.0
2020-11-18,GGBR4,20.97,291016521.0
2020-11-19,GGBR4,21.24,176742499.0
2020-11-20,GGBR4,21.41,204911226.0
2020-11-23,GGBR4,22.05,283762788.0
2020-11-24,GGBR4,22.62,331612684.0
2020-11-25,GGBR4,22.54,321265557.0
2020-11-26,GGBR4,22.97,173772842.0
2020-11-27,GGBR4,22.76,264017245.0
2020-11-30,GGBR4,22.6,307308716.0
2020-12-01,GGBR4,23.8,552449875.0
2020-12-02,GGBR4,23.44,400259161.0
2019-09-02,GNDI3,57.0,222111723.0
2019-09-03,GNDI3,57.4,234187964.0
2019-09-04,GNDI3,56.0,190542664.0
2019-09-05,GNDI3,55.3,376402212.0
2019-09-06,GNDI3,54.42,206049196.0
2019-09-09,GNDI3,52.49,205474948.0
2019-09-10,GNDI3,52.5,179850405.0
2019-09-11,GNDI3,54.33,146222872.0
2019-09-12,GNDI3,53.39,139233793.0
2019-09-13,GNDI3,52.75,92256118.0
2019-09-16,GNDI3,54.55,152698854.0
2019-09-17,GNDI3,55.75,235641045.0
2019-09-18,GNDI3,54.56,121738482.0
2019-09-19,GNDI3,53.63,80314407.0
2019-09-20,GNDI3,54.01,170121348.0
2019-09-23,GNDI3,54.13,94402260.0
2019-09-24,GNDI3,52.85,129576171.0
2019-09-25,GNDI3,53.2,265149697.0
2019-09-26,GNDI3,53.2,259777648.0
2019-09-27,GNDI3,53.6,129848533.0
2019-09-30,GNDI3,54.25,104132826.0
2019-10-01,GNDI3,53.52,86379040.0
2019-10-02,GNDI3,53.5,165611121.0
2019-10-03,GNDI3,54.5,81536927.0
2019-10-04,GNDI3,56.5,286343533.0
2019-10-07,GNDI3,56.15,123353159.0
2019-10-08,GNDI3,56.27,235228873.0
2019-10-09,GNDI3,56.46,107756235.0
2019-10-10,GNDI3,57.76,140131781.0
2019-10-11,GNDI3,59.5,353063928.0
2019-10-14,GNDI3,59.55,181041211.0
2019-10-15,GNDI3,60.7,109184352.0
2019-10-16,GNDI3,62.12,277292993.0
2019-10-17,GNDI3,61.62,288881576.0
2019-10-18,GNDI3,61.99,88984199.0
2019-10-21,GNDI3,62.35,94725279.0
2019-10-22,GNDI3,60.6,196875591.0
2019-10-23,GNDI3,60.15,146917430.0
2019-10-24,GNDI3,61.04,101459802.0
2019-10-25,GNDI3,60.54,125898952.0
2019-10-28,GNDI3,60.3,86034788.0
2019-10-29,GNDI3,60.3,96751540.0
2019-10-30,GNDI3,60.13,450594728.0
2019-10-31,GNDI3,60.0,88431346.0
2019-11-01,GNDI3,60.85,104754136.0
2019-11-04,GNDI3,59.08,466425647.0
2019-11-05,GNDI3,59.06,190339709.0
2019-11-06,GNDI3,59.28,100430120.0
2019-11-07,GNDI3,59.04,262954522.0
2019-11-08,GNDI3,58.78,207284806.0
2019-11-11,GNDI3,59.44,149349671.0
2019-11-12,GNDI3,58.3,274012297.0
2019-11-13,GNDI3,58.8,114296499.0
2019-11-14,GNDI3,57.54,196894430.0
2019-11-18,GNDI3,56.4,137881387.0
2019-11-19,GNDI3,57.0,81071647.0
2019-11-21,GNDI3,58.69,143964450.0
2019-11-22,GNDI3,60.15,114665627.0
2019-11-25,GNDI3,59.85,133422856.0
2019-11-26,GNDI3,59.0,224302639.0
2019-11-27,GNDI3,57.51,141409636.0
2019-11-28,GNDI3,57.26,109788120.0
2019-11-29,GNDI3,56.69,207007895.0
2019-12-02,GNDI3,59.19,213681403.0
2020-01-02,GNDI3,71.66,286526192.0
2020-01-03,GNDI3,73.0,589432949.0
2020-01-06,GNDI3,69.99,388947929.0
2020-01-07,GNDI3,67.6,358394499.0
2020-01-08,GNDI3,68.0,193333346.0
2020-01-09,GNDI3,68.37,143078829.0
2020-01-10,GNDI3,68.78,221009809.0
2020-01-13,GNDI3,69.96,285673788.0
2020-01-14,GNDI3,70.92,160171598.0
2020-01-15,GNDI3,72.88,231002825.0
2020-01-16,GNDI3,71.9,268015109.0
2020-01-17,GNDI3,74.1,214321533.0
2020-01-20,GNDI3,76.33,117448583.0
2020-01-21,GNDI3,74.47,271233722.0
2020-01-22,GNDI3,74.54,233654909.0
2020-01-23,GNDI3,72.65,521151892.0
2020-01-24,GNDI3,70.65,343636621.0
2020-01-27,GNDI3,68.21,453303684.0
2020-01-28,GNDI3,70.49,275859748.0
2020-01-29,GNDI3,70.49,201431642.0
2020-01-30,GNDI3,70.32,183317952.0
2020-01-31,GNDI3,70.21,206691985.0
2020-02-03,GNDI3,73.44,226903418.0
2020-02-04,GNDI3,73.5,217144322.0
2020-02-05,GNDI3,72.49,285448326.0
2020-02-06,GNDI3,72.0,211278463.0
2020-02-07,GNDI3,70.14,131083704.0
2020-02-10,GNDI3,68.4,157245395.0
2020-02-11,GNDI3,70.23,191106783.0
2020-02-12,GNDI3,72.64,230876245.0
2020-02-13,GNDI3,72.5,166440952.0
2020-02-14,GNDI3,72.04,103418649.0
2020-02-17,GNDI3,72.42,78260618.0
2020-02-18,GNDI3,71.71,189869584.0
2020-02-19,GNDI3,71.99,154415363.0
2020-02-20,GNDI3,71.17,165891052.0
2020-02-21,GNDI3,69.17,269469581.0
2020-02-26,GNDI3,63.0,580105317.0
2020-02-27,GNDI3,61.9,587860989.0
2020-02-28,GNDI3,63.23,433985278.0
2020-03-02,GNDI3,64.04,294486463.0
2020-03-03,GNDI3,64.0,424065802.0
2020-03-04,GNDI3,63.0,287706326.0
2020-03-05,GNDI3,60.0,475205514.0
2020-03-06,GNDI3,59.0,348811821.0
2020-03-09,GNDI3,51.0,537951213.0
2020-03-10,GNDI3,54.95,432805351.0
2020-03-11,GNDI3,49.0,306198938.0
2020-03-12,GNDI3,41.4,193799028.0
2020-03-13,GNDI3,46.2,510831882.0
2020-03-16,GNDI3,40.75,561422780.0
2020-03-17,GNDI3,41.6,487131469.0
2020-03-18,GNDI3,33.5,444258707.0
2020-03-19,GNDI3,36.15,272336523.0
2020-03-20,GNDI3,39.99,428263091.0
2020-03-23,GNDI3,39.64,266461657.0
2020-03-24,GNDI3,44.3,362855773.0
2020-03-25,GNDI3,48.5,265528083.0
2020-03-26,GNDI3,53.11,312137209.0
2020-03-27,GNDI3,47.74,237958065.0
2020-03-30,GNDI3,48.0,164788499.0
2020-03-31,GNDI3,44.96,213484134.0
2020-04-01,GNDI3,41.42,316143983.0
2020-04-02,GNDI3,42.46,221551898.0
2020-05-04,GNDI3,53.5,228097989.0
2020-05-05,GNDI3,54.7,194951375.0
2020-05-06,GNDI3,54.26,236568297.0
2020-05-07,GNDI3,56.49,408884597.0
2020-05-08,GNDI3,55.69,189819411.0
2020-05-11,GNDI3,53.77,151005528.0
2020-05-12,GNDI3,54.37,155617410.0
2020-05-13,GNDI3,53.12,168354953.0
2020-05-14,GNDI3,52.59,322870639.0
2020-05-15,GNDI3,52.34,267199246.0
2020-05-18,GNDI3,55.38,148312365.0
2020-05-19,GNDI3,55.32,100855537.0
2020-05-20,GNDI3,55.47,136708857.0
2020-05-21,GNDI3,56.52,329126882.0
2020-05-22,GNDI3,56.59,178245204.0
2020-05-25,GNDI3,59.5,107562385.0
2020-05-26,GNDI3,62.4,267094866.0
2020-05-27,GNDI3,62.4,172294862.0
2020-05-28,GNDI3,62.59,178702646.0
2020-05-29,GNDI3,62.3,416691403.0
2020-06-01,GNDI3,61.75,259000276.0
2020-06-02,GNDI3,63.26,286795692.0
2020-06-03,GNDI3,62.75,423200206.0
2020-06-04,GNDI3,62.48,240630153.0
2020-06-05,GNDI3,64.1,229778772.0
2020-06-08,GNDI3,64.24,193329591.0
2020-06-09,GNDI3,63.66,149519210.0
2020-06-10,GNDI3,64.0,267034970.0
2020-06-12,GNDI3,63.84,362879529.0
2020-06-15,GNDI3,62.9,225023792.0
2020-06-16,GNDI3,62.84,454420464.0
2020-06-17,GNDI3,63.0,850935336.0
2020-06-18,GNDI3,62.98,333355825.0
2020-06-19,GNDI3,64.67,342681120.0
2020-06-22,GNDI3,63.98,269116439.0
2020-06-23,GNDI3,66.27,287321440.0
2020-06-24,GNDI3,65.17,158237379.0
2020-06-25,GNDI3,66.5,248572067.0
2020-06-26,GNDI3,66.52,271215510.0
2020-06-29,GNDI3,68.01,125325060.0
2020-06-30,GNDI3,68.01,175598703.0
2020-07-01,GNDI3,68.28,144975832.0
2020-07-02,GNDI3,65.5,496288179.0
2020-07-03,GNDI3,65.8,307376108.0
2020-07-06,GNDI3,65.96,168620727.0
2020-07-07,GNDI3,64.47,197706159.0
2020-07-08,GNDI3,64.59,146915706.0
2020-07-09,GNDI3,64.91,153107557.0
2020-07-10,GNDI3,63.75,107658860.0
2020-07-13,GNDI3,61.7,202977541.0
2020-07-14,GNDI3,64.11,380327085.0
2020-07-15,GNDI3,64.28,161267514.0
2020-07-16,GNDI3,63.03,114363919.0
2020-07-17,GNDI3,67.42,276615198.0
2020-07-20,GNDI3,69.11,121406067.0
2020-07-21,GNDI3,68.27,178076403.0
2020-07-22,GNDI3,69.65,162354488.0
2020-07-23,GNDI3,67.21,183406370.0
2020-07-24,GNDI3,68.06,157377308.0
2020-07-27,GNDI3,67.01,308322667.0
2020-07-28,GNDI3,68.05,131403505.0
2020-07-29,GNDI3,67.42,116656127.0
2020-07-30,GNDI3,68.9,148928887.0
2020-07-31,GNDI3,66.76,162590557.0
2020-09-02,GNDI3,73.68,157503960.0
2020-09-03,GNDI3,74.33,215413199.0
2020-09-04,GNDI3,74.58,600559043.0
2020-09-08,GNDI3,74.28,277442954.0
2020-09-09,GNDI3,75.17,204585079.0
2020-09-10,GNDI3,72.6,234334029.0
2020-09-11,GNDI3,69.86,229253497.0
2020-09-14,GNDI3,73.0,127020252.0
2020-09-15,GNDI3,71.27,197784730.0
2020-09-16,GNDI3,71.86,180582677.0
2020-09-17,GNDI3,69.7,232209630.0
2020-09-18,GNDI3,69.43,294372966.0
2020-09-21,GNDI3,69.17,170081182.0
2020-09-22,GNDI3,68.44,180033496.0
2020-09-23,GNDI3,66.81,167596438.0
2020-09-24,GNDI3,67.87,129782861.0
2020-09-25,GNDI3,67.68,132945257.0
2020-09-28,GNDI3,64.16,188745056.0
2020-09-29,GNDI3,63.6,280824823.0
2020-09-30,GNDI3,65.06,185401489.0
2020-10-01,GNDI3,65.89,180304320.0
2020-10-02,GNDI3,64.25,144435122.0
2020-10-05,GNDI3,65.73,183665643.0
2020-10-06,GNDI3,64.2,499098960.0
2020-10-07,GNDI3,64.99,229654470.0
2020-10-08,GNDI3,66.06,251307470.0
2020-10-09,GNDI3,64.7,186425944.0
2020-10-13,GNDI3,66.95,193548630.0
2020-10-14,GNDI3,68.72,301106372.0
2020-10-15,GNDI3,67.07,167838261.0
2020-10-16,GNDI3,65.03,164588346.0
2020-10-19,GNDI3,65.13,190181645.0
2020-10-20,GNDI3,65.3,153328934.0
2020-10-21,GNDI3,65.51,144426054.0
2020-10-22,GNDI3,66.43,214468202.0
2020-10-23,GNDI3,64.34,151733800.0
2020-10-26,GNDI3,66.53,151104057.0
2020-10-27,GNDI3,66.87,187027414.0
2020-10-28,GNDI3,65.93,142434160.0
2020-10-29,GNDI3,67.46,161754320.0
2020-10-30,GNDI3,65.75,240178238.0
2020-11-03,GNDI3,67.5,255865475.0
2020-11-04,GNDI3,71.79,342197141.0
2020-11-05,GNDI3,72.72,274400857.0
2020-11-06,GNDI3,73.86,267498872.0
2020-11-09,GNDI3,72.1,325470135.0
2020-11-10,GNDI3,69.36,331435086.0
2020-11-11,GNDI3,68.9,199657038.0
2020-11-12,GNDI3,69.33,282955149.0
2020-11-13,GNDI3,74.5,412714749.0
2020-11-16,GNDI3,73.98,241604971.0
2020-11-17,GNDI3,71.8,575925448.0
2020-11-18,GNDI3,71.0,193179329.0
2020-11-19,GNDI3,70.39,234848656.0
2020-11-20,GNDI3,69.88,196729415.0
2020-11-23,GNDI3,71.48,225224974.0
2020-11-24,GNDI3,70.59,176510023.0
2020-11-25,GNDI3,72.35,245833089.0
2020-11-26,GNDI3,70.48,164178540.0
2020-11-27,GNDI3,69.5,756953996.0
2020-11-30,GNDI3,68.5,488647067.0
2020-12-01,GNDI3,70.07,714572937.0
2020-12-02,GNDI3,73.14,962649640.0
2019-01-04,GOAU4,7.37,108643241.0
2019-01-07,GOAU4,7.42,76223757.0
2019-01-08,GOAU4,7.37,38899479.0
2019-01-09,GOAU4,7.55,97012952.0
2019-01-10,GOAU4,7.52,61360730.0
2019-01-11,GOAU4,7.34,114181304.0
2019-01-14,GOAU4,7.34,53418343.0
2019-01-15,GOAU4,7.2,88809065.0
2019-01-16,GOAU4,7.16,84443082.0
2019-01-17,GOAU4,7.26,71337639.0
2019-01-18,GOAU4,7.36,81589956.0
2019-01-21,GOAU4,7.4,43382693.0
2019-01-22,GOAU4,7.19,94772413.0
2019-01-23,GOAU4,7.42,113858673.0
2019-01-24,GOAU4,7.54,100249523.0
2019-01-28,GOAU4,7.29,125604067.0
2019-01-29,GOAU4,7.36,69558076.0
2019-01-30,GOAU4,7.65,108108571.0
2019-01-31,GOAU4,7.45,145516928.0
2019-02-01,GOAU4,7.51,86562357.0
2019-02-04,GOAU4,7.5,101082319.0
2019-02-05,GOAU4,7.49,57037348.0
2019-02-06,GOAU4,7.12,77732432.0
2019-02-07,GOAU4,7.17,89517171.0
2019-02-08,GOAU4,7.17,76728714.0
2019-02-11,GOAU4,7.17,46237876.0
2019-02-12,GOAU4,7.29,48954366.0
2019-02-13,GOAU4,7.33,57642648.0
2019-02-14,GOAU4,7.4,50655802.0
2019-02-15,GOAU4,7.32,41418899.0
2019-02-18,GOAU4,7.31,23181422.0
2019-02-19,GOAU4,7.23,44163255.0
2019-02-20,GOAU4,7.34,88114878.0
2019-02-21,GOAU4,7.09,155429020.0
2019-02-22,GOAU4,7.27,91887145.0
2019-02-25,GOAU4,7.27,53255506.0
2019-02-26,GOAU4,7.31,43344196.0
2019-02-27,GOAU4,7.36,60194986.0
2019-02-28,GOAU4,7.18,48040225.0
2019-03-01,GOAU4,7.1,40791447.0
2019-03-06,GOAU4,7.13,38451272.0
2019-03-07,GOAU4,7.0,66054414.0
2019-03-08,GOAU4,7.05,48876586.0
2019-03-11,GOAU4,7.08,48929958.0
2019-03-12,GOAU4,7.06,40578024.0
2019-03-13,GOAU4,7.21,66809436.0
2019-03-14,GOAU4,7.15,78298316.0
2019-03-15,GOAU4,7.28,70907339.0
2019-03-18,GOAU4,7.45,82853336.0
2019-03-19,GOAU4,7.62,141398541.0
2019-03-20,GOAU4,7.43,65815602.0
2019-03-21,GOAU4,7.39,71570256.0
2019-03-22,GOAU4,7.05,90030933.0
2019-03-25,GOAU4,7.06,46541509.0
2019-03-26,GOAU4,7.15,68936052.0
2019-03-27,GOAU4,6.85,114213425.0
2019-03-28,GOAU4,7.05,71350717.0
2019-03-29,GOAU4,7.11,45233748.0
2019-04-01,GOAU4,7.55,138791501.0
2019-04-02,GOAU4,7.49,82444297.0
2019-05-03,GOAU4,6.84,66801071.0
2019-05-06,GOAU4,6.75,34372636.0
2019-05-07,GOAU4,6.72,48103124.0
2019-05-08,GOAU4,6.84,76585636.0
2019-05-09,GOAU4,6.75,44300796.0
2019-05-10,GOAU4,6.75,45707381.0
2019-05-13,GOAU4,6.53,82341053.0
2019-05-14,GOAU4,6.64,64006667.0
2019-05-15,GOAU4,6.51,50810701.0
2019-05-16,GOAU4,6.38,62561782.0
2019-05-17,GOAU4,6.41,50198926.0
2019-05-20,GOAU4,6.49,48231190.0
2019-05-21,GOAU4,6.73,87471189.0
2019-05-22,GOAU4,6.71,38652763.0
2019-05-23,GOAU4,6.52,59756132.0
2019-05-24,GOAU4,6.52,31826618.0
2019-05-27,GOAU4,6.5,28190167.0
2019-05-28,GOAU4,6.59,48835814.0
2019-05-29,GOAU4,6.59,41259670.0
2019-05-30,GOAU4,6.55,48641109.0
2019-05-31,GOAU4,6.48,51709436.0
2019-06-03,GOAU4,6.48,34987073.0
2019-06-04,GOAU4,6.45,47196171.0
2019-06-05,GOAU4,6.35,41726993.0
2019-06-06,GOAU4,6.35,71757537.0
2019-06-07,GOAU4,6.53,49822847.0
2019-06-10,GOAU4,6.69,36255631.0
2019-06-11,GOAU4,6.91,72991922.0
2019-06-12,GOAU4,6.8,40330513.0
2019-06-13,GOAU4,6.92,77193504.0
2019-06-14,GOAU4,6.76,37840483.0
2019-06-17,GOAU4,6.69,32456794.0
2019-06-18,GOAU4,6.99,70992715.0
2019-06-19,GOAU4,7.11,74168456.0
2019-06-21,GOAU4,7.17,60471586.0
2019-06-24,GOAU4,7.19,43361472.0
2019-06-25,GOAU4,6.99,68097101.0
2019-06-26,GOAU4,7.15,69536716.0
2019-06-27,GOAU4,7.1,63788330.0
2019-06-28,GOAU4,7.24,63308145.0
2019-07-01,GOAU4,7.15,79701929.0
2019-07-02,GOAU4,6.95,97895443.0
2019-07-03,GOAU4,7.05,91290164.0
2019-07-04,GOAU4,7.22,79959564.0
2019-07-05,GOAU4,7.23,77815972.0
2019-07-08,GOAU4,7.27,45753397.0
2019-07-10,GOAU4,7.23,90799541.0
2019-07-11,GOAU4,7.05,126972705.0
2019-07-12,GOAU4,6.96,54677451.0
2019-07-15,GOAU4,7.09,51004872.0
2019-07-16,GOAU4,7.06,124357939.0
2019-07-17,GOAU4,7.0,62519652.0
2019-07-18,GOAU4,6.91,82243209.0
2019-07-19,GOAU4,6.9,56291586.0
2019-07-22,GOAU4,6.77,77284507.0
2019-07-23,GOAU4,6.81,47019168.0
2019-07-24,GOAU4,6.69,69565246.0
2019-07-25,GOAU4,6.63,57982895.0
2019-07-26,GOAU4,6.7,62578991.0
2019-07-29,GOAU4,6.71,33041011.0
2019-07-30,GOAU4,6.82,50923569.0
2019-07-31,GOAU4,6.65,71600939.0
2019-08-01,GOAU4,6.57,79705060.0
2019-08-02,GOAU4,6.56,52141497.0
2019-09-02,GOAU4,6.16,38607933.0
2019-09-03,GOAU4,6.13,44221707.0
2019-09-04,GOAU4,6.09,53303294.0
2019-09-05,GOAU4,6.15,63042092.0
2019-09-06,GOAU4,6.12,48632587.0
2019-09-09,GOAU4,6.38,101223298.0
2019-09-10,GOAU4,6.54,111441724.0
2019-09-11,GOAU4,6.42,66607101.0
2019-09-12,GOAU4,6.55,87186424.0
2019-09-13,GOAU4,6.5,46784546.0
2019-09-16,GOAU4,6.44,61536282.0
2019-09-17,GOAU4,6.51,40422308.0
2019-09-18,GOAU4,6.47,39833393.0
2019-09-19,GOAU4,6.45,41067735.0
2019-09-20,GOAU4,6.39,57896298.0
2019-09-23,GOAU4,6.4,29079863.0
2019-09-24,GOAU4,6.26,47230606.0
2019-09-25,GOAU4,6.29,103921508.0
2019-09-26,GOAU4,6.27,125336222.0
2019-09-27,GOAU4,6.24,50521496.0
2019-09-30,GOAU4,6.25,80215403.0
2019-10-01,GOAU4,6.23,62761405.0
2019-10-02,GOAU4,5.99,119823455.0
2019-10-03,GOAU4,6.05,88834244.0
2019-10-04,GOAU4,6.14,69109276.0
2019-10-07,GOAU4,5.98,52855129.0
2019-10-08,GOAU4,5.85,90121907.0
2019-10-09,GOAU4,5.83,74177826.0
2019-10-10,GOAU4,6.12,111841099.0
2019-10-11,GOAU4,6.31,86686875.0
2019-10-14,GOAU4,6.3,51469321.0
2019-10-15,GOAU4,6.37,47168832.0
2019-10-16,GOAU4,6.29,58374970.0
2019-10-17,GOAU4,6.3,73948604.0
2019-10-18,GOAU4,6.15,68817251.0
2019-10-21,GOAU4,6.2,47507572.0
2019-10-22,GOAU4,6.2,72966011.0
2019-10-23,GOAU4,6.18,60458251.0
2019-10-24,GOAU4,6.03,79990370.0
2019-10-25,GOAU4,6.2,64725609.0
2019-10-28,GOAU4,6.19,41097356.0
2019-10-29,GOAU4,6.16,51494618.0
2019-10-30,GOAU4,6.4,104136597.0
2019-10-31,GOAU4,6.29,110027976.0
2019-11-01,GOAU4,6.55,97431514.0
2019-11-04,GOAU4,6.82,135485435.0
2019-11-05,GOAU4,6.87,77746648.0
2019-11-06,GOAU4,6.87,77828413.0
2019-11-07,GOAU4,7.11,177828650.0
2019-11-08,GOAU4,7.05,95008599.0
2019-11-11,GOAU4,7.12,64738642.0
2019-11-12,GOAU4,7.11,76429314.0
2019-11-13,GOAU4,7.11,51154986.0
2019-11-14,GOAU4,7.18,53589390.0
2019-11-18,GOAU4,7.11,80244784.0
2019-11-19,GOAU4,7.12,53389678.0
2019-11-21,GOAU4,7.63,150781934.0
2019-11-22,GOAU4,7.76,93037030.0
2019-11-25,GOAU4,7.81,127853339.0
2019-11-26,GOAU4,8.0,127189277.0
2019-11-27,GOAU4,7.99,85350822.0
2019-11-28,GOAU4,7.9,68039897.0
2019-11-29,GOAU4,7.8,63950856.0
2019-12-02,GOAU4,8.05,119003930.0
2020-01-02,GOAU4,9.68,115355246.0
2020-01-03,GOAU4,9.7,150261198.0
2020-01-06,GOAU4,9.65,112525437.0
2020-01-07,GOAU4,9.72,118765043.0
2020-01-08,GOAU4,9.66,97770858.0
2020-01-09,GOAU4,9.67,83131201.0
2020-01-10,GOAU4,9.88,92731272.0
2020-01-13,GOAU4,10.4,116550627.0
2020-01-14,GOAU4,10.15,109883592.0
2020-01-15,GOAU4,10.17,128702708.0
2020-01-16,GOAU4,10.21,101848663.0
2020-01-17,GOAU4,10.42,69333202.0
2020-01-20,GOAU4,10.85,90533317.0
2020-01-21,GOAU4,10.51,109087226.0
2020-01-22,GOAU4,10.71,117293112.0
2020-01-23,GOAU4,10.62,141256165.0
2020-01-24,GOAU4,10.38,158391426.0
2020-01-27,GOAU4,9.6,182210161.0
2020-01-28,GOAU4,9.86,98975979.0
2020-01-29,GOAU4,9.67,104323497.0
2020-01-30,GOAU4,9.9,126633371.0
2020-01-31,GOAU4,9.53,109646729.0
2020-02-03,GOAU4,9.89,111891917.0
2020-02-04,GOAU4,10.08,104167622.0
2020-02-05,GOAU4,10.24,118734889.0
2020-02-06,GOAU4,9.88,149273900.0
2020-02-07,GOAU4,9.47,133933959.0
2020-02-10,GOAU4,9.42,64395025.0
2020-02-11,GOAU4,9.83,151471715.0
2020-02-12,GOAU4,10.01,90068888.0
2020-02-13,GOAU4,10.01,83298996.0
2020-02-14,GOAU4,9.67,89645850.0
2020-02-17,GOAU4,9.76,60233537.0
2020-02-18,GOAU4,9.64,62439510.0
2020-02-19,GOAU4,10.14,214466887.0
2020-02-20,GOAU4,9.39,178876311.0
2020-02-21,GOAU4,9.08,218025735.0
2020-02-26,GOAU4,8.0,162819502.0
2020-02-27,GOAU4,7.87,149133162.0
2020-02-28,GOAU4,7.95,231938410.0
2020-03-02,GOAU4,8.22,115648236.0
2020-03-03,GOAU4,8.17,129840008.0
2020-03-04,GOAU4,8.65,146421121.0
2020-03-05,GOAU4,8.15,116481064.0
2020-03-06,GOAU4,7.6,131495598.0
2020-03-09,GOAU4,6.25,152060183.0
2020-03-10,GOAU4,6.79,168509508.0
2020-03-11,GOAU4,5.97,172290139.0
2020-03-12,GOAU4,4.7,171743450.0
2020-03-13,GOAU4,5.67,146368057.0
2020-03-16,GOAU4,5.04,108348361.0
2020-03-17,GOAU4,5.04,109796506.0
2020-03-18,GOAU4,4.32,106969333.0
2020-03-19,GOAU4,4.24,127777921.0
2020-03-20,GOAU4,4.15,101434227.0
2020-03-23,GOAU4,3.84,75681595.0
2020-03-24,GOAU4,4.17,61555826.0
2020-03-25,GOAU4,4.56,93478750.0
2020-03-26,GOAU4,4.81,133289070.0
2020-03-27,GOAU4,4.6,76889151.0
2020-03-30,GOAU4,4.5,66419332.0
2020-03-31,GOAU4,4.65,122649232.0
2020-04-01,GOAU4,4.46,68791442.0
2020-04-02,GOAU4,4.56,86808893.0
2020-05-04,GOAU4,5.1,61748689.0
2020-05-05,GOAU4,5.14,59502605.0
2020-05-06,GOAU4,5.2,76217792.0
2020-05-07,GOAU4,5.54,132665050.0
2020-05-08,GOAU4,5.83,121609045.0
2020-05-11,GOAU4,5.64,77453019.0
2020-05-12,GOAU4,5.44,71433622.0
2020-05-13,GOAU4,5.17,83282640.0
2020-05-14,GOAU4,5.25,95965179.0
2020-05-15,GOAU4,4.95,95006944.0
2020-05-18,GOAU4,5.42,81622644.0
2020-05-19,GOAU4,5.43,72314182.0
2020-05-20,GOAU4,5.42,54945884.0
2020-05-21,GOAU4,5.48,79187245.0
2020-05-22,GOAU4,5.32,40707080.0
2020-05-25,GOAU4,5.62,45207455.0
2020-05-26,GOAU4,5.44,89435858.0
2020-05-27,GOAU4,6.08,147273968.0
2020-05-28,GOAU4,6.2,132796809.0
2020-05-29,GOAU4,6.17,126935130.0
2020-06-01,GOAU4,6.21,74919971.0
2020-06-02,GOAU4,6.48,160257219.0
2020-06-03,GOAU4,6.95,217933348.0
2020-06-04,GOAU4,7.04,113691528.0
2020-06-05,GOAU4,7.07,164207309.0
2020-06-08,GOAU4,7.23,131301219.0
2020-06-09,GOAU4,7.03,114282771.0
2020-06-10,GOAU4,6.77,136084497.0
2020-06-12,GOAU4,6.51,130166109.0
2020-06-15,GOAU4,6.42,103033658.0
2020-06-16,GOAU4,6.89,141465971.0
2020-06-17,GOAU4,6.85,122957030.0
2020-06-18,GOAU4,7.02,92966969.0
2020-06-19,GOAU4,7.06,197999152.0
2020-06-22,GOAU4,6.99,86310589.0
2020-06-23,GOAU4,7.16,128161784.0
2020-06-24,GOAU4,7.19,111297838.0
2020-06-25,GOAU4,7.15,84801369.0
2020-06-26,GOAU4,6.97,76299127.0
2020-06-29,GOAU4,7.11,73712812.0
2020-06-30,GOAU4,7.31,115114686.0
2020-07-01,GOAU4,7.07,145333457.0
2020-07-02,GOAU4,7.23,94864203.0
2020-07-03,GOAU4,7.27,36417383.0
2020-07-06,GOAU4,7.36,150044217.0
2020-07-07,GOAU4,7.26,76577293.0
2020-07-08,GOAU4,7.37,87956611.0
2020-07-09,GOAU4,7.33,79575754.0
2020-07-10,GOAU4,7.32,82321359.0
2020-07-13,GOAU4,7.41,144143892.0
2020-07-14,GOAU4,7.63,127613404.0
2020-07-15,GOAU4,7.66,112176197.0
2020-07-16,GOAU4,7.55,59638865.0
2020-07-17,GOAU4,7.6,50580575.0
2020-07-20,GOAU4,7.68,56514254.0
2020-07-21,GOAU4,7.57,91007606.0
2020-07-22,GOAU4,7.97,372659077.0
2020-07-23,GOAU4,7.67,164735103.0
2020-07-24,GOAU4,7.89,132665417.0
2020-07-27,GOAU4,8.25,187088356.0
2020-07-28,GOAU4,8.17,131249857.0
2020-07-29,GOAU4,8.22,135616672.0
2020-07-30,GOAU4,8.12,74002685.0
2020-07-31,GOAU4,8.04,83563470.0
2020-09-02,GOAU4,9.0,153573910.0
2020-09-03,GOAU4,8.82,171210754.0
2020-09-04,GOAU4,9.07,157474078.0
2020-09-08,GOAU4,8.93,133742136.0
2020-09-09,GOAU4,9.37,180524566.0
2020-09-10,GOAU4,9.01,121864005.0
2020-09-11,GOAU4,9.05,141702675.0
2020-09-14,GOAU4,9.14,121925740.0
2020-09-15,GOAU4,9.62,236936092.0
2020-09-16,GOAU4,9.44,147837696.0
2020-09-17,GOAU4,9.62,156847827.0
2020-09-18,GOAU4,9.44,217726497.0
2020-09-21,GOAU4,9.3,170588012.0
2020-09-22,GOAU4,9.32,103301053.0
2020-09-23,GOAU4,9.29,140101362.0
2020-09-24,GOAU4,9.28,153280488.0
2020-09-25,GOAU4,9.23,95073769.0
2020-09-28,GOAU4,9.18,144461765.0
2020-09-29,GOAU4,9.06,136373893.0
2020-09-30,GOAU4,9.4,271555264.0
2020-10-01,GOAU4,9.36,160757495.0
2020-10-02,GOAU4,9.25,103593388.0
2020-10-05,GOAU4,9.86,220006573.0
2020-10-06,GOAU4,9.72,131655786.0
2020-10-07,GOAU4,10.03,180008167.0
2020-10-08,GOAU4,9.93,123321819.0
2020-10-09,GOAU4,9.82,132624911.0
2020-10-13,GOAU4,9.87,108433395.0
2020-10-14,GOAU4,9.88,94253340.0
2020-10-15,GOAU4,10.12,107525113.0
2020-10-16,GOAU4,10.19,106747158.0
2020-10-19,GOAU4,10.15,116881895.0
2020-10-20,GOAU4,10.24,91157936.0
2020-10-21,GOAU4,10.32,84106953.0
2020-10-22,GOAU4,10.37,64345937.0
2020-10-23,GOAU4,10.39,113404471.0
2020-10-26,GOAU4,10.27,72471535.0
2020-10-27,GOAU4,10.51,153436959.0
2020-10-28,GOAU4,9.87,153336669.0
2020-10-29,GOAU4,10.07,155655480.0
2020-10-30,GOAU4,9.8,134912049.0
2020-11-03,GOAU4,10.4,150171242.0
2020-11-04,GOAU4,10.01,143669678.0
2020-11-05,GOAU4,10.09,153725807.0
2020-11-06,GOAU4,10.12,87170766.0
2020-11-09,GOAU4,9.92,183590532.0
2020-11-10,GOAU4,9.5,187563071.0
2020-11-11,GOAU4,9.6,110833207.0
2020-11-12,GOAU4,9.4,80431953.0
2020-11-13,GOAU4,9.49,68994484.0
2020-11-16,GOAU4,9.62,65924692.0
2020-11-17,GOAU4,9.73,116130045.0
2020-11-18,GOAU4,9.6,102220896.0
2020-11-19,GOAU4,9.65,127165668.0
2020-11-20,GOAU4,9.76,87654200.0
2020-11-23,GOAU4,10.0,119956118.0
2020-11-24,GOAU4,10.3,218380585.0
2020-11-25,GOAU4,10.26,96197560.0
2020-11-26,GOAU4,10.45,72358733.0
2020-11-27,GOAU4,10.34,115129987.0
2020-11-30,GOAU4,10.26,108273847.0
2020-12-01,GOAU4,10.82,145210203.0
2020-12-02,GOAU4,10.74,134720531.0
2019-01-04,GOLL4,25.0,79947332.0
2019-01-07,GOLL4,23.9,67089970.0
2019-01-08,GOLL4,23.59,100056513.0
2019-01-09,GOLL4,23.48,70801414.0
2019-01-10,GOLL4,23.25,63246823.0
2019-01-11,GOLL4,24.96,156858349.0
2019-01-14,GOLL4,25.16,93149342.0
2019-01-15,GOLL4,24.37,61784305.0
2019-01-16,GOLL4,23.89,59865791.0
2019-01-17,GOLL4,24.02,65376048.0
2019-01-18,GOLL4,24.21,95440085.0
2019-01-21,GOLL4,23.62,56376352.0
2019-01-22,GOLL4,22.81,79434833.0
2019-01-23,GOLL4,23.21,67817886.0
2019-01-24,GOLL4,23.43,59761997.0
2019-01-28,GOLL4,23.17,68708897.0
2019-01-29,GOLL4,23.05,47777505.0
2019-01-30,GOLL4,24.06,68232368.0
2019-01-31,GOLL4,24.72,110109229.0
2019-02-01,GOLL4,24.92,64545780.0
2019-02-04,GOLL4,26.98,153186588.0
2019-02-05,GOLL4,27.59,156376605.0
2019-02-06,GOLL4,26.79,90681123.0
2019-02-07,GOLL4,26.36,62224215.0
2019-02-08,GOLL4,27.03,63069782.0
2019-02-11,GOLL4,27.82,84663574.0
2019-02-12,GOLL4,28.54,99640686.0
2019-02-13,GOLL4,28.65,69885880.0
2019-02-14,GOLL4,28.5,110689752.0
2019-02-15,GOLL4,28.91,81940603.0
2019-02-18,GOLL4,28.26,40779948.0
2019-02-19,GOLL4,28.02,57673368.0
2019-02-20,GOLL4,28.25,81089397.0
2019-02-21,GOLL4,27.3,182170632.0
2019-02-22,GOLL4,27.6,70273846.0
2019-02-25,GOLL4,27.0,52197398.0
2019-02-26,GOLL4,27.5,73567488.0
2019-02-27,GOLL4,27.3,44149895.0
2019-02-28,GOLL4,26.66,61962237.0
2019-03-01,GOLL4,26.42,51208694.0
2019-03-06,GOLL4,26.4,38794889.0
2019-03-07,GOLL4,26.63,49683218.0
2019-03-08,GOLL4,27.05,72957451.0
2019-03-11,GOLL4,26.35,155965490.0
2019-03-12,GOLL4,26.55,105462619.0
2019-03-13,GOLL4,27.43,113571262.0
2019-03-14,GOLL4,26.8,77767678.0
2019-03-15,GOLL4,27.6,85292070.0
2019-03-18,GOLL4,28.86,101719823.0
2019-03-19,GOLL4,30.42,178688713.0
2019-03-20,GOLL4,30.69,160726883.0
2019-03-21,GOLL4,29.15,134787497.0
2019-03-22,GOLL4,27.26,118088880.0
2019-03-25,GOLL4,27.64,99930073.0
2019-03-26,GOLL4,27.55,68391629.0
2019-03-27,GOLL4,25.15,148081416.0
2019-03-28,GOLL4,25.61,127235456.0
2019-03-29,GOLL4,25.9,78250767.0
2019-04-01,GOLL4,25.65,66502661.0
2019-04-02,GOLL4,25.32,60024133.0
2019-05-03,GOLL4,23.69,106283701.0
2019-05-06,GOLL4,23.3,77146953.0
2019-05-07,GOLL4,23.5,89828134.0
2019-05-08,GOLL4,24.52,93783507.0
2019-05-09,GOLL4,24.84,98752408.0
2019-05-10,GOLL4,25.5,103282398.0
2019-05-13,GOLL4,23.71,100501623.0
2019-05-14,GOLL4,23.05,104207227.0
2019-05-15,GOLL4,22.66,96878167.0
2019-05-16,GOLL4,20.98,104496783.0
2019-05-17,GOLL4,20.5,108331867.0
2019-05-20,GOLL4,20.85,73247113.0
2019-05-21,GOLL4,22.3,105755612.0
2019-05-22,GOLL4,23.55,193506414.0
2019-05-23,GOLL4,23.64,144488226.0
2019-05-24,GOLL4,24.86,197917758.0
2019-05-27,GOLL4,25.5,88718335.0
2019-05-28,GOLL4,26.49,156410622.0
2019-05-29,GOLL4,26.49,154808651.0
2019-05-30,GOLL4,27.09,123010523.0
2019-05-31,GOLL4,26.98,107732627.0
2019-06-03,GOLL4,27.31,121152375.0
2019-06-04,GOLL4,28.11,118793391.0
2019-06-05,GOLL4,28.27,123716448.0
2019-06-06,GOLL4,29.25,109886073.0
2019-06-07,GOLL4,29.98,127095330.0
2019-06-10,GOLL4,30.87,117533297.0
2019-06-11,GOLL4,30.95,170620981.0
2019-06-12,GOLL4,30.67,82056850.0
2019-06-13,GOLL4,30.81,102463649.0
2019-06-14,GOLL4,30.32,87164568.0
2019-06-17,GOLL4,31.0,94430326.0
2019-06-18,GOLL4,31.95,104218203.0
2019-06-19,GOLL4,32.82,180114430.0
2019-06-21,GOLL4,32.2,186737437.0
2019-06-24,GOLL4,31.93,155205783.0
2019-06-25,GOLL4,31.4,140392651.0
2019-06-26,GOLL4,31.45,69927281.0
2019-06-27,GOLL4,31.61,65742099.0
2019-06-28,GOLL4,32.6,79406295.0
2019-07-01,GOLL4,31.91,103397453.0
2019-07-02,GOLL4,32.34,103657625.0
2019-07-03,GOLL4,35.44,253476267.0
2019-07-04,GOLL4,38.03,174919515.0
2019-07-05,GOLL4,40.4,607837243.0
2019-07-08,GOLL4,40.91,416538745.0
2019-07-10,GOLL4,40.73,252981632.0
2019-07-11,GOLL4,40.37,188336474.0
2019-07-12,GOLL4,39.11,137586553.0
2019-07-15,GOLL4,38.16,202974716.0
2019-07-16,GOLL4,39.94,193419265.0
2019-07-17,GOLL4,38.3,276298090.0
2019-07-18,GOLL4,39.1,215101119.0
2019-07-19,GOLL4,38.5,158044498.0
2019-07-22,GOLL4,38.9,85186901.0
2019-07-23,GOLL4,38.62,97731910.0
2019-07-24,GOLL4,38.95,92183394.0
2019-07-25,GOLL4,38.25,123842713.0
2019-07-26,GOLL4,40.68,194178440.0
2019-07-29,GOLL4,41.0,176949176.0
2019-07-30,GOLL4,41.02,127078246.0
2019-07-31,GOLL4,40.97,110489474.0
2019-08-01,GOLL4,43.79,287651270.0
2019-08-02,GOLL4,42.45,211809640.0
2019-09-02,GOLL4,32.64,52055888.0
2019-09-03,GOLL4,31.56,95675533.0
2019-09-04,GOLL4,32.0,98333973.0
2019-09-05,GOLL4,34.01,208695852.0
2019-09-06,GOLL4,34.06,318232907.0
2019-09-09,GOLL4,32.7,154868258.0
2019-09-10,GOLL4,32.7,85449977.0
2019-09-11,GOLL4,34.33,122759850.0
2019-09-12,GOLL4,35.75,192765796.0
2019-09-13,GOLL4,34.75,221540942.0
2019-09-16,GOLL4,32.05,249380641.0
2019-09-17,GOLL4,33.83,334937142.0
2019-09-18,GOLL4,33.64,160605906.0
2019-09-19,GOLL4,34.11,214545755.0
2019-09-20,GOLL4,33.21,206359901.0
2019-09-23,GOLL4,32.58,117687727.0
2019-09-24,GOLL4,32.4,107795671.0
2019-09-25,GOLL4,33.5,170196871.0
2019-09-26,GOLL4,34.23,196674747.0
2019-09-27,GOLL4,32.0,512333101.0
2019-09-30,GOLL4,32.3,144507295.0
2019-10-01,GOLL4,31.8,108311220.0
2019-10-02,GOLL4,31.0,194821825.0
2019-10-03,GOLL4,32.7,283846451.0
2019-10-04,GOLL4,33.06,159339104.0
2019-10-07,GOLL4,32.39,96673355.0
2019-10-08,GOLL4,32.1,90309852.0
2019-10-09,GOLL4,33.1,239993567.0
2019-10-10,GOLL4,33.1,186513988.0
2019-10-11,GOLL4,34.65,211982431.0
2019-10-14,GOLL4,35.6,139190765.0
2019-10-15,GOLL4,35.75,120837611.0
2019-10-16,GOLL4,35.85,101462761.0
2019-10-17,GOLL4,36.0,128087650.0
2019-10-18,GOLL4,35.44,106886506.0
2019-10-21,GOLL4,35.18,98615740.0
2019-10-22,GOLL4,37.29,177530982.0
2019-10-23,GOLL4,36.97,194235941.0
2019-10-24,GOLL4,37.0,134426831.0
2019-10-25,GOLL4,36.48,171534570.0
2019-10-28,GOLL4,37.5,114037529.0
2019-10-29,GOLL4,38.26,173380427.0
2019-10-30,GOLL4,38.85,133982187.0
2019-10-31,GOLL4,36.6,257554596.0
2019-11-01,GOLL4,36.4,130758582.0
2019-11-04,GOLL4,35.61,107333366.0
2019-11-05,GOLL4,34.73,132086925.0
2019-11-06,GOLL4,35.0,184539158.0
2019-11-07,GOLL4,35.57,154388573.0
2019-11-08,GOLL4,33.97,120237141.0
2019-11-11,GOLL4,34.19,140501453.0
2019-11-12,GOLL4,32.86,177971481.0
2019-11-13,GOLL4,33.02,133726721.0
2019-11-14,GOLL4,34.19,144696437.0
2019-11-18,GOLL4,34.4,99323345.0
2019-11-19,GOLL4,34.2,74297919.0
2019-11-21,GOLL4,33.92,159954305.0
2019-11-22,GOLL4,34.75,112188953.0
2019-11-25,GOLL4,34.65,89892619.0
2019-11-26,GOLL4,33.32,195629664.0
2019-11-27,GOLL4,33.14,103053361.0
2019-11-28,GOLL4,34.44,115080010.0
2019-11-29,GOLL4,34.06,123569412.0
2019-12-02,GOLL4,33.63,108755387.0
2020-01-02,GOLL4,37.17,85803442.0
2020-01-03,GOLL4,35.9,156464316.0
2020-01-06,GOLL4,34.25,217188194.0
2020-01-07,GOLL4,34.45,114318265.0
2020-01-08,GOLL4,35.81,255030828.0
2020-01-09,GOLL4,36.65,171364617.0
2020-01-10,GOLL4,37.24,156049299.0
2020-01-13,GOLL4,38.0,177318338.0
2020-01-14,GOLL4,37.99,123981575.0
2020-01-15,GOLL4,36.97,126937054.0
2020-01-16,GOLL4,36.64,101006069.0
2020-01-17,GOLL4,37.93,113308164.0
2020-01-20,GOLL4,37.8,57147043.0
2020-01-21,GOLL4,36.68,121954812.0
2020-01-22,GOLL4,37.18,197620798.0
2020-01-23,GOLL4,39.05,239516137.0
2020-01-24,GOLL4,37.82,219153927.0
2020-01-27,GOLL4,35.3,230678612.0
2020-01-28,GOLL4,36.19,228854905.0
2020-01-29,GOLL4,34.94,147928642.0
2020-01-30,GOLL4,35.04,232550646.0
2020-01-31,GOLL4,34.25,126003696.0
2020-02-03,GOLL4,34.35,131619528.0
2020-02-04,GOLL4,35.16,130105490.0
2020-02-05,GOLL4,36.19,112902605.0
2020-02-06,GOLL4,35.75,154707973.0
2020-02-07,GOLL4,34.46,117286966.0
2020-02-10,GOLL4,34.16,124562881.0
2020-02-11,GOLL4,36.2,120852097.0
2020-02-12,GOLL4,36.3,156673608.0
2020-02-13,GOLL4,35.4,84006532.0
2020-02-14,GOLL4,36.0,86537876.0
2020-02-17,GOLL4,36.39,77288327.0
2020-02-18,GOLL4,35.87,91247917.0
2020-02-19,GOLL4,36.35,69826061.0
2020-02-20,GOLL4,34.8,216045368.0
2020-02-21,GOLL4,33.82,96315400.0
2020-02-26,GOLL4,28.98,193445544.0
2020-02-27,GOLL4,26.4,294611604.0
2020-02-28,GOLL4,25.6,208962786.0
2020-03-02,GOLL4,26.11,218646167.0
2020-03-03,GOLL4,25.12,224946640.0
2020-03-04,GOLL4,24.81,234614279.0
2020-03-05,GOLL4,20.65,297879045.0
2020-03-06,GOLL4,21.05,304315080.0
2020-03-09,GOLL4,17.38,140123843.0
2020-03-10,GOLL4,18.32,209647037.0
2020-03-11,GOLL4,15.65,192730652.0
2020-03-12,GOLL4,9.97,103523252.0
2020-03-13,GOLL4,11.17,194956255.0
2020-03-16,GOLL4,8.04,152031659.0
2020-03-17,GOLL4,7.78,145835885.0
2020-03-18,GOLL4,5.6,117194252.0
2020-03-19,GOLL4,6.25,113239873.0
2020-03-20,GOLL4,7.28,206639629.0
2020-03-23,GOLL4,6.93,103611851.0
2020-03-24,GOLL4,8.1,125152033.0
2020-03-25,GOLL4,10.94,303023320.0
2020-03-26,GOLL4,13.04,446313876.0
2020-03-27,GOLL4,12.59,314611466.0
2020-03-30,GOLL4,12.3,237727809.0
2020-03-31,GOLL4,11.37,156388346.0
2020-04-01,GOLL4,9.98,159596192.0
2020-04-02,GOLL4,10.13,155359384.0
2020-05-04,GOLL4,11.15,141421009.0
2020-05-05,GOLL4,11.78,92017407.0
2020-05-06,GOLL4,11.52,83161536.0
2020-05-07,GOLL4,10.75,121178161.0
2020-05-08,GOLL4,11.0,74337404.0
2020-05-11,GOLL4,10.54,62052183.0
2020-05-12,GOLL4,10.0,68670280.0
2020-05-13,GOLL4,10.07,97291515.0
2020-05-14,GOLL4,10.43,98825262.0
2020-05-15,GOLL4,10.86,180703847.0
2020-05-18,GOLL4,12.43,217426473.0
2020-05-19,GOLL4,11.65,243374817.0
2020-05-20,GOLL4,12.68,377660060.0
2020-05-21,GOLL4,12.5,243885265.0
2020-05-22,GOLL4,12.23,125981738.0
2020-05-25,GOLL4,12.6,93217431.0
2020-05-26,GOLL4,12.29,144959892.0
2020-05-27,GOLL4,12.37,104609630.0
2020-05-28,GOLL4,12.24,110678962.0
2020-05-29,GOLL4,12.03,131894066.0
2020-06-01,GOLL4,13.06,252789822.0
2020-06-02,GOLL4,15.11,427688861.0
2020-06-03,GOLL4,17.59,578787753.0
2020-06-04,GOLL4,17.04,413778501.0
2020-06-05,GOLL4,18.7,430275218.0
2020-06-08,GOLL4,23.99,719827570.0
2020-06-09,GOLL4,22.4,831404078.0
2020-06-10,GOLL4,20.24,660563420.0
2020-06-12,GOLL4,18.54,504509098.0
2020-06-15,GOLL4,19.51,576140386.0
2020-06-16,GOLL4,19.16,614644106.0
2020-06-17,GOLL4,18.89,330744164.0
2020-06-18,GOLL4,18.66,214397560.0
2020-06-19,GOLL4,18.38,233729454.0
2020-06-22,GOLL4,17.95,198980213.0
2020-06-23,GOLL4,19.9,332553357.0
2020-06-24,GOLL4,18.24,370801733.0
2020-06-25,GOLL4,19.15,574484425.0
2020-06-26,GOLL4,18.33,276734504.0
2020-06-29,GOLL4,18.8,260291536.0
2020-06-30,GOLL4,18.55,184431360.0
2020-07-01,GOLL4,19.02,400645460.0
2020-07-02,GOLL4,18.87,250020715.0
2020-07-03,GOLL4,19.56,150249638.0
2020-07-06,GOLL4,20.17,244772158.0
2020-07-07,GOLL4,20.15,269272648.0
2020-07-08,GOLL4,19.84,187160857.0
2020-07-09,GOLL4,19.71,223576908.0
2020-07-10,GOLL4,20.9,340892014.0
2020-07-13,GOLL4,20.17,291775467.0
2020-07-14,GOLL4,20.52,236913941.0
2020-07-15,GOLL4,21.95,426993532.0
2020-07-16,GOLL4,21.03,260001338.0
2020-07-17,GOLL4,20.8,215369974.0
2020-07-20,GOLL4,20.62,109014172.0
2020-07-21,GOLL4,20.66,173312965.0
2020-07-22,GOLL4,20.0,167925325.0
2020-07-23,GOLL4,19.1,208340892.0
2020-07-24,GOLL4,18.84,160714397.0
2020-07-27,GOLL4,18.52,125079007.0
2020-07-28,GOLL4,19.08,150736992.0
2020-07-29,GOLL4,18.45,140118856.0
2020-07-30,GOLL4,18.55,145481180.0
2020-07-31,GOLL4,17.91,172435405.0
2020-09-02,GOLL4,18.86,121924383.0
2020-09-03,GOLL4,19.27,209242664.0
2020-09-04,GOLL4,19.98,181534311.0
2020-09-08,GOLL4,20.39,300988338.0
2020-09-09,GOLL4,19.84,228816827.0
2020-09-10,GOLL4,20.25,301660946.0
2020-09-11,GOLL4,19.76,211586188.0
2020-09-14,GOLL4,21.2,283477127.0
2020-09-15,GOLL4,20.86,222581658.0
2020-09-16,GOLL4,21.57,244823878.0
2020-09-17,GOLL4,21.11,229782581.0
2020-09-18,GOLL4,20.1,281636313.0
2020-09-21,GOLL4,18.4,322951962.0
2020-09-22,GOLL4,18.18,223684509.0
2020-09-23,GOLL4,17.86,195853921.0
2020-09-24,GOLL4,17.94,183897395.0
2020-09-25,GOLL4,17.84,128615450.0
2020-09-28,GOLL4,17.47,190576437.0
2020-09-29,GOLL4,16.47,198416123.0
2020-09-30,GOLL4,17.08,180714017.0
2020-10-01,GOLL4,17.9,206760440.0
2020-10-02,GOLL4,17.39,132429383.0
2020-10-05,GOLL4,17.66,112514610.0
2020-10-06,GOLL4,18.95,456961876.0
2020-10-07,GOLL4,18.3,223502533.0
2020-10-08,GOLL4,18.51,124711834.0
2020-10-09,GOLL4,19.11,269542072.0
2020-10-13,GOLL4,19.16,159524773.0
2020-10-14,GOLL4,19.62,202401478.0
2020-10-15,GOLL4,19.53,136604946.0
2020-10-16,GOLL4,19.05,135613041.0
2020-10-19,GOLL4,19.91,312006947.0
2020-10-20,GOLL4,19.72,203453143.0
2020-10-21,GOLL4,19.41,148878222.0
2020-10-22,GOLL4,19.6,139643108.0
2020-10-23,GOLL4,19.67,100416477.0
2020-10-26,GOLL4,18.96,158801815.0
2020-10-27,GOLL4,18.6,139009236.0
2020-10-28,GOLL4,16.92,232151624.0
2020-10-29,GOLL4,16.61,317744902.0
2020-10-30,GOLL4,15.69,202382413.0
2020-11-03,GOLL4,15.62,168457630.0
2020-11-04,GOLL4,15.87,183978807.0
2020-11-05,GOLL4,17.44,271097642.0
2020-11-06,GOLL4,17.55,229303204.0
2020-11-09,GOLL4,21.05,896101599.0
2020-11-10,GOLL4,20.78,437629766.0
2020-11-11,GOLL4,20.26,251398510.0
2020-11-12,GOLL4,19.06,268106571.0
2020-11-13,GOLL4,19.56,134539022.0
2020-11-16,GOLL4,21.22,393648090.0
2020-11-17,GOLL4,21.28,254631240.0
2020-11-18,GOLL4,21.94,557257861.0
2020-11-19,GOLL4,23.02,387324716.0
2020-11-20,GOLL4,22.12,277849949.0
2020-11-23,GOLL4,22.71,273585801.0
2020-11-24,GOLL4,23.47,282097509.0
2020-11-25,GOLL4,23.56,199741510.0
2020-11-26,GOLL4,23.24,265890305.0
2020-11-27,GOLL4,22.96,177030063.0
2020-11-30,GOLL4,23.52,447590286.0
2020-12-01,GOLL4,23.87,299838120.0
2020-12-02,GOLL4,25.15,319815296.0
2020-01-02,HAPV3,66.44,171862942.0
2020-01-03,HAPV3,69.25,644803982.0
2020-01-06,HAPV3,66.96,147753252.0
2020-01-07,HAPV3,65.12,120507380.0
2020-01-08,HAPV3,63.78,159863419.0
2020-01-09,HAPV3,63.4,180357318.0
2020-01-10,HAPV3,62.05,122450244.0
2020-01-13,HAPV3,62.39,137388018.0
2020-01-14,HAPV3,62.5,159531671.0
2020-01-15,HAPV3,61.01,279875669.0
2020-01-16,HAPV3,63.06,170299993.0
2020-01-17,HAPV3,63.0,161668491.0
2020-01-20,HAPV3,63.15,166594304.0
2020-01-21,HAPV3,63.8,233729016.0
2020-01-22,HAPV3,63.97,88622583.0
2020-01-23,HAPV3,64.3,203827550.0
2020-01-24,HAPV3,64.5,123471087.0
2020-01-27,HAPV3,61.23,173331000.0
2020-01-28,HAPV3,62.5,78029070.0
2020-01-29,HAPV3,61.3,154076748.0
2020-01-30,HAPV3,60.11,167398730.0
2020-01-31,HAPV3,60.07,158486831.0
2020-02-03,HAPV3,61.8,129884440.0
2020-02-04,HAPV3,61.35,136262028.0
2020-02-05,HAPV3,58.38,413812119.0
2020-02-06,HAPV3,58.7,213103269.0
2020-02-07,HAPV3,57.63,220356376.0
2020-02-10,HAPV3,55.76,146803769.0
2020-02-11,HAPV3,58.01,159724549.0
2020-02-12,HAPV3,58.73,153169985.0
2020-02-13,HAPV3,58.7,71107344.0
2020-02-14,HAPV3,58.49,82029947.0
2020-02-17,HAPV3,59.87,49315444.0
2020-02-18,HAPV3,58.98,118039319.0
2020-02-19,HAPV3,59.54,131371431.0
2020-02-20,HAPV3,57.79,132724774.0
2020-02-21,HAPV3,56.0,167403789.0
2020-02-26,HAPV3,52.52,289018050.0
2020-02-27,HAPV3,53.25,277245582.0
2020-02-28,HAPV3,55.2,215733271.0
2020-03-02,HAPV3,54.56,253116825.0
2020-03-03,HAPV3,55.42,212217941.0
2020-03-04,HAPV3,53.53,194406778.0
2020-03-05,HAPV3,51.3,157973414.0
2020-03-06,HAPV3,50.01,158084185.0
2020-03-09,HAPV3,45.12,302657813.0
2020-03-10,HAPV3,48.89,249210387.0
2020-03-11,HAPV3,44.99,184376542.0
2020-03-12,HAPV3,38.96,117048764.0
2020-03-13,HAPV3,43.61,310368558.0
2020-03-16,HAPV3,37.0,239135405.0
2020-03-17,HAPV3,37.58,252102270.0
2020-03-18,HAPV3,31.72,168065689.0
2020-03-19,HAPV3,36.1,223855009.0
2020-03-20,HAPV3,39.0,247644789.0
2020-03-23,HAPV3,38.2,157299532.0
2020-03-24,HAPV3,42.3,158028086.0
2020-03-25,HAPV3,45.4,146555782.0
2020-03-26,HAPV3,50.39,213381177.0
2020-03-27,HAPV3,45.5,109287176.0
2020-03-30,HAPV3,45.03,121392162.0
2020-03-31,HAPV3,42.4,131301438.0
2020-04-01,HAPV3,40.08,133775106.0
2020-04-02,HAPV3,40.81,93765695.0
2020-05-04,HAPV3,51.16,131258373.0
2020-05-05,HAPV3,51.9,104651468.0
2020-05-06,HAPV3,52.21,117599500.0
2020-05-07,HAPV3,53.26,205650389.0
2020-05-08,HAPV3,50.6,141638229.0
2020-05-11,HAPV3,49.32,70076377.0
2020-05-12,HAPV3,50.91,149374353.0
2020-05-13,HAPV3,48.92,95140103.0
2020-05-14,HAPV3,47.41,120794865.0
2020-05-15,HAPV3,46.9,131232806.0
2020-05-18,HAPV3,49.54,120701363.0
2020-05-19,HAPV3,50.39,90302096.0
2020-05-20,HAPV3,50.9,83615333.0
2020-05-21,HAPV3,52.41,278344235.0
2020-05-22,HAPV3,52.2,113367198.0
2020-05-25,HAPV3,54.24,91181498.0
2020-05-26,HAPV3,54.81,120891471.0
2020-05-27,HAPV3,55.0,102676099.0
2020-05-28,HAPV3,55.01,92696807.0
2020-05-29,HAPV3,54.86,288050946.0
2020-06-01,HAPV3,54.5,91187731.0
2020-06-02,HAPV3,54.56,149663006.0
2020-06-03,HAPV3,58.05,225812613.0
2020-06-04,HAPV3,58.66,194025819.0
2020-06-05,HAPV3,59.55,167474824.0
2020-06-08,HAPV3,61.07,98647913.0
2020-06-09,HAPV3,60.09,106829009.0
2020-06-10,HAPV3,60.69,130211198.0
2020-06-12,HAPV3,59.71,186108553.0
2020-06-15,HAPV3,60.53,149203138.0
2020-06-16,HAPV3,60.35,133588915.0
2020-06-17,HAPV3,60.82,172125435.0
2020-06-18,HAPV3,60.3,119194271.0
2020-06-19,HAPV3,62.81,446892358.0
2020-06-22,HAPV3,60.68,116588154.0
2020-06-23,HAPV3,62.4,149064257.0
2020-06-24,HAPV3,60.71,93843602.0
2020-06-25,HAPV3,62.08,91789416.0
2020-06-26,HAPV3,61.32,105200788.0
2020-06-29,HAPV3,63.1,73508186.0
2020-06-30,HAPV3,62.17,129766425.0
2020-07-01,HAPV3,62.99,113329439.0
2020-07-02,HAPV3,60.73,143927270.0
2020-07-03,HAPV3,60.91,50770080.0
2020-07-06,HAPV3,61.0,150036559.0
2020-07-07,HAPV3,59.95,186017310.0
2020-07-08,HAPV3,60.72,123392581.0
2020-07-09,HAPV3,59.93,95858852.0
2020-07-10,HAPV3,60.47,112076045.0
2020-07-13,HAPV3,58.96,89103629.0
2020-07-14,HAPV3,59.89,87775192.0
2020-07-15,HAPV3,60.63,126656006.0
2020-07-16,HAPV3,60.87,80382304.0
2020-07-17,HAPV3,63.81,112764846.0
2020-07-20,HAPV3,65.78,125811502.0
2020-07-21,HAPV3,65.5,122707291.0
2020-07-22,HAPV3,65.1,130130034.0
2020-07-23,HAPV3,64.31,100460542.0
2020-07-24,HAPV3,65.69,120028740.0
2020-07-27,HAPV3,64.62,117848877.0
2020-07-28,HAPV3,65.18,80818844.0
2020-07-29,HAPV3,65.5,73415115.0
2020-07-30,HAPV3,66.2,77245045.0
2020-07-31,HAPV3,65.14,189117273.0
2020-09-02,HAPV3,67.81,118527403.0
2020-09-03,HAPV3,66.9,106292291.0
2020-09-04,HAPV3,66.41,128103351.0
2020-09-08,HAPV3,67.34,206726043.0
2020-09-09,HAPV3,68.29,162476412.0
2020-09-10,HAPV3,65.5,112084529.0
2020-09-11,HAPV3,63.54,200452272.0
2020-09-14,HAPV3,66.02,85678874.0
2020-09-15,HAPV3,66.05,116429899.0
2020-09-16,HAPV3,66.24,120960633.0
2020-09-17,HAPV3,64.06,93360916.0
2020-09-18,HAPV3,62.74,108394812.0
2020-09-21,HAPV3,62.91,79150634.0
2020-09-22,HAPV3,62.86,64838517.0
2020-09-23,HAPV3,62.64,112266066.0
2020-09-24,HAPV3,62.7,71595999.0
2020-09-25,HAPV3,62.89,59135392.0
2020-09-28,HAPV3,60.48,109950763.0
2020-09-29,HAPV3,60.58,122772651.0
2020-09-30,HAPV3,62.14,140262877.0
2020-10-01,HAPV3,63.0,131291566.0
2020-10-02,HAPV3,61.8,113055284.0
2020-10-05,HAPV3,63.37,72432159.0
2020-10-06,HAPV3,62.24,136206662.0
2020-10-07,HAPV3,62.75,107646556.0
2020-10-08,HAPV3,65.03,112347134.0
2020-10-09,HAPV3,64.56,139285282.0
2020-10-13,HAPV3,65.94,181119329.0
2020-10-14,HAPV3,67.37,133374810.0
2020-10-15,HAPV3,66.46,119928599.0
2020-10-16,HAPV3,64.68,128946502.0
2020-10-19,HAPV3,64.39,115188237.0
2020-10-20,HAPV3,65.03,108215865.0
2020-10-21,HAPV3,64.52,74240638.0
2020-10-22,HAPV3,65.38,74701653.0
2020-10-23,HAPV3,63.73,77554356.0
2020-10-26,HAPV3,65.7,119343039.0
2020-10-27,HAPV3,66.4,121734416.0
2020-10-28,HAPV3,64.6,93378225.0
2020-10-29,HAPV3,66.72,139226334.0
2020-10-30,HAPV3,64.37,123626477.0
2020-11-03,HAPV3,65.33,155130613.0
2020-11-04,HAPV3,68.74,192060283.0
2020-11-05,HAPV3,69.64,168904378.0
2020-11-06,HAPV3,71.5,177996569.0
2020-11-09,HAPV3,69.82,190621238.0
2020-11-10,HAPV3,68.31,165995130.0
2020-11-11,HAPV3,68.5,117661242.0
2020-11-12,HAPV3,69.85,187411549.0
2020-11-13,HAPV3,73.29,190000486.0
2020-11-16,HAPV3,73.02,118571628.0
2020-11-17,HAPV3,72.24,206561176.0
2020-11-18,HAPV3,71.35,109012008.0
2020-11-19,HAPV3,71.37,143545356.0
2020-11-20,HAPV3,71.3,111311738.0
2020-11-23,HAPV3,72.1,117257940.0
2020-11-24,HAPV3,71.92,87276254.0
2020-11-25,HAPV3,14.52,68076360.0
2020-11-26,HAPV3,14.25,54320535.0
2020-11-27,HAPV3,14.35,132551378.0
2020-11-30,HAPV3,14.42,213224546.0
2020-12-01,HAPV3,14.42,195118478.0
2020-12-02,HAPV3,14.78,178242139.0
2020-01-02,HGTX3,34.56,63039904.0
2020-01-03,HGTX3,34.98,237579878.0
2020-01-06,HGTX3,34.0,45459772.0
2020-01-07,HGTX3,32.64,105537376.0
2020-01-08,HGTX3,31.88,58848831.0
2020-01-09,HGTX3,31.93,88001794.0
2020-01-10,HGTX3,32.08,65364159.0
2020-01-13,HGTX3,32.87,143862419.0
2020-01-14,HGTX3,33.3,83415917.0
2020-01-15,HGTX3,32.21,70941841.0
2020-01-16,HGTX3,32.3,42659501.0
2020-01-17,HGTX3,31.8,46524537.0
2020-01-20,HGTX3,31.37,73710128.0
2020-01-21,HGTX3,27.42,505866240.0
2020-01-22,HGTX3,27.4,119973097.0
2020-01-23,HGTX3,26.8,136481172.0
2020-01-24,HGTX3,27.28,122031799.0
2020-01-27,HGTX3,26.3,58387370.0
2020-01-28,HGTX3,26.45,35530120.0
2020-01-29,HGTX3,26.38,40991727.0
2020-01-30,HGTX3,25.79,68584217.0
2020-01-31,HGTX3,24.82,62683260.0
2020-02-03,HGTX3,25.0,56183776.0
2020-02-04,HGTX3,25.86,64381252.0
2020-02-05,HGTX3,25.52,55741374.0
2020-02-06,HGTX3,25.3,43180627.0
2020-02-07,HGTX3,24.68,43918271.0
2020-02-10,HGTX3,24.5,81825360.0
2020-02-11,HGTX3,24.5,42122076.0
2020-02-12,HGTX3,24.92,61764953.0
2020-02-13,HGTX3,25.5,72270223.0
2020-02-14,HGTX3,24.95,60135098.0
2020-02-17,HGTX3,25.06,35423598.0
2020-02-18,HGTX3,25.66,52156592.0
2020-02-19,HGTX3,24.92,66448257.0
2020-02-20,HGTX3,24.11,65550579.0
2020-02-21,HGTX3,23.83,79590129.0
2020-02-26,HGTX3,22.71,97976796.0
2020-02-27,HGTX3,21.9,190720879.0
2020-02-28,HGTX3,22.54,90958599.0
2020-03-02,HGTX3,22.99,53707356.0
2020-03-03,HGTX3,22.74,60369509.0
2020-03-04,HGTX3,23.1,46384551.0
2020-03-05,HGTX3,21.75,65614955.0
2020-03-06,HGTX3,20.95,75309614.0
2020-03-09,HGTX3,18.9,48559456.0
2020-03-10,HGTX3,20.45,66129827.0
2020-03-11,HGTX3,19.09,59422731.0
2020-03-12,HGTX3,15.01,70411056.0
2020-03-13,HGTX3,16.61,76951755.0
2020-03-16,HGTX3,13.99,36637286.0
2020-03-17,HGTX3,15.18,44420326.0
2020-03-18,HGTX3,12.64,51701443.0
2020-03-19,HGTX3,13.42,29400650.0
2020-03-20,HGTX3,13.5,58797958.0
2020-03-23,HGTX3,11.18,53420762.0
2020-03-24,HGTX3,12.28,90937573.0
2020-03-25,HGTX3,14.99,57838380.0
2020-03-26,HGTX3,16.41,58188908.0
2020-03-27,HGTX3,15.65,28249020.0
2020-03-30,HGTX3,15.25,22206387.0
2020-03-31,HGTX3,14.88,43877215.0
2020-04-01,HGTX3,13.53,31425725.0
2020-04-02,HGTX3,14.15,36085676.0
2020-05-04,HGTX3,14.31,33447244.0
2020-05-05,HGTX3,13.86,27888755.0
2020-05-06,HGTX3,13.45,21911794.0
2020-05-07,HGTX3,12.7,39521624.0
2020-05-08,HGTX3,12.45,24106200.0
2020-05-11,HGTX3,11.86,26615775.0
2020-05-12,HGTX3,11.59,51855313.0
2020-05-13,HGTX3,11.03,53091106.0
2020-05-14,HGTX3,11.1,82232674.0
2020-05-15,HGTX3,11.97,143533221.0
2020-05-18,HGTX3,13.18,74582412.0
2020-05-19,HGTX3,12.52,55310377.0
2020-05-20,HGTX3,13.09,83457584.0
2020-05-21,HGTX3,14.19,69315272.0
2020-05-22,HGTX3,12.9,101421705.0
2020-05-25,HGTX3,13.73,56249226.0
2020-05-26,HGTX3,13.53,64298874.0
2020-05-27,HGTX3,13.95,38834212.0
2020-05-28,HGTX3,13.38,50743411.0
2020-05-29,HGTX3,13.32,99093983.0
2020-06-01,HGTX3,13.75,48900840.0
2020-06-02,HGTX3,14.19,55187256.0
2020-06-03,HGTX3,15.45,98902447.0
2020-06-04,HGTX3,15.46,88787489.0
2020-06-05,HGTX3,15.51,86804569.0
2020-06-08,HGTX3,16.89,85347502.0
2020-06-09,HGTX3,16.5,71064779.0
2020-06-10,HGTX3,15.3,94025096.0
2020-06-12,HGTX3,14.19,72646047.0
2020-06-15,HGTX3,14.32,39980782.0
2020-06-16,HGTX3,14.12,57640960.0
2020-06-17,HGTX3,14.95,45742046.0
2020-06-18,HGTX3,15.21,59419110.0
2020-06-19,HGTX3,15.29,44832549.0
2020-06-22,HGTX3,14.71,51192407.0
2020-06-23,HGTX3,14.51,67525075.0
2020-06-24,HGTX3,14.42,48211994.0
2020-06-25,HGTX3,14.39,65440510.0
2020-06-26,HGTX3,13.92,30943798.0
2020-06-29,HGTX3,14.25,29890743.0
2020-06-30,HGTX3,14.32,60972510.0
2020-07-01,HGTX3,14.73,49257228.0
2020-07-02,HGTX3,14.56,42843903.0
2020-07-03,HGTX3,14.8,27740909.0
2020-07-06,HGTX3,15.35,71814523.0
2020-07-07,HGTX3,15.06,39054039.0
2020-07-08,HGTX3,15.22,33102868.0
2020-07-09,HGTX3,15.18,43948239.0
2020-07-10,HGTX3,16.14,93752198.0
2020-07-13,HGTX3,15.56,88039447.0
2020-07-14,HGTX3,15.32,43181491.0
2020-07-15,HGTX3,15.2,47685368.0
2020-07-16,HGTX3,15.4,33538536.0
2020-07-17,HGTX3,15.5,52993378.0
2020-07-20,HGTX3,15.48,35194524.0
2020-07-21,HGTX3,15.38,64974408.0
2020-07-22,HGTX3,15.41,37707176.0
2020-07-23,HGTX3,14.78,73511209.0
2020-07-24,HGTX3,14.62,39681622.0
2020-07-27,HGTX3,14.87,28439462.0
2020-07-28,HGTX3,14.61,30287828.0
2020-07-29,HGTX3,15.0,33398653.0
2020-07-30,HGTX3,15.19,22760233.0
2020-07-31,HGTX3,14.8,38870168.0
2020-09-02,HGTX3,19.98,114599314.0
2020-09-03,HGTX3,20.81,207877851.0
2020-09-04,HGTX3,19.78,186195188.0
2020-09-08,HGTX3,19.42,84994727.0
2020-09-09,HGTX3,19.26,70967537.0
2020-09-10,HGTX3,18.82,110746209.0
2020-09-11,HGTX3,18.59,63216331.0
2020-09-14,HGTX3,19.59,87437496.0
2020-09-15,HGTX3,18.98,93776210.0
2020-09-16,HGTX3,18.67,62020188.0
2020-09-17,HGTX3,18.49,51348618.0
2020-09-18,HGTX3,18.1,43051393.0
2020-09-21,HGTX3,17.79,44979093.0
2020-09-22,HGTX3,17.73,32606967.0
2020-09-23,HGTX3,17.55,39652256.0
2020-09-24,HGTX3,17.65,35508287.0
2020-09-25,HGTX3,17.38,25934348.0
2020-09-28,HGTX3,16.8,35069357.0
2020-09-29,HGTX3,16.76,30762723.0
2020-09-30,HGTX3,16.73,31147551.0
2020-10-01,HGTX3,17.25,40014813.0
2020-10-02,HGTX3,17.19,72489238.0
2020-10-05,HGTX3,17.26,31316341.0
2020-10-06,HGTX3,17.52,44580098.0
2020-10-07,HGTX3,17.53,30720516.0
2020-10-08,HGTX3,17.64,20641407.0
2020-10-09,HGTX3,17.6,25019806.0
2020-10-13,HGTX3,18.02,72946966.0
2020-10-14,HGTX3,17.62,43167550.0
2020-10-15,HGTX3,18.05,61035175.0
2020-10-16,HGTX3,18.0,46785709.0
2020-10-19,HGTX3,18.14,46552071.0
2020-10-20,HGTX3,18.57,53417461.0
2020-10-21,HGTX3,18.18,47364916.0
2020-10-22,HGTX3,18.01,60014845.0
2020-10-23,HGTX3,18.47,48205903.0
2020-10-26,HGTX3,18.26,31637437.0
2020-10-27,HGTX3,18.5,60771583.0
2020-10-28,HGTX3,17.05,103508414.0
2020-10-29,HGTX3,17.07,73762075.0
2020-10-30,HGTX3,15.91,77945202.0
2020-11-03,HGTX3,16.32,81463714.0
2020-11-04,HGTX3,17.11,50143369.0
2020-11-05,HGTX3,17.57,59867522.0
2020-11-06,HGTX3,17.76,42026735.0
2020-11-09,HGTX3,19.05,90678681.0
2020-11-10,HGTX3,18.99,61466958.0
2020-11-11,HGTX3,18.17,64245131.0
2020-11-12,HGTX3,17.4,59940445.0
2020-11-13,HGTX3,17.79,33355979.0
2020-11-16,HGTX3,18.18,35148591.0
2020-11-17,HGTX3,18.19,64797631.0
2020-11-18,HGTX3,17.67,38102200.0
2020-11-19,HGTX3,17.4,34926216.0
2020-11-20,HGTX3,17.25,29592647.0
2020-11-23,HGTX3,17.09,41442311.0
2020-11-24,HGTX3,17.69,61864374.0
2020-11-25,HGTX3,17.65,23926954.0
2020-11-26,HGTX3,17.72,20324870.0
2020-11-27,HGTX3,17.97,41205268.0
2020-11-30,HGTX3,17.39,50243356.0
2020-12-01,HGTX3,17.62,34942839.0
2020-12-02,HGTX3,18.7,66183790.0
2019-01-04,HYPE3,31.45,48077676.0
2019-01-07,HYPE3,30.95,31682770.0
2019-01-08,HYPE3,30.9,65514830.0
2019-01-09,HYPE3,30.6,103518864.0
2019-01-10,HYPE3,30.9,47666383.0
2019-01-11,HYPE3,32.98,131653353.0
2019-01-14,HYPE3,33.01,52142837.0
2019-01-15,HYPE3,33.01,49868226.0
2019-01-16,HYPE3,32.76,35702887.0
2019-01-17,HYPE3,33.1,53165539.0
2019-01-18,HYPE3,33.02,53020026.0
2019-01-21,HYPE3,32.7,24617720.0
2019-01-22,HYPE3,32.5,44399267.0
2019-01-23,HYPE3,32.58,42238240.0
2019-01-24,HYPE3,32.47,55033594.0
2019-01-28,HYPE3,33.03,42890591.0
2019-01-29,HYPE3,32.47,44637956.0
2019-01-30,HYPE3,32.0,85282650.0
2019-01-31,HYPE3,31.85,70232532.0
2019-02-01,HYPE3,31.33,80167144.0
2019-02-04,HYPE3,32.0,67770415.0
2019-02-05,HYPE3,32.25,53466990.0
2019-02-06,HYPE3,31.46,106719449.0
2019-02-07,HYPE3,31.55,42358963.0
2019-02-08,HYPE3,31.6,50523859.0
2019-02-11,HYPE3,30.77,67951615.0
2019-02-12,HYPE3,30.07,86752698.0
2019-02-13,HYPE3,30.15,91600030.0
2019-02-14,HYPE3,30.11,43829059.0
2019-02-15,HYPE3,29.93,112412990.0
2019-02-18,HYPE3,29.87,43152668.0
2019-02-19,HYPE3,30.07,45760860.0
2019-02-20,HYPE3,29.47,62881144.0
2019-02-21,HYPE3,28.9,67160460.0
2019-02-22,HYPE3,27.78,168539402.0
2019-02-25,HYPE3,27.11,109045589.0
2019-02-26,HYPE3,26.8,113973188.0
2019-02-27,HYPE3,27.47,97099158.0
2019-02-28,HYPE3,26.9,85778036.0
2019-03-01,HYPE3,26.79,64299667.0
2019-03-06,HYPE3,26.62,61035963.0
2019-03-07,HYPE3,26.3,96157716.0
2019-03-08,HYPE3,26.19,51084806.0
2019-03-11,HYPE3,26.43,58086505.0
2019-03-12,HYPE3,27.1,88094031.0
2019-03-13,HYPE3,28.0,103088896.0
2019-03-14,HYPE3,27.75,98392340.0
2019-03-15,HYPE3,28.14,121775515.0
2019-03-18,HYPE3,28.1,48988657.0
2019-03-19,HYPE3,27.1,148107577.0
2019-03-20,HYPE3,27.0,89044394.0
2019-03-21,HYPE3,26.69,48577346.0
2019-03-22,HYPE3,26.15,79666186.0
2019-03-25,HYPE3,25.78,49479224.0
2019-03-26,HYPE3,25.59,72215056.0
2019-03-27,HYPE3,25.57,80877848.0
2019-03-28,HYPE3,25.9,109082573.0
2019-03-29,HYPE3,25.9,43213333.0
2019-04-01,HYPE3,26.29,111238767.0
2019-04-02,HYPE3,26.12,47231305.0
2019-05-03,HYPE3,28.08,101604255.0
2019-05-06,HYPE3,28.36,40401661.0
2019-05-07,HYPE3,28.76,122079653.0
2019-05-08,HYPE3,29.26,122496945.0
2019-05-09,HYPE3,28.83,96555893.0
2019-05-10,HYPE3,29.6,80789672.0
2019-05-13,HYPE3,29.15,91897850.0
2019-05-14,HYPE3,29.1,75963292.0
2019-05-15,HYPE3,28.73,67032010.0
2019-05-16,HYPE3,28.38,61301541.0
2019-05-17,HYPE3,28.47,39747937.0
2019-05-20,HYPE3,29.15,34849961.0
2019-05-21,HYPE3,30.0,101450750.0
2019-05-22,HYPE3,29.67,152238440.0
2019-05-23,HYPE3,30.09,60344074.0
2019-05-24,HYPE3,29.53,29307902.0
2019-05-27,HYPE3,29.99,18188339.0
2019-05-28,HYPE3,30.72,143400621.0
2019-05-29,HYPE3,30.54,51556327.0
2019-05-30,HYPE3,30.47,45850589.0
2019-05-31,HYPE3,30.22,120296113.0
2019-06-03,HYPE3,30.1,59852571.0
2019-06-04,HYPE3,29.2,87627349.0
2019-06-05,HYPE3,29.02,58898141.0
2019-06-06,HYPE3,28.97,29531850.0
2019-06-07,HYPE3,28.05,88867921.0
2019-06-10,HYPE3,29.02,38400945.0
2019-06-11,HYPE3,29.08,46855085.0
2019-06-12,HYPE3,29.0,112584239.0
2019-06-13,HYPE3,29.43,38646090.0
2019-06-14,HYPE3,29.0,43929454.0
2019-06-17,HYPE3,28.92,44427575.0
2019-06-18,HYPE3,28.79,41649241.0
2019-06-19,HYPE3,29.0,47022542.0
2019-06-21,HYPE3,29.7,72525771.0
2019-06-24,HYPE3,30.22,55533141.0
2019-06-25,HYPE3,29.09,67824371.0
2019-06-26,HYPE3,29.24,28319221.0
2019-06-27,HYPE3,29.35,44933264.0
2019-06-28,HYPE3,29.99,90578644.0
2019-07-01,HYPE3,29.12,34580648.0
2019-07-02,HYPE3,29.3,43450897.0
2019-07-03,HYPE3,29.14,42133847.0
2019-07-04,HYPE3,29.53,34853973.0
2019-07-05,HYPE3,29.5,33693831.0
2019-07-08,HYPE3,29.1,46225038.0
2019-07-10,HYPE3,29.62,82825187.0
2019-07-11,HYPE3,29.44,47016815.0
2019-07-12,HYPE3,29.1,49604875.0
2019-07-15,HYPE3,29.3,41087743.0
2019-07-16,HYPE3,28.6,39340469.0
2019-07-17,HYPE3,28.9,34886507.0
2019-07-18,HYPE3,29.45,30943605.0
2019-07-19,HYPE3,28.86,48062913.0
2019-07-22,HYPE3,28.88,37275736.0
2019-07-23,HYPE3,28.6,25741199.0
2019-07-24,HYPE3,29.15,47904075.0
2019-07-25,HYPE3,29.83,57109054.0
2019-07-26,HYPE3,30.46,54144057.0
2019-07-29,HYPE3,32.0,164443022.0
2019-07-30,HYPE3,31.2,79626028.0
2019-07-31,HYPE3,30.18,77321459.0
2019-08-01,HYPE3,31.21,91741188.0
2019-08-02,HYPE3,31.4,43151977.0
2019-09-02,HYPE3,32.6,37128757.0
2019-09-03,HYPE3,32.78,44521255.0
2019-09-04,HYPE3,33.29,59514253.0
2019-09-05,HYPE3,33.46,37908789.0
2019-09-06,HYPE3,33.04,34352799.0
2019-09-09,HYPE3,32.54,39742512.0
2019-09-10,HYPE3,32.58,35408828.0
2019-09-11,HYPE3,32.84,60446339.0
2019-09-12,HYPE3,32.79,31019859.0
2019-09-13,HYPE3,32.6,20111660.0
2019-09-16,HYPE3,32.6,44145752.0
2019-09-17,HYPE3,32.76,43575841.0
2019-09-18,HYPE3,32.8,30458006.0
2019-09-19,HYPE3,33.2,34342172.0
2019-09-20,HYPE3,33.96,97017770.0
2019-09-23,HYPE3,33.48,40796991.0
2019-09-24,HYPE3,33.19,54052999.0
2019-09-25,HYPE3,33.34,25257955.0
2019-09-26,HYPE3,33.6,26765994.0
2019-09-27,HYPE3,33.6,42198948.0
2019-09-30,HYPE3,33.53,39233966.0
2019-10-01,HYPE3,33.22,61946914.0
2019-10-02,HYPE3,32.6,36212915.0
2019-10-03,HYPE3,32.8,44556633.0
2019-10-04,HYPE3,33.18,34122910.0
2019-10-07,HYPE3,33.06,51708724.0
2019-10-08,HYPE3,33.17,40057120.0
2019-10-09,HYPE3,33.35,14050990.0
2019-10-10,HYPE3,33.4,60064018.0
2019-10-11,HYPE3,34.0,48329225.0
2019-10-14,HYPE3,34.11,27773572.0
2019-10-15,HYPE3,34.29,52789701.0
2019-10-16,HYPE3,34.9,49488150.0
2019-10-17,HYPE3,34.88,34872937.0
2019-10-18,HYPE3,34.86,62083731.0
2019-10-21,HYPE3,34.42,44218702.0
2019-10-22,HYPE3,34.53,62241915.0
2019-10-23,HYPE3,34.3,50199485.0
2019-10-24,HYPE3,34.48,31530577.0
2019-10-25,HYPE3,34.49,73913140.0
2019-10-28,HYPE3,34.34,59064371.0
2019-10-29,HYPE3,34.24,43485580.0
2019-10-30,HYPE3,34.3,51187687.0
2019-10-31,HYPE3,34.32,65674470.0
2019-11-01,HYPE3,35.4,113050344.0
2019-11-04,HYPE3,35.55,59419058.0
2019-11-05,HYPE3,35.64,84931310.0
2019-11-06,HYPE3,35.6,47909988.0
2019-11-07,HYPE3,35.39,91573509.0
2019-11-08,HYPE3,35.14,42012586.0
2019-11-11,HYPE3,35.42,33254480.0
2019-11-12,HYPE3,34.8,36244719.0
2019-11-13,HYPE3,34.76,63507053.0
2019-11-14,HYPE3,34.57,45530192.0
2019-11-18,HYPE3,33.85,64634862.0
2019-11-19,HYPE3,33.71,64919364.0
2019-11-21,HYPE3,34.18,74579921.0
2019-11-22,HYPE3,34.55,44108980.0
2019-11-25,HYPE3,34.62,60772835.0
2019-11-26,HYPE3,34.37,77411857.0
2019-11-27,HYPE3,33.65,63176865.0
2019-11-28,HYPE3,33.58,29825024.0
2019-11-29,HYPE3,33.3,57978343.0
2019-12-02,HYPE3,33.59,64935152.0
2020-01-02,HYPE3,36.0,56346451.0
2020-01-03,HYPE3,36.74,72330775.0
2020-01-06,HYPE3,35.9,60403224.0
2020-01-07,HYPE3,35.55,58401540.0
2020-01-08,HYPE3,35.09,57547375.0
2020-01-09,HYPE3,35.84,74278120.0
2020-01-10,HYPE3,36.03,65958563.0
2020-01-13,HYPE3,37.19,100580420.0
2020-01-14,HYPE3,37.81,138986478.0
2020-01-15,HYPE3,37.32,153285130.0
2020-01-16,HYPE3,37.5,46409980.0
2020-01-17,HYPE3,37.42,30959690.0
2020-01-20,HYPE3,37.75,35303006.0
2020-01-21,HYPE3,36.51,117703701.0
2020-01-22,HYPE3,35.6,97964808.0
2020-01-23,HYPE3,35.48,207636918.0
2020-01-24,HYPE3,35.03,91951817.0
2020-01-27,HYPE3,34.13,61402475.0
2020-01-28,HYPE3,33.81,100671530.0
2020-01-29,HYPE3,34.75,136304971.0
2020-01-30,HYPE3,35.45,176105635.0
2020-01-31,HYPE3,35.57,159494532.0
2020-02-03,HYPE3,36.51,113740384.0
2020-02-04,HYPE3,37.74,281969664.0
2020-02-05,HYPE3,38.29,287688195.0
2020-02-06,HYPE3,38.05,75055441.0
2020-02-07,HYPE3,38.63,75645413.0
2020-02-10,HYPE3,38.05,116787674.0
2020-02-11,HYPE3,38.65,73412245.0
2020-02-12,HYPE3,39.0,146349278.0
2020-02-13,HYPE3,38.5,279395667.0
2020-02-14,HYPE3,37.33,71440348.0
2020-02-17,HYPE3,37.48,35880731.0
2020-02-18,HYPE3,36.39,59216989.0
2020-02-19,HYPE3,36.65,50960550.0
2020-02-20,HYPE3,36.22,69753396.0
2020-02-21,HYPE3,36.2,68863506.0
2020-02-26,HYPE3,34.95,107836277.0
2020-02-27,HYPE3,34.06,108171055.0
2020-02-28,HYPE3,34.3,109782221.0
2020-03-02,HYPE3,40.0,777999206.0
2020-03-03,HYPE3,41.05,499555182.0
2020-03-04,HYPE3,41.78,277890674.0
2020-03-05,HYPE3,40.7,217347491.0
2020-03-06,HYPE3,39.62,144077410.0
2020-03-09,HYPE3,35.5,186669546.0
2020-03-10,HYPE3,37.21,151986997.0
2020-03-11,HYPE3,34.8,154425649.0
2020-03-12,HYPE3,31.07,88877727.0
2020-03-13,HYPE3,33.4,211461401.0
2020-03-16,HYPE3,28.32,110532692.0
2020-03-17,HYPE3,31.19,212259024.0
2020-03-18,HYPE3,29.24,223233575.0
2020-03-19,HYPE3,31.26,201157574.0
2020-03-20,HYPE3,29.25,162977965.0
2020-03-23,HYPE3,26.8,109016424.0
2020-03-24,HYPE3,28.97,240144221.0
2020-03-25,HYPE3,32.72,125759609.0
2020-03-26,HYPE3,31.95,169006620.0
2020-03-27,HYPE3,31.33,144671691.0
2020-03-30,HYPE3,30.7,74748290.0
2020-03-31,HYPE3,28.59,84838072.0
2020-04-01,HYPE3,27.21,110970059.0
2020-04-02,HYPE3,29.52,111168853.0
2020-05-04,HYPE3,28.69,60517913.0
2020-05-05,HYPE3,27.98,109491161.0
2020-05-06,HYPE3,27.85,243062075.0
2020-05-07,HYPE3,28.08,162329236.0
2020-05-08,HYPE3,28.1,86489814.0
2020-05-11,HYPE3,28.11,59302409.0
2020-05-12,HYPE3,27.91,105406146.0
2020-05-13,HYPE3,28.27,140477612.0
2020-05-14,HYPE3,28.6,155067318.0
2020-05-15,HYPE3,28.39,74061863.0
2020-05-18,HYPE3,29.36,100179351.0
2020-05-19,HYPE3,28.27,120992305.0
2020-05-20,HYPE3,27.74,387406190.0
2020-05-21,HYPE3,28.55,154753889.0
2020-05-22,HYPE3,28.4,58343696.0
2020-05-25,HYPE3,28.5,101380735.0
2020-05-26,HYPE3,30.5,204805855.0
2020-05-27,HYPE3,31.0,121299580.0
2020-05-28,HYPE3,31.25,63342077.0
2020-05-29,HYPE3,32.22,308716945.0
2020-06-01,HYPE3,32.92,224049857.0
2020-06-02,HYPE3,34.1,159052978.0
2020-06-03,HYPE3,34.18,157664737.0
2020-06-04,HYPE3,34.62,103639518.0
2020-06-05,HYPE3,34.5,152420651.0
2020-06-08,HYPE3,34.6,86019491.0
2020-06-09,HYPE3,35.0,97661646.0
2020-06-10,HYPE3,34.36,94661235.0
2020-06-12,HYPE3,33.39,118428467.0
2020-06-15,HYPE3,32.98,89204527.0
2020-06-16,HYPE3,32.17,87743551.0
2020-06-17,HYPE3,33.73,114108874.0
2020-06-18,HYPE3,34.33,161533080.0
2020-06-19,HYPE3,34.37,226872535.0
2020-06-22,HYPE3,34.87,78694283.0
2020-06-23,HYPE3,35.07,205868236.0
2020-06-24,HYPE3,34.4,85291223.0
2020-06-25,HYPE3,35.18,62147517.0
2020-06-26,HYPE3,33.75,105644557.0
2020-06-29,HYPE3,33.61,71817662.0
2020-06-30,HYPE3,33.3,106809364.0
2020-07-01,HYPE3,33.15,125806957.0
2020-07-02,HYPE3,32.2,172479507.0
2020-07-03,HYPE3,32.4,110256689.0
2020-07-06,HYPE3,32.62,106715136.0
2020-07-07,HYPE3,32.36,127295704.0
2020-07-08,HYPE3,32.54,107308196.0
2020-07-09,HYPE3,32.33,114135067.0
2020-07-10,HYPE3,32.31,88769360.0
2020-07-13,HYPE3,32.1,100961513.0
2020-07-14,HYPE3,31.7,329597699.0
2020-07-15,HYPE3,31.77,116966898.0
2020-07-16,HYPE3,32.45,83405100.0
2020-07-17,HYPE3,33.7,227956082.0
2020-07-20,HYPE3,34.25,132219624.0
2020-07-21,HYPE3,33.75,105844357.0
2020-07-22,HYPE3,33.59,93792057.0
2020-07-23,HYPE3,33.74,159547507.0
2020-07-24,HYPE3,34.25,164807888.0
2020-07-27,HYPE3,36.25,344796639.0
2020-07-28,HYPE3,36.18,148439654.0
2020-07-29,HYPE3,36.2,165549041.0
2020-07-30,HYPE3,36.26,106521671.0
2020-07-31,HYPE3,36.12,196577727.0
2020-09-02,HYPE3,33.26,81229515.0
2020-09-03,HYPE3,32.62,91158045.0
2020-09-04,HYPE3,32.27,84237387.0
2020-09-08,HYPE3,31.59,67202997.0
2020-09-09,HYPE3,31.62,192104094.0
2020-09-10,HYPE3,31.79,118983388.0
2020-09-11,HYPE3,30.65,95608687.0
2020-09-14,HYPE3,31.24,65430792.0
2020-09-15,HYPE3,31.64,109838566.0
2020-09-16,HYPE3,30.86,100091927.0
2020-09-17,HYPE3,31.3,114214063.0
2020-09-18,HYPE3,30.22,99699196.0
2020-09-21,HYPE3,30.36,61693635.0
2020-09-22,HYPE3,30.92,120372621.0
2020-09-23,HYPE3,29.73,81615148.0
2020-09-24,HYPE3,30.77,84451916.0
2020-09-25,HYPE3,30.64,58341364.0
2020-09-28,HYPE3,29.34,81157833.0
2020-09-29,HYPE3,29.25,117510711.0
2020-09-30,HYPE3,29.82,118520190.0
2020-10-01,HYPE3,30.3,139745792.0
2020-10-02,HYPE3,30.3,98003144.0
2020-10-05,HYPE3,31.09,81571978.0
2020-10-06,HYPE3,31.49,217605486.0
2020-10-07,HYPE3,31.25,216978525.0
2020-10-08,HYPE3,31.2,77710666.0
2020-10-09,HYPE3,30.9,40075673.0
2020-10-13,HYPE3,30.56,88415161.0
2020-10-14,HYPE3,30.94,154781101.0
2020-10-15,HYPE3,30.57,91402387.0
2020-10-16,HYPE3,30.44,85245788.0
2020-10-19,HYPE3,30.47,55564553.0
2020-10-20,HYPE3,30.75,89034914.0
2020-10-21,HYPE3,30.77,75588743.0
2020-10-22,HYPE3,31.31,76907211.0
2020-10-23,HYPE3,31.13,86346701.0
2020-10-26,HYPE3,31.08,205489877.0
2020-10-27,HYPE3,30.5,91743959.0
2020-10-28,HYPE3,28.8,174531150.0
2020-10-29,HYPE3,28.82,132958362.0
2020-10-30,HYPE3,27.9,305633729.0
2020-11-03,HYPE3,27.43,157219221.0
2020-11-04,HYPE3,28.24,122726221.0
2020-11-05,HYPE3,29.73,181192235.0
2020-11-06,HYPE3,31.52,262185559.0
2020-11-09,HYPE3,31.8,332066075.0
2020-11-10,HYPE3,31.07,218381749.0
2020-11-11,HYPE3,29.9,158361037.0
2020-11-12,HYPE3,28.92,147056331.0
2020-11-13,HYPE3,29.66,103656954.0
2020-11-16,HYPE3,29.55,110673611.0
2020-11-17,HYPE3,31.77,211635217.0
2020-11-18,HYPE3,31.12,138831721.0
2020-11-19,HYPE3,31.16,93735756.0
2020-11-20,HYPE3,31.28,56836198.0
2020-11-23,HYPE3,30.4,63573951.0
2020-11-24,HYPE3,31.41,109993796.0
2020-11-25,HYPE3,31.62,147983225.0
2020-11-26,HYPE3,31.84,77358981.0
2020-11-27,HYPE3,31.72,80549093.0
2020-11-30,HYPE3,32.11,162512050.0
2020-12-01,HYPE3,31.4,95475613.0
2020-12-02,HYPE3,31.54,205191269.0
2019-01-04,IGTA3,41.75,64288305.0
2019-01-07,IGTA3,41.1,66120206.0
2019-01-08,IGTA3,40.55,148303342.0
2019-01-09,IGTA3,41.12,102181971.0
2019-01-10,IGTA3,40.76,65505533.0
2019-01-11,IGTA3,40.08,101347691.0
2019-01-14,IGTA3,39.5,129231183.0
2019-01-15,IGTA3,40.5,85583341.0
2019-01-16,IGTA3,40.65,45331802.0
2019-01-17,IGTA3,41.13,33593730.0
2019-01-18,IGTA3,41.12,38816248.0
2019-01-21,IGTA3,40.74,32488235.0
2019-01-22,IGTA3,40.8,81601266.0
2019-01-23,IGTA3,41.94,113785758.0
2019-01-24,IGTA3,41.81,134556960.0
2019-01-28,IGTA3,42.4,117980865.0
2019-01-29,IGTA3,43.29,88995027.0
2019-01-30,IGTA3,43.61,43806318.0
2019-01-31,IGTA3,44.55,109341281.0
2019-02-01,IGTA3,44.59,90445094.0
2019-02-04,IGTA3,44.86,67520545.0
2019-02-05,IGTA3,44.96,108033563.0
2019-02-06,IGTA3,44.21,76828032.0
2019-02-07,IGTA3,43.73,56506827.0
2019-02-08,IGTA3,44.15,55946155.0
2019-02-11,IGTA3,43.62,41610096.0
2019-02-12,IGTA3,43.45,85936309.0
2019-02-13,IGTA3,43.18,47851386.0
2019-02-14,IGTA3,43.66,76449022.0
2019-02-15,IGTA3,43.5,42882609.0
2019-02-18,IGTA3,43.1,39811619.0
2019-02-19,IGTA3,43.47,50852169.0
2019-02-20,IGTA3,42.85,50252712.0
2019-02-21,IGTA3,42.77,41933496.0
2019-02-22,IGTA3,43.32,22756804.0
2019-02-25,IGTA3,43.4,33549636.0
2019-02-26,IGTA3,43.48,33894145.0
2019-02-27,IGTA3,42.4,87639859.0
2019-02-28,IGTA3,42.0,32537352.0
2019-03-01,IGTA3,41.43,32433280.0
2019-03-06,IGTA3,40.39,20125606.0
2019-03-07,IGTA3,40.64,69197783.0
2019-03-08,IGTA3,41.6,54991612.0
2019-03-11,IGTA3,41.85,30090242.0
2019-03-12,IGTA3,41.7,73164748.0
2019-03-13,IGTA3,42.0,52126324.0
2019-03-14,IGTA3,41.73,38649789.0
2019-03-15,IGTA3,41.79,56111980.0
2019-03-18,IGTA3,41.44,58150057.0
2019-03-19,IGTA3,41.27,62713250.0
2019-03-20,IGTA3,40.7,40605055.0
2019-03-21,IGTA3,40.68,73590977.0
2019-03-22,IGTA3,39.4,47522656.0
2019-03-25,IGTA3,39.6,29502805.0
2019-03-26,IGTA3,39.11,70382583.0
2019-03-27,IGTA3,37.76,63857137.0
2019-03-28,IGTA3,38.9,55537413.0
2019-03-29,IGTA3,38.92,49565627.0
2019-04-01,IGTA3,38.55,21967213.0
2019-04-02,IGTA3,38.75,15246502.0
2019-05-03,IGTA3,38.27,32893993.0
2019-05-06,IGTA3,37.96,41565436.0
2019-05-07,IGTA3,37.81,53707751.0
2019-05-08,IGTA3,39.0,64768184.0
2019-05-09,IGTA3,38.5,53225695.0
2019-05-10,IGTA3,38.32,33740690.0
2019-05-13,IGTA3,37.91,49495666.0
2019-05-14,IGTA3,37.6,37682270.0
2019-05-15,IGTA3,36.95,48370728.0
2019-05-16,IGTA3,36.02,56048689.0
2019-05-17,IGTA3,35.6,33307068.0
2019-05-20,IGTA3,37.13,51577041.0
2019-05-21,IGTA3,38.11,36012282.0
2019-05-22,IGTA3,38.01,31934981.0
2019-05-23,IGTA3,37.99,31493478.0
2019-05-24,IGTA3,37.63,29151146.0
2019-05-27,IGTA3,38.13,21545555.0
2019-05-28,IGTA3,38.51,46690572.0
2019-05-29,IGTA3,38.8,34630159.0
2019-05-30,IGTA3,39.75,40154387.0
2019-05-31,IGTA3,40.0,60531049.0
2019-06-03,IGTA3,40.08,39316927.0
2019-06-04,IGTA3,41.01,68956705.0
2019-06-05,IGTA3,40.95,74960171.0
2019-06-06,IGTA3,40.81,47366467.0
2019-06-07,IGTA3,41.65,66226100.0
2019-06-10,IGTA3,41.77,50749891.0
2019-06-11,IGTA3,41.8,40369741.0
2019-06-12,IGTA3,41.58,41813638.0
2019-06-13,IGTA3,43.5,134865506.0
2019-06-14,IGTA3,43.7,94263141.0
2019-06-17,IGTA3,43.27,68208705.0
2019-06-18,IGTA3,44.0,111200706.0
2019-06-19,IGTA3,44.14,35417359.0
2019-06-21,IGTA3,45.01,101263522.0
2019-06-24,IGTA3,45.13,81520321.0
2019-06-25,IGTA3,44.26,43832555.0
2019-06-26,IGTA3,44.5,44235280.0
2019-06-27,IGTA3,44.75,64742198.0
2019-06-28,IGTA3,45.95,79387021.0
2019-07-01,IGTA3,45.4,58458190.0
2019-07-02,IGTA3,45.5,82829417.0
2019-07-03,IGTA3,46.04,62672522.0
2019-07-04,IGTA3,46.66,97378309.0
2019-07-05,IGTA3,47.52,143551131.0
2019-07-08,IGTA3,49.11,111853031.0
2019-07-10,IGTA3,50.2,122218231.0
2019-07-11,IGTA3,49.2,58676430.0
2019-07-12,IGTA3,48.88,136680063.0
2019-07-15,IGTA3,48.3,71340140.0
2019-07-16,IGTA3,48.5,74884639.0
2019-07-17,IGTA3,49.45,74042810.0
2019-07-18,IGTA3,48.6,112876269.0
2019-07-19,IGTA3,48.01,40329397.0
2019-07-22,IGTA3,47.79,54903794.0
2019-07-23,IGTA3,47.35,56485610.0
2019-07-24,IGTA3,47.07,71301280.0
2019-07-25,IGTA3,46.89,75385618.0
2019-07-26,IGTA3,46.8,52690686.0
2019-07-29,IGTA3,47.25,94806227.0
2019-07-30,IGTA3,48.23,100831506.0
2019-07-31,IGTA3,48.09,79315122.0
2019-08-01,IGTA3,48.39,85574842.0
2019-08-02,IGTA3,48.34,48409899.0
2019-09-02,IGTA3,46.04,63564300.0
2019-09-03,IGTA3,45.55,55309112.0
2019-09-04,IGTA3,45.9,58506527.0
2019-09-05,IGTA3,46.35,79885683.0
2019-09-06,IGTA3,45.93,38033652.0
2019-09-09,IGTA3,44.0,108952088.0
2019-09-10,IGTA3,44.69,85426205.0
2019-09-11,IGTA3,46.2,55124172.0
2019-09-12,IGTA3,45.55,37753634.0
2019-09-13,IGTA3,44.7,22334138.0
2019-09-16,IGTA3,44.4,75032190.0
2019-09-17,IGTA3,45.7,52651432.0
2019-09-18,IGTA3,46.49,43387724.0
2019-09-19,IGTA3,47.5,69511067.0
2019-09-20,IGTA3,48.4,64575331.0
2019-09-23,IGTA3,47.82,49461282.0
2019-09-24,IGTA3,47.33,39593967.0
2019-09-25,IGTA3,47.0,44364656.0
2019-09-26,IGTA3,47.59,58261933.0
2019-09-27,IGTA3,46.93,45255227.0
2019-09-30,IGTA3,47.53,35794379.0
2019-10-01,IGTA3,46.95,49166886.0
2019-10-02,IGTA3,46.37,52481492.0
2019-10-03,IGTA3,46.59,52256536.0
2019-10-04,IGTA3,47.22,25468583.0
2019-10-07,IGTA3,46.29,46915820.0
2019-10-08,IGTA3,46.2,28788677.0
2019-10-09,IGTA3,46.5,52660650.0
2019-10-10,IGTA3,45.63,59575305.0
2019-10-11,IGTA3,45.93,102922417.0
2019-10-14,IGTA3,46.25,36984981.0
2019-10-15,IGTA3,46.15,64936081.0
2019-10-16,IGTA3,46.94,88804422.0
2019-10-17,IGTA3,46.7,25366610.0
2019-10-18,IGTA3,47.1,29174930.0
2019-10-21,IGTA3,47.25,51380400.0
2019-10-22,IGTA3,47.14,72401838.0
2019-10-23,IGTA3,46.91,60927043.0
2019-10-24,IGTA3,46.94,47069584.0
2019-10-25,IGTA3,47.08,29741260.0
2019-10-28,IGTA3,47.01,37170159.0
2019-10-29,IGTA3,46.81,124550677.0
2019-10-30,IGTA3,47.51,90070588.0
2019-10-31,IGTA3,47.9,42454755.0
2019-11-01,IGTA3,49.0,63126574.0
2019-11-04,IGTA3,48.9,39803377.0
2019-11-05,IGTA3,47.94,46851246.0
2019-11-06,IGTA3,48.42,28645683.0
2019-11-07,IGTA3,48.58,22177483.0
2019-11-08,IGTA3,47.1,72903818.0
2019-11-11,IGTA3,47.02,50432574.0
2019-11-12,IGTA3,46.32,57600383.0
2019-11-13,IGTA3,45.78,42693887.0
2019-11-14,IGTA3,46.49,62533817.0
2019-11-18,IGTA3,46.3,62693603.0
2019-11-19,IGTA3,46.0,48500921.0
2019-11-21,IGTA3,47.32,94525461.0
2019-11-22,IGTA3,47.32,63666480.0
2019-11-25,IGTA3,47.23,43500120.0
2019-11-26,IGTA3,46.65,67188789.0
2019-11-27,IGTA3,46.22,56233992.0
2019-11-28,IGTA3,46.81,42804622.0
2019-11-29,IGTA3,47.46,86329497.0
2019-12-02,IGTA3,48.7,88946930.0
2020-01-02,IGTA3,54.5,103594219.0
2020-01-03,IGTA3,54.58,83810600.0
2020-01-06,IGTA3,54.49,59377771.0
2020-01-07,IGTA3,54.65,66893891.0
2020-01-08,IGTA3,54.8,67426407.0
2020-01-09,IGTA3,54.79,72119914.0
2020-01-10,IGTA3,54.74,69742933.0
2020-01-13,IGTA3,56.33,102543650.0
2020-01-14,IGTA3,56.15,102470909.0
2020-01-15,IGTA3,55.44,175881082.0
2020-01-16,IGTA3,55.19,90933459.0
2020-01-17,IGTA3,55.5,57151651.0
2020-01-20,IGTA3,56.36,52918679.0
2020-01-21,IGTA3,55.88,86841798.0
2020-01-22,IGTA3,55.97,69415204.0
2020-01-23,IGTA3,57.08,81132758.0
2020-01-24,IGTA3,54.9,229267946.0
2020-01-27,IGTA3,53.43,68300168.0
2020-01-28,IGTA3,54.14,79168493.0
2020-01-29,IGTA3,54.05,76669618.0
2020-01-30,IGTA3,53.48,129142278.0
2020-01-31,IGTA3,53.3,79258739.0
2020-02-03,IGTA3,54.06,62007493.0
2020-02-04,IGTA3,54.67,56508620.0
2020-02-05,IGTA3,54.2,89823836.0
2020-02-06,IGTA3,53.5,83379363.0
2020-02-07,IGTA3,53.77,83325178.0
2020-02-10,IGTA3,52.2,75770665.0
2020-02-11,IGTA3,54.76,59650209.0
2020-02-12,IGTA3,55.61,77164209.0
2020-02-13,IGTA3,54.65,69548494.0
2020-02-14,IGTA3,54.91,50951555.0
2020-02-17,IGTA3,55.4,19826155.0
2020-02-18,IGTA3,55.26,44652387.0
2020-02-19,IGTA3,55.66,49185414.0
2020-02-20,IGTA3,55.6,61634262.0
2020-02-21,IGTA3,55.95,67206432.0
2020-02-26,IGTA3,51.82,85455919.0
2020-02-27,IGTA3,50.36,132295355.0
2020-02-28,IGTA3,49.83,89633240.0
2020-03-02,IGTA3,51.63,73713030.0
2020-03-03,IGTA3,50.63,64115946.0
2020-03-04,IGTA3,52.59,50531978.0
2020-03-05,IGTA3,49.5,69154706.0
2020-03-06,IGTA3,47.93,107740463.0
2020-03-09,IGTA3,42.0,102308536.0
2020-03-10,IGTA3,44.49,126198295.0
2020-03-11,IGTA3,40.87,69660134.0
2020-03-12,IGTA3,35.13,62539549.0
2020-03-13,IGTA3,37.05,121469440.0
2020-03-16,IGTA3,29.0,62844137.0
2020-03-17,IGTA3,30.73,73755397.0
2020-03-18,IGTA3,26.97,112560607.0
2020-03-19,IGTA3,30.33,129261133.0
2020-03-20,IGTA3,28.0,78090591.0
2020-03-23,IGTA3,27.08,53354206.0
2020-03-24,IGTA3,31.64,100482751.0
2020-03-25,IGTA3,34.6,95043628.0
2020-03-26,IGTA3,36.6,52630802.0
2020-03-27,IGTA3,34.73,38573215.0
2020-03-30,IGTA3,35.12,61397844.0
2020-03-31,IGTA3,31.25,74332836.0
2020-04-01,IGTA3,29.91,91949048.0
2020-04-02,IGTA3,29.49,51216794.0
2020-05-04,IGTA3,31.31,57516280.0
2020-05-05,IGTA3,30.72,32575125.0
2020-05-06,IGTA3,29.89,34835124.0
2020-05-07,IGTA3,27.66,170530350.0
2020-05-08,IGTA3,28.72,99484559.0
2020-05-11,IGTA3,27.72,56632454.0
2020-05-12,IGTA3,27.29,24747887.0
2020-05-13,IGTA3,28.32,59433027.0
2020-05-14,IGTA3,29.05,52410352.0
2020-05-15,IGTA3,28.45,43653656.0
2020-05-18,IGTA3,30.25,118600222.0
2020-05-19,IGTA3,30.87,82020678.0
2020-05-20,IGTA3,31.77,94485922.0
2020-05-21,IGTA3,33.44,129047072.0
2020-05-22,IGTA3,32.71,37019096.0
2020-05-25,IGTA3,34.89,56645113.0
2020-05-26,IGTA3,33.67,68541291.0
2020-05-27,IGTA3,35.18,96868772.0
2020-05-28,IGTA3,32.93,106500606.0
2020-05-29,IGTA3,32.59,88852525.0
2020-06-01,IGTA3,35.05,124306933.0
2020-06-02,IGTA3,35.17,130158388.0
2020-06-03,IGTA3,37.34,118160015.0
2020-06-04,IGTA3,36.84,102582011.0
2020-06-05,IGTA3,37.39,109252789.0
2020-06-08,IGTA3,37.0,158223481.0
2020-06-09,IGTA3,38.8,184762246.0
2020-06-10,IGTA3,37.18,130354945.0
2020-06-12,IGTA3,35.78,102801178.0
2020-06-15,IGTA3,35.07,105594208.0
2020-06-16,IGTA3,34.52,92552149.0
2020-06-17,IGTA3,36.09,64559425.0
2020-06-18,IGTA3,35.58,75637124.0
2020-06-19,IGTA3,36.0,78217085.0
2020-06-22,IGTA3,36.2,66163810.0
2020-06-23,IGTA3,35.83,74604276.0
2020-06-24,IGTA3,35.03,99846267.0
2020-06-25,IGTA3,34.75,63422123.0
2020-06-26,IGTA3,33.09,51653487.0
2020-06-29,IGTA3,33.82,72582311.0
2020-06-30,IGTA3,33.35,82836659.0
2020-07-01,IGTA3,34.21,106314249.0
2020-07-02,IGTA3,33.67,87596257.0
2020-07-03,IGTA3,34.46,44717928.0
2020-07-06,IGTA3,36.1,81825617.0
2020-07-07,IGTA3,35.42,72429383.0
2020-07-08,IGTA3,35.5,85613089.0
2020-07-09,IGTA3,36.07,62484535.0
2020-07-10,IGTA3,36.54,47784023.0
2020-07-13,IGTA3,35.38,96926850.0
2020-07-14,IGTA3,35.3,58924378.0
2020-07-15,IGTA3,35.7,56159170.0
2020-07-16,IGTA3,35.36,38902617.0
2020-07-17,IGTA3,35.63,49086219.0
2020-07-20,IGTA3,36.2,50377853.0
2020-07-21,IGTA3,36.76,94031965.0
2020-07-22,IGTA3,35.25,121696607.0
2020-07-23,IGTA3,34.24,69037883.0
2020-07-24,IGTA3,33.68,54036974.0
2020-07-27,IGTA3,33.77,53767938.0
2020-07-28,IGTA3,34.58,76513049.0
2020-07-29,IGTA3,34.58,87941184.0
2020-07-30,IGTA3,34.3,40667095.0
2020-07-31,IGTA3,33.55,42170119.0
2020-09-02,IGTA3,34.82,38219509.0
2020-09-03,IGTA3,34.17,74234548.0
2020-09-04,IGTA3,34.53,66282381.0
2020-09-08,IGTA3,36.1,103325554.0
2020-09-09,IGTA3,35.3,59780787.0
2020-09-10,IGTA3,34.73,59074798.0
2020-09-11,IGTA3,34.11,70911572.0
2020-09-14,IGTA3,35.99,98734205.0
2020-09-15,IGTA3,36.07,81999027.0
2020-09-16,IGTA3,36.82,93918055.0
2020-09-17,IGTA3,36.39,50861666.0
2020-09-18,IGTA3,35.45,65489125.0
2020-09-21,IGTA3,33.85,94808560.0
2020-09-22,IGTA3,33.45,75183255.0
2020-09-23,IGTA3,32.58,96219247.0
2020-09-24,IGTA3,32.43,79809413.0
2020-09-25,IGTA3,31.69,47215410.0
2020-09-28,IGTA3,30.91,64149323.0
2020-09-29,IGTA3,30.34,48936148.0
2020-09-30,IGTA3,30.75,53991316.0
2020-10-01,IGTA3,32.12,61046400.0
2020-10-02,IGTA3,31.25,58832182.0
2020-10-05,IGTA3,31.4,53989491.0
2020-10-06,IGTA3,32.09,64928828.0
2020-10-07,IGTA3,32.32,56936246.0
2020-10-08,IGTA3,32.55,51394348.0
2020-10-09,IGTA3,32.4,54827211.0
2020-10-13,IGTA3,32.08,62177449.0
2020-10-14,IGTA3,32.09,61972009.0
2020-10-15,IGTA3,32.53,82871504.0
2020-10-16,IGTA3,32.14,57250293.0
2020-10-19,IGTA3,32.4,69450778.0
2020-10-20,IGTA3,33.06,61113667.0
2020-10-21,IGTA3,34.16,111137947.0
2020-10-22,IGTA3,33.7,48089483.0
2020-10-23,IGTA3,33.45,39558383.0
2020-10-26,IGTA3,32.29,91128191.0
2020-10-27,IGTA3,31.7,55297287.0
2020-10-28,IGTA3,30.0,68050997.0
2020-10-29,IGTA3,30.34,117540248.0
2020-10-30,IGTA3,29.99,64352156.0
2020-11-03,IGTA3,29.48,55820181.0
2020-11-04,IGTA3,30.82,56800854.0
2020-11-05,IGTA3,32.33,74583705.0
2020-11-06,IGTA3,33.98,141132326.0
2020-11-09,IGTA3,38.17,480492480.0
2020-11-10,IGTA3,37.69,189425152.0
2020-11-11,IGTA3,37.13,146134646.0
2020-11-12,IGTA3,35.56,137269319.0
2020-11-13,IGTA3,35.15,82482898.0
2020-11-16,IGTA3,35.51,102811019.0
2020-11-17,IGTA3,36.22,113108310.0
2020-11-18,IGTA3,34.66,70048020.0
2020-11-19,IGTA3,34.6,63034278.0
2020-11-20,IGTA3,33.7,39275420.0
2020-11-23,IGTA3,34.25,45667834.0
2020-11-24,IGTA3,36.3,131100668.0
2020-11-25,IGTA3,36.91,91221269.0
2020-11-26,IGTA3,36.29,47372105.0
2020-11-27,IGTA3,36.98,104060667.0
2020-11-30,IGTA3,36.16,126030996.0
2020-12-01,IGTA3,38.07,157127298.0
2020-12-02,IGTA3,38.52,67315525.0
2019-05-03,IRBR3,100.1,524181762.0
2019-05-06,IRBR3,98.5,106969317.0
2019-05-07,IRBR3,99.5,204631746.0
2019-05-08,IRBR3,99.5,125195347.0
2019-05-09,IRBR3,99.5,235511274.0
2019-05-10,IRBR3,101.08,100275117.0
2019-05-13,IRBR3,97.85,79043791.0
2019-05-14,IRBR3,98.49,102288888.0
2019-05-15,IRBR3,97.0,101920041.0
2019-05-16,IRBR3,96.77,142990223.0
2019-05-17,IRBR3,99.5,103705578.0
2019-05-20,IRBR3,104.21,117314512.0
2019-05-21,IRBR3,103.9,178175193.0
2019-05-22,IRBR3,103.22,88215773.0
2019-05-23,IRBR3,102.8,60285203.0
2019-05-24,IRBR3,99.9,169341556.0
2019-05-27,IRBR3,99.26,73717836.0
2019-05-28,IRBR3,102.09,255350736.0
2019-05-29,IRBR3,102.91,100375423.0
2019-05-30,IRBR3,104.3,92371051.0
2019-05-31,IRBR3,101.88,180054532.0
2019-06-03,IRBR3,99.9,205506702.0
2019-06-04,IRBR3,101.31,197414640.0
2019-06-05,IRBR3,97.18,159267998.0
2019-06-06,IRBR3,94.85,167895351.0
2019-06-07,IRBR3,98.54,140704373.0
2019-06-10,IRBR3,98.57,62184334.0
2019-06-11,IRBR3,96.9,123807920.0
2019-06-12,IRBR3,96.78,252326080.0
2019-06-13,IRBR3,96.0,173875437.0
2019-06-14,IRBR3,93.6,110003128.0
2019-06-17,IRBR3,96.4,281555891.0
2019-06-18,IRBR3,98.23,100848351.0
2019-06-19,IRBR3,98.31,86944525.0
2019-06-21,IRBR3,99.48,138036996.0
2019-06-24,IRBR3,101.05,120630516.0
2019-06-25,IRBR3,98.82,102541871.0
2019-06-26,IRBR3,100.0,100251953.0
2019-06-27,IRBR3,99.4,97678932.0
2019-06-28,IRBR3,98.5,152997748.0
2019-07-01,IRBR3,101.25,113950287.0
2019-07-02,IRBR3,97.0,235702177.0
2019-07-03,IRBR3,96.24,251197171.0
2019-07-04,IRBR3,96.04,181912095.0
2019-07-05,IRBR3,96.73,146192438.0
2019-07-08,IRBR3,95.0,325185985.0
2019-07-10,IRBR3,101.45,356094892.0
2019-07-11,IRBR3,96.17,200538096.0
2019-07-12,IRBR3,94.03,159484701.0
2019-07-15,IRBR3,92.8,120001912.0
2019-07-16,IRBR3,92.73,107208690.0
2019-07-17,IRBR3,91.4,197176036.0
2019-07-18,IRBR3,90.0,273790972.0
2019-07-19,IRBR3,88.6,512967049.0
2019-07-22,IRBR3,92.25,576755857.0
2019-07-23,IRBR3,95.24,1687571929.0
2019-07-24,IRBR3,95.5,352747615.0
2019-07-25,IRBR3,95.5,310801493.0
2019-07-26,IRBR3,95.24,156736322.0
2019-07-29,IRBR3,94.72,342480082.0
2019-07-30,IRBR3,93.67,183407701.0
2019-07-31,IRBR3,95.0,354521789.0
2019-08-01,IRBR3,91.83,559708610.0
2019-08-02,IRBR3,91.5,473814149.0
2019-09-02,IRBR3,104.7,235739747.0
2019-09-03,IRBR3,103.07,159751476.0
2019-09-04,IRBR3,103.5,151157969.0
2019-09-05,IRBR3,102.34,179523659.0
2019-09-06,IRBR3,101.22,131774294.0
2019-09-09,IRBR3,103.56,256558450.0
2019-09-10,IRBR3,103.8,146945918.0
2019-09-11,IRBR3,105.65,156022030.0
2019-09-12,IRBR3,105.0,237772467.0
2019-09-13,IRBR3,103.0,122466170.0
2019-09-16,IRBR3,107.0,206098549.0
2019-09-17,IRBR3,112.73,438355891.0
2019-09-18,IRBR3,111.5,265118082.0
2019-09-19,IRBR3,112.14,97891747.0
2019-09-20,IRBR3,111.21,281674602.0
2019-09-23,IRBR3,111.88,109740342.0
2019-09-24,IRBR3,110.4,200552069.0
2019-09-25,IRBR3,110.27,177508591.0
2019-09-26,IRBR3,37.02,128811519.0
2019-09-27,IRBR3,37.48,95095646.0
2019-09-30,IRBR3,37.66,160302162.0
2019-10-01,IRBR3,37.25,120762943.0
2019-10-02,IRBR3,36.64,142535752.0
2019-10-03,IRBR3,35.6,202991490.0
2019-10-04,IRBR3,36.35,103870921.0
2019-10-07,IRBR3,35.2,233529935.0
2019-10-08,IRBR3,35.48,131494368.0
2019-10-09,IRBR3,35.95,65572611.0
2019-10-10,IRBR3,35.83,190555201.0
2019-10-11,IRBR3,36.36,128377771.0
2019-10-14,IRBR3,36.86,71908021.0
2019-10-15,IRBR3,36.98,126699400.0
2019-10-16,IRBR3,36.8,140059211.0
2019-10-17,IRBR3,37.47,106163405.0
2019-10-18,IRBR3,37.26,66719413.0
2019-10-21,IRBR3,38.65,135674825.0
2019-10-22,IRBR3,39.2,240035338.0
2019-10-23,IRBR3,39.15,220553781.0
2019-10-24,IRBR3,38.9,145943340.0
2019-10-25,IRBR3,38.7,251446588.0
2019-10-28,IRBR3,38.64,103165007.0
2019-10-29,IRBR3,37.8,161519242.0
2019-10-30,IRBR3,37.35,355586589.0
2019-10-31,IRBR3,37.79,185951826.0
2019-11-01,IRBR3,38.35,307811578.0
2019-11-04,IRBR3,38.64,110311594.0
2019-11-05,IRBR3,38.7,149334897.0
2019-11-06,IRBR3,38.01,135396627.0
2019-11-07,IRBR3,36.35,548813476.0
2019-11-08,IRBR3,35.1,466490983.0
2019-11-11,IRBR3,36.45,209223572.0
2019-11-12,IRBR3,36.57,191658563.0
2019-11-13,IRBR3,36.51,131977483.0
2019-11-14,IRBR3,37.45,152954830.0
2019-11-18,IRBR3,36.43,178598241.0
2019-11-19,IRBR3,36.8,111861219.0
2019-11-21,IRBR3,37.53,221021808.0
2019-11-22,IRBR3,37.63,150558644.0
2019-11-25,IRBR3,37.51,134654701.0
2019-11-26,IRBR3,36.92,248404399.0
2019-11-27,IRBR3,37.02,192642775.0
2019-11-28,IRBR3,37.6,143928588.0
2019-11-29,IRBR3,37.13,181362390.0
2019-12-02,IRBR3,37.2,139094591.0
2020-01-02,IRBR3,39.89,169972338.0
2020-01-03,IRBR3,39.58,141272985.0
2020-01-06,IRBR3,39.21,187080856.0
2020-01-07,IRBR3,39.47,120966210.0
2020-01-08,IRBR3,39.62,120331799.0
2020-01-09,IRBR3,41.15,522221801.0
2020-01-10,IRBR3,41.17,198446926.0
2020-01-13,IRBR3,41.52,361079782.0
2020-01-14,IRBR3,41.24,171082632.0
2020-01-15,IRBR3,42.21,253863165.0
2020-01-16,IRBR3,41.8,130642810.0
2020-01-17,IRBR3,43.21,133339615.0
2020-01-20,IRBR3,43.85,110619896.0
2020-01-21,IRBR3,43.01,144445736.0
2020-01-22,IRBR3,44.9,127616539.0
2020-01-23,IRBR3,43.88,200612665.0
2020-01-24,IRBR3,42.82,152135408.0
2020-01-27,IRBR3,41.9,235270749.0
2020-01-28,IRBR3,44.31,182072778.0
2020-01-29,IRBR3,44.0,131513428.0
2020-01-30,IRBR3,44.17,203375664.0
2020-01-31,IRBR3,44.83,340144253.0
2020-02-03,IRBR3,40.77,1811745167.0
2020-02-04,IRBR3,41.29,546106442.0
2020-02-05,IRBR3,42.5,628534208.0
2020-02-06,IRBR3,42.65,396038100.0
2020-02-07,IRBR3,39.53,343708675.0
2020-02-10,IRBR3,33.01,1483402347.0
2020-02-11,IRBR3,34.65,673747382.0
2020-02-12,IRBR3,33.7,413359065.0
2020-02-13,IRBR3,32.8,293951531.0
2020-02-14,IRBR3,34.65,535909925.0
2020-02-17,IRBR3,36.6,531921359.0
2020-02-18,IRBR3,36.3,568511322.0
2020-02-19,IRBR3,36.67,1263679977.0
2020-02-20,IRBR3,34.39,573589825.0
2020-02-21,IRBR3,32.52,669146047.0
2020-02-26,IRBR3,32.0,532532963.0
2020-02-27,IRBR3,34.13,990952099.0
2020-02-28,IRBR3,33.25,760312505.0
2020-03-02,IRBR3,30.35,576498527.0
2020-03-03,IRBR3,28.0,837264794.0
2020-03-04,IRBR3,19.05,2925263137.0
2020-03-05,IRBR3,15.97,1263177730.0
2020-03-06,IRBR3,16.37,751423104.0
2020-03-09,IRBR3,13.76,268702577.0
2020-03-10,IRBR3,13.7,392471891.0
2020-03-11,IRBR3,12.7,327408699.0
2020-03-12,IRBR3,9.15,289946173.0
2020-03-13,IRBR3,10.0,306706064.0
2020-03-16,IRBR3,8.75,237224904.0
2020-03-17,IRBR3,8.85,223807032.0
2020-03-18,IRBR3,7.2,182404000.0
2020-03-19,IRBR3,7.59,218560051.0
2020-03-20,IRBR3,7.3,295542304.0
2020-03-23,IRBR3,7.0,208635111.0
2020-03-24,IRBR3,8.18,229981393.0
2020-03-25,IRBR3,9.0,457665299.0
2020-03-26,IRBR3,9.93,451756588.0
2020-03-27,IRBR3,10.4,330423546.0
2020-03-30,IRBR3,10.74,270241061.0
2020-03-31,IRBR3,9.68,233584846.0
2020-04-01,IRBR3,9.31,160153114.0
2020-04-02,IRBR3,9.17,152368998.0
2020-05-04,IRBR3,9.59,175642853.0
2020-05-05,IRBR3,9.01,247579162.0
2020-05-06,IRBR3,9.14,163728522.0
2020-05-07,IRBR3,8.51,193612217.0
2020-05-08,IRBR3,9.04,210864461.0
2020-05-11,IRBR3,7.7,443228601.0
2020-05-12,IRBR3,8.04,416827691.0
2020-05-13,IRBR3,7.41,240159500.0
2020-05-14,IRBR3,7.04,354156342.0
2020-05-15,IRBR3,6.7,476204098.0
2020-05-18,IRBR3,7.35,276117745.0
2020-05-19,IRBR3,7.05,243157705.0
2020-05-20,IRBR3,7.61,217929641.0
2020-05-21,IRBR3,7.05,368620830.0
2020-05-22,IRBR3,7.17,230952675.0
2020-05-25,IRBR3,7.8,391199650.0
2020-05-26,IRBR3,7.39,357730709.0
2020-05-27,IRBR3,7.7,287713219.0
2020-05-28,IRBR3,8.13,453974386.0
2020-05-29,IRBR3,8.3,327216475.0
2020-06-01,IRBR3,8.31,259571127.0
2020-06-02,IRBR3,8.6,275496071.0
2020-06-03,IRBR3,10.75,832112118.0
2020-06-04,IRBR3,10.45,932546295.0
2020-06-05,IRBR3,10.75,495369495.0
2020-06-08,IRBR3,11.75,627947278.0
2020-06-09,IRBR3,13.22,1210987709.0
2020-06-10,IRBR3,12.96,872726648.0
2020-06-12,IRBR3,11.49,839698239.0
2020-06-15,IRBR3,10.35,839366962.0
2020-06-16,IRBR3,10.21,667445567.0
2020-06-17,IRBR3,10.08,368004618.0
2020-06-18,IRBR3,10.15,350329286.0
2020-06-19,IRBR3,10.39,288126778.0
2020-06-22,IRBR3,12.1,1009601710.0
2020-06-23,IRBR3,11.5,1210764738.0
2020-06-24,IRBR3,11.06,657220167.0
2020-06-25,IRBR3,11.25,584650135.0
2020-06-26,IRBR3,11.86,892752653.0
2020-06-29,IRBR3,12.46,792737648.0
2020-06-30,IRBR3,11.0,1609873345.0
2020-07-01,IRBR3,10.21,948088641.0
2020-07-02,IRBR3,8.96,1010308659.0
2020-07-03,IRBR3,9.68,1160764421.0
2020-07-06,IRBR3,9.51,664911085.0
2020-07-07,IRBR3,9.51,329559465.0
2020-07-08,IRBR3,9.32,349839468.0
2020-07-09,IRBR3,9.3,775433610.0
2020-07-10,IRBR3,9.2,264317991.0
2020-07-13,IRBR3,9.72,833929648.0
2020-07-14,IRBR3,9.3,560445899.0
2020-07-15,IRBR3,9.14,341571064.0
2020-07-16,IRBR3,8.95,262546931.0
2020-07-17,IRBR3,9.0,229622717.0
2020-07-20,IRBR3,8.92,219428312.0
2020-07-21,IRBR3,8.52,301366146.0
2020-07-22,IRBR3,8.17,302222470.0
2020-07-23,IRBR3,7.85,259734964.0
2020-07-24,IRBR3,8.34,472918229.0
2020-07-27,IRBR3,8.17,244481057.0
2020-07-28,IRBR3,8.2,183291916.0
2020-07-29,IRBR3,8.18,164570428.0
2020-07-30,IRBR3,8.07,162960213.0
2020-07-31,IRBR3,7.97,241108939.0
2020-09-02,IRBR3,7.01,164785634.0
2020-09-03,IRBR3,6.84,195384781.0
2020-09-04,IRBR3,6.95,315489173.0
2020-09-08,IRBR3,6.72,135549392.0
2020-09-09,IRBR3,6.51,192066804.0
2020-09-10,IRBR3,6.3,205563557.0
2020-09-11,IRBR3,6.04,184229330.0
2020-09-14,IRBR3,6.12,179453538.0
2020-09-15,IRBR3,5.92,153707389.0
2020-09-16,IRBR3,5.92,117234452.0
2020-09-17,IRBR3,5.91,109560723.0
2020-09-18,IRBR3,5.62,169107589.0
2020-09-21,IRBR3,5.41,146441906.0
2020-09-22,IRBR3,5.75,185888501.0
2020-09-23,IRBR3,6.3,590189956.0
2020-09-24,IRBR3,7.08,889656163.0
2020-09-25,IRBR3,7.17,1039652740.0
2020-09-28,IRBR3,7.23,647294861.0
2020-09-29,IRBR3,7.31,423104019.0
2020-09-30,IRBR3,7.49,430185314.0
2020-10-01,IRBR3,8.1,753077489.0
2020-10-02,IRBR3,8.09,660176493.0
2020-10-05,IRBR3,8.65,708565227.0
2020-10-06,IRBR3,7.17,1833962429.0
2020-10-07,IRBR3,6.44,1059986358.0
2020-10-08,IRBR3,7.74,1338505202.0
2020-10-09,IRBR3,7.18,1156840002.0
2020-10-13,IRBR3,7.14,315139331.0
2020-10-14,IRBR3,7.16,298806092.0
2020-10-15,IRBR3,7.0,285027042.0
2020-10-16,IRBR3,6.79,180136483.0
2020-10-19,IRBR3,7.09,450876770.0
2020-10-20,IRBR3,7.1,252626302.0
2020-10-21,IRBR3,6.83,449441335.0
2020-10-22,IRBR3,6.92,294187011.0
2020-10-23,IRBR3,6.85,139733846.0
2020-10-26,IRBR3,6.95,301659879.0
2020-10-27,IRBR3,6.73,206584510.0
2020-10-28,IRBR3,6.09,384701672.0
2020-10-29,IRBR3,6.11,356382352.0
2020-10-30,IRBR3,6.14,282646775.0
2020-11-03,IRBR3,6.4,472915917.0
2020-11-04,IRBR3,6.23,426199628.0
2020-11-05,IRBR3,6.24,239376708.0
2020-11-06,IRBR3,6.55,497281165.0
2020-11-09,IRBR3,6.65,331381401.0
2020-11-10,IRBR3,6.54,216657690.0
2020-11-11,IRBR3,6.41,182515772.0
2020-11-12,IRBR3,6.23,167760746.0
2020-11-13,IRBR3,6.71,430885937.0
2020-11-16,IRBR3,6.64,236031641.0
2020-11-17,IRBR3,6.84,243216966.0
2020-11-18,IRBR3,6.76,240342548.0
2020-11-19,IRBR3,6.68,170695205.0
2020-11-20,IRBR3,6.97,357477695.0
2020-11-23,IRBR3,7.17,506555503.0
2020-11-24,IRBR3,7.06,289631131.0
2020-11-25,IRBR3,6.95,217741655.0
2020-11-26,IRBR3,7.07,232581320.0
2020-11-27,IRBR3,6.82,429399102.0
2020-11-30,IRBR3,6.63,1044430427.0
2020-12-01,IRBR3,6.68,201816284.0
2020-12-02,IRBR3,6.76,307334772.0
2019-01-04,ITSA4,12.72,415490935.0
2019-01-07,ITSA4,12.71,170994795.0
2019-01-08,ITSA4,12.88,220225389.0
2019-01-09,ITSA4,13.05,407431590.0
2019-01-10,ITSA4,12.96,608480116.0
2019-01-11,ITSA4,12.8,384951761.0
2019-01-14,ITSA4,12.99,235383187.0
2019-01-15,ITSA4,12.91,426756374.0
2019-01-16,ITSA4,12.92,337974545.0
2019-01-17,ITSA4,12.94,353572508.0
2019-01-18,ITSA4,12.93,294200385.0
2019-01-21,ITSA4,12.88,177381299.0
2019-01-22,ITSA4,12.82,311271342.0
2019-01-23,ITSA4,12.99,840848958.0
2019-01-24,ITSA4,13.2,509502646.0
2019-01-28,ITSA4,13.49,356617023.0
2019-01-29,ITSA4,13.27,262144127.0
2019-01-30,ITSA4,13.42,324421002.0
2019-01-31,ITSA4,13.5,358196262.0
2019-02-01,ITSA4,13.54,231374135.0
2019-02-04,ITSA4,13.8,228780535.0
2019-02-05,ITSA4,13.37,371330189.0
2019-02-06,ITSA4,12.8,361029587.0
2019-02-07,ITSA4,12.82,232837186.0
2019-02-08,ITSA4,13.23,523641701.0
2019-02-11,ITSA4,13.14,204093295.0
2019-02-12,ITSA4,13.36,235384113.0
2019-02-13,ITSA4,13.07,344186498.0
2019-02-14,ITSA4,13.4,355591628.0
2019-02-15,ITSA4,13.23,422077331.0
2019-02-18,ITSA4,12.96,207219510.0
2019-02-19,ITSA4,13.23,1549784277.0
2019-02-20,ITSA4,13.2,1497465762.0
2019-02-21,ITSA4,13.56,1324285366.0
2019-02-22,ITSA4,12.9,373525392.0
2019-02-25,ITSA4,12.81,226347140.0
2019-02-26,ITSA4,12.82,238631139.0
2019-02-27,ITSA4,12.64,213923654.0
2019-02-28,ITSA4,12.37,310972459.0
2019-03-01,ITSA4,12.26,351380678.0
2019-03-06,ITSA4,12.08,199435063.0
2019-03-07,ITSA4,12.29,401055402.0
2019-03-08,ITSA4,12.51,217591142.0
2019-03-11,ITSA4,12.86,218812666.0
2019-03-12,ITSA4,12.9,240437686.0
2019-03-13,ITSA4,12.98,299557442.0
2019-03-14,ITSA4,12.77,239844595.0
2019-03-15,ITSA4,12.8,282452516.0
2019-03-18,ITSA4,12.89,151893533.0
2019-03-19,ITSA4,12.69,247739768.0
2019-03-20,ITSA4,12.47,236284438.0
2019-03-21,ITSA4,12.28,327807622.0
2019-03-22,ITSA4,11.93,356692709.0
2019-03-25,ITSA4,11.96,319677377.0
2019-03-26,ITSA4,12.03,352976684.0
2019-03-27,ITSA4,11.43,460679507.0
2019-03-28,ITSA4,12.05,329107302.0
2019-03-29,ITSA4,11.98,357320050.0
2019-04-01,ITSA4,11.98,201076923.0
2019-04-02,ITSA4,11.87,179675255.0
2019-05-03,ITSA4,11.77,165755135.0
2019-05-06,ITSA4,11.44,251994147.0
2019-05-07,ITSA4,11.44,306424258.0
2019-05-08,ITSA4,11.54,153097800.0
2019-05-09,ITSA4,11.49,151740702.0
2019-05-10,ITSA4,11.45,199933458.0
2019-05-13,ITSA4,11.25,427697736.0
2019-05-14,ITSA4,11.27,232609168.0
2019-05-15,ITSA4,11.25,481152517.0
2019-05-16,ITSA4,11.08,230042728.0
2019-05-17,ITSA4,11.08,279375293.0
2019-05-20,ITSA4,11.44,272031702.0
2019-05-21,ITSA4,11.79,286657599.0
2019-05-22,ITSA4,11.72,192679206.0
2019-05-23,ITSA4,11.68,191344696.0
2019-05-24,ITSA4,11.55,143194734.0
2019-05-27,ITSA4,11.58,132240988.0
2019-05-28,ITSA4,11.87,407664544.0
2019-05-29,ITSA4,12.16,469377376.0
2019-05-30,ITSA4,12.33,218121662.0
2019-05-31,ITSA4,12.39,220725792.0
2019-06-03,ITSA4,12.42,219200434.0
2019-06-04,ITSA4,12.45,292856796.0
2019-06-05,ITSA4,12.15,215078679.0
2019-06-06,ITSA4,12.29,147277157.0
2019-06-07,ITSA4,12.4,151127301.0
2019-06-10,ITSA4,12.21,294164633.0
2019-06-11,ITSA4,12.24,309548632.0
2019-06-12,ITSA4,12.18,245107459.0
2019-06-13,ITSA4,12.02,363293251.0
2019-06-14,ITSA4,11.98,236580462.0
2019-06-17,ITSA4,11.97,136015257.0
2019-06-18,ITSA4,12.2,334970841.0
2019-06-19,ITSA4,12.38,271861753.0
2019-06-21,ITSA4,12.6,322014145.0
2019-06-24,ITSA4,12.65,299587205.0
2019-06-25,ITSA4,12.58,619754044.0
2019-06-26,ITSA4,12.98,1179831976.0
2019-06-27,ITSA4,12.94,350903154.0
2019-06-28,ITSA4,12.89,232612580.0
2019-07-01,ITSA4,12.92,129201245.0
2019-07-02,ITSA4,12.78,181111622.0
2019-07-03,ITSA4,12.98,202698284.0
2019-07-04,ITSA4,13.15,218279460.0
2019-07-05,ITSA4,13.27,129364244.0
2019-07-08,ITSA4,13.28,117674143.0
2019-07-10,ITSA4,13.34,305623371.0
2019-07-11,ITSA4,13.2,196843001.0
2019-07-12,ITSA4,13.0,410466879.0
2019-07-15,ITSA4,12.95,244808137.0
2019-07-16,ITSA4,12.89,183918866.0
2019-07-17,ITSA4,12.93,161668105.0
2019-07-18,ITSA4,13.21,182044072.0
2019-07-19,ITSA4,13.05,161854758.0
2019-07-22,ITSA4,13.25,207100370.0
2019-07-23,ITSA4,13.32,188166197.0
2019-07-24,ITSA4,13.3,217233462.0
2019-07-25,ITSA4,12.9,294962280.0
2019-07-26,ITSA4,13.01,242664642.0
2019-07-29,ITSA4,12.99,173937174.0
2019-07-30,ITSA4,12.78,212283716.0
2019-07-31,ITSA4,12.47,336731561.0
2019-08-01,ITSA4,12.55,359338625.0
2019-08-02,ITSA4,12.46,265633367.0
2019-09-02,ITSA4,12.14,131417922.0
2019-09-03,ITSA4,11.95,202712678.0
2019-09-04,ITSA4,12.14,199126703.0
2019-09-05,ITSA4,12.58,373380173.0
2019-09-06,ITSA4,12.95,330816018.0
2019-09-09,ITSA4,13.11,328601433.0
2019-09-10,ITSA4,12.98,243609264.0
2019-09-11,ITSA4,12.94,169603820.0
2019-09-12,ITSA4,13.11,519484226.0
2019-09-13,ITSA4,13.16,354652250.0
2019-09-16,ITSA4,13.12,415196697.0
2019-09-17,ITSA4,13.18,216853278.0
2019-09-18,ITSA4,13.2,177031237.0
2019-09-19,ITSA4,13.08,280959065.0
2019-09-20,ITSA4,13.24,424374191.0
2019-09-23,ITSA4,13.1,153977557.0
2019-09-24,ITSA4,13.06,175635552.0
2019-09-25,ITSA4,13.14,192454303.0
2019-09-26,ITSA4,13.42,231396432.0
2019-09-27,ITSA4,13.39,131873358.0
2019-09-30,ITSA4,13.18,225176106.0
2019-10-01,ITSA4,12.95,270961414.0
2019-10-02,ITSA4,12.65,265999823.0
2019-10-03,ITSA4,12.5,255745465.0
2019-10-04,ITSA4,12.51,256103355.0
2019-10-07,ITSA4,12.18,271100193.0
2019-10-08,ITSA4,12.14,229526352.0
2019-10-09,ITSA4,12.33,153188683.0
2019-10-10,ITSA4,12.43,122914628.0
2019-10-11,ITSA4,12.7,252787432.0
2019-10-14,ITSA4,12.91,166757992.0
2019-10-15,ITSA4,12.93,252549956.0
2019-10-16,ITSA4,13.17,238360398.0
2019-10-17,ITSA4,13.15,198064085.0
2019-10-18,ITSA4,13.07,156272868.0
2019-10-21,ITSA4,13.26,152802691.0
2019-10-22,ITSA4,13.56,313746486.0
2019-10-23,ITSA4,13.66,297849825.0
2019-10-24,ITSA4,13.65,206798544.0
2019-10-25,ITSA4,13.79,161435323.0
2019-10-28,ITSA4,13.91,130173029.0
2019-10-29,ITSA4,13.78,196776307.0
2019-10-30,ITSA4,13.95,237185836.0
2019-10-31,ITSA4,13.71,315920332.0
2019-11-01,ITSA4,13.76,193133510.0
2019-11-04,ITSA4,13.9,168168011.0
2019-11-05,ITSA4,14.07,291971932.0
2019-11-06,ITSA4,13.96,266257402.0
2019-11-07,ITSA4,13.94,304918657.0
2019-11-08,ITSA4,13.76,233988540.0
2019-11-11,ITSA4,13.89,215675448.0
2019-11-12,ITSA4,13.73,213702996.0
2019-11-13,ITSA4,13.5,299680464.0
2019-11-14,ITSA4,13.63,167810124.0
2019-11-18,ITSA4,13.6,196977683.0
2019-11-19,ITSA4,13.42,234702445.0
2019-11-21,ITSA4,13.51,228543020.0
2019-11-22,ITSA4,13.71,205410752.0
2019-11-25,ITSA4,13.38,283667670.0
2019-11-26,ITSA4,13.06,493034295.0
2019-11-27,ITSA4,13.22,198261764.0
2019-11-28,ITSA4,13.25,155939766.0
2019-11-29,ITSA4,13.27,200067331.0
2019-12-02,ITSA4,13.36,178739851.0
2020-01-02,ITSA4,14.35,260592285.0
2020-01-03,ITSA4,14.14,309695528.0
2020-01-06,ITSA4,14.11,286058489.0
2020-01-07,ITSA4,13.92,279473269.0
2020-01-08,ITSA4,13.71,267419904.0
2020-01-09,ITSA4,13.44,352605645.0
2020-01-10,ITSA4,13.35,337351759.0
2020-01-13,ITSA4,13.53,311388061.0
2020-01-14,ITSA4,13.68,234563789.0
2020-01-15,ITSA4,13.46,236420500.0
2020-01-16,ITSA4,13.49,186360154.0
2020-01-17,ITSA4,13.6,146799333.0
2020-01-20,ITSA4,13.41,202696160.0
2020-01-21,ITSA4,13.1,212182859.0
2020-01-22,ITSA4,13.29,221106706.0
2020-01-23,ITSA4,13.55,312802378.0
2020-01-24,ITSA4,13.35,146811499.0
2020-01-27,ITSA4,13.06,213555392.0
2020-01-28,ITSA4,13.11,183834780.0
2020-01-29,ITSA4,12.97,242861526.0
2020-01-30,ITSA4,13.08,244633813.0
2020-01-31,ITSA4,12.86,303115337.0
2020-02-03,ITSA4,12.85,179443854.0
2020-02-04,ITSA4,12.88,168834046.0
2020-02-05,ITSA4,12.95,330556845.0
2020-02-06,ITSA4,12.82,200858406.0
2020-02-07,ITSA4,12.79,252503647.0
2020-02-10,ITSA4,13.05,275436314.0
2020-02-11,ITSA4,13.28,388980363.0
2020-02-12,ITSA4,13.37,394995380.0
2020-02-13,ITSA4,13.17,184729131.0
2020-02-14,ITSA4,13.0,174599528.0
2020-02-17,ITSA4,13.0,134556267.0
2020-02-18,ITSA4,13.19,1025212219.0
2020-02-19,ITSA4,13.34,549189027.0
2020-02-20,ITSA4,13.25,334703791.0
2020-02-21,ITSA4,12.81,229147323.0
2020-02-26,ITSA4,12.07,507451066.0
2020-02-27,ITSA4,11.87,519931634.0
2020-02-28,ITSA4,12.01,568833654.0
2020-03-02,ITSA4,12.31,293202649.0
2020-03-03,ITSA4,12.13,387666455.0
2020-03-04,ITSA4,12.2,212321374.0
2020-03-05,ITSA4,11.83,304796641.0
2020-03-06,ITSA4,11.56,397914662.0
2020-03-09,ITSA4,10.83,495842587.0
2020-03-10,ITSA4,11.06,522760546.0
2020-03-11,ITSA4,10.4,474162589.0
2020-03-12,ITSA4,9.27,488865714.0
2020-03-13,ITSA4,10.2,571637696.0
2020-03-16,ITSA4,9.1,486067231.0
2020-03-17,ITSA4,9.54,572114103.0
2020-03-18,ITSA4,9.07,507443208.0
2020-03-19,ITSA4,8.76,546167941.0
2020-03-20,ITSA4,8.31,470534234.0
2020-03-23,ITSA4,7.53,393559427.0
2020-03-24,ITSA4,8.07,360175902.0
2020-03-25,ITSA4,8.61,422202667.0
2020-03-26,ITSA4,8.98,375469387.0
2020-03-27,ITSA4,8.5,291891234.0
2020-03-30,ITSA4,8.82,281686497.0
2020-03-31,ITSA4,8.77,413354623.0
2020-04-01,ITSA4,8.26,288047660.0
2020-04-02,ITSA4,8.37,186796621.0
2020-05-04,ITSA4,8.7,210622238.0
2020-05-05,ITSA4,8.91,352738803.0
2020-05-06,ITSA4,8.7,224322179.0
2020-05-07,ITSA4,8.29,465633960.0
2020-05-08,ITSA4,8.49,289037577.0
2020-05-11,ITSA4,8.42,233353402.0
2020-05-12,ITSA4,8.18,309719802.0
2020-05-13,ITSA4,8.22,363507570.0
2020-05-14,ITSA4,8.52,477471330.0
2020-05-15,ITSA4,8.14,253692283.0
2020-05-18,ITSA4,8.54,349354655.0
2020-05-19,ITSA4,8.24,311832466.0
2020-05-20,ITSA4,8.25,205659327.0
2020-05-21,ITSA4,8.69,349355435.0
2020-05-22,ITSA4,8.86,390188672.0
2020-05-25,ITSA4,9.24,200259695.0
2020-05-26,ITSA4,8.92,430977629.0
2020-05-27,ITSA4,9.11,240996482.0
2020-05-28,ITSA4,9.0,188336017.0
2020-05-29,ITSA4,8.86,494417048.0
2020-06-01,ITSA4,9.07,352325071.0
2020-06-02,ITSA4,9.54,340841803.0
2020-06-03,ITSA4,9.81,478623142.0
2020-06-04,ITSA4,9.92,426384524.0
2020-06-05,ITSA4,10.04,492296927.0
2020-06-08,ITSA4,10.4,293611185.0
2020-06-09,ITSA4,10.36,331601460.0
2020-06-10,ITSA4,10.03,409267962.0
2020-06-12,ITSA4,9.79,460406781.0
2020-06-15,ITSA4,9.56,288064147.0
2020-06-16,ITSA4,9.76,218764184.0
2020-06-17,ITSA4,9.93,268752910.0
2020-06-18,ITSA4,10.25,310242640.0
2020-06-19,ITSA4,10.41,425277043.0
2020-06-22,ITSA4,10.15,343853036.0
2020-06-23,ITSA4,10.06,298081199.0
2020-06-24,ITSA4,9.77,308878755.0
2020-06-25,ITSA4,9.96,262771517.0
2020-06-26,ITSA4,9.66,402770215.0
2020-06-29,ITSA4,9.89,438125167.0
2020-06-30,ITSA4,9.59,377262590.0
2020-07-01,ITSA4,9.79,250914555.0
2020-07-02,ITSA4,9.95,301135920.0
2020-07-03,ITSA4,9.97,105351532.0
2020-07-06,ITSA4,10.36,265764666.0
2020-07-07,ITSA4,9.99,436361041.0
2020-07-08,ITSA4,10.17,223951111.0
2020-07-09,ITSA4,10.2,235034346.0
2020-07-10,ITSA4,10.23,163744633.0
2020-07-13,ITSA4,10.04,212609058.0
2020-07-14,ITSA4,10.16,192820358.0
2020-07-15,ITSA4,10.27,208547521.0
2020-07-16,ITSA4,10.15,137309071.0
2020-07-17,ITSA4,10.27,214344636.0
2020-07-20,ITSA4,10.42,299469423.0
2020-07-21,ITSA4,10.52,283251727.0
2020-07-22,ITSA4,10.52,717785730.0
2020-07-23,ITSA4,10.37,313336706.0
2020-07-24,ITSA4,10.45,414298526.0
2020-07-27,ITSA4,11.02,506508662.0
2020-07-28,ITSA4,10.88,297656872.0
2020-07-29,ITSA4,11.13,279034997.0
2020-07-30,ITSA4,10.91,375885449.0
2020-07-31,ITSA4,10.67,368085709.0
2020-09-02,ITSA4,9.59,246272291.0
2020-09-03,ITSA4,9.79,375107722.0
2020-09-04,ITSA4,9.77,238531061.0
2020-09-08,ITSA4,9.64,219506963.0
2020-09-09,ITSA4,9.68,160120161.0
2020-09-10,ITSA4,9.46,255492339.0
2020-09-11,ITSA4,9.27,238643096.0
2020-09-14,ITSA4,9.38,162825006.0
2020-09-15,ITSA4,9.26,270084577.0
2020-09-16,ITSA4,9.26,269193631.0
2020-09-17,ITSA4,9.25,266842332.0
2020-09-18,ITSA4,8.99,331544631.0
2020-09-21,ITSA4,8.98,343183324.0
2020-09-22,ITSA4,8.98,209164876.0
2020-09-23,ITSA4,8.8,211778599.0
2020-09-24,ITSA4,9.03,237167161.0
2020-09-25,ITSA4,9.02,127618795.0
2020-09-28,ITSA4,8.97,280965171.0
2020-09-29,ITSA4,8.82,222255345.0
2020-09-30,ITSA4,8.8,240552192.0
2020-10-01,ITSA4,8.9,201073732.0
2020-10-02,ITSA4,8.92,231852966.0
2020-10-05,ITSA4,8.96,275418396.0
2020-10-06,ITSA4,8.98,242760836.0
2020-10-07,ITSA4,8.9,184094722.0
2020-10-08,ITSA4,9.33,442075741.0
2020-10-09,ITSA4,9.36,317423879.0
2020-10-13,ITSA4,9.32,209552334.0
2020-10-14,ITSA4,9.29,178742269.0
2020-10-15,ITSA4,9.25,175261015.0
2020-10-16,ITSA4,9.07,284676048.0
2020-10-19,ITSA4,9.22,258874331.0
2020-10-20,ITSA4,9.5,273799580.0
2020-10-21,ITSA4,9.54,291090689.0
2020-10-22,ITSA4,9.9,509760693.0
2020-10-23,ITSA4,9.84,355875296.0
2020-10-26,ITSA4,9.91,234473615.0
2020-10-27,ITSA4,9.63,312874712.0
2020-10-28,ITSA4,9.18,310785065.0
2020-10-29,ITSA4,9.23,333361768.0
2020-10-30,ITSA4,9.09,300185788.0
2020-11-03,ITSA4,9.18,270752022.0
2020-11-04,ITSA4,9.39,579765954.0
2020-11-05,ITSA4,9.78,598637161.0
2020-11-06,ITSA4,9.83,195425774.0
2020-11-09,ITSA4,10.43,784741751.0
2020-11-10,ITSA4,10.77,658186779.0
2020-11-11,ITSA4,10.6,361373081.0
2020-11-12,ITSA4,10.47,322332593.0
2020-11-13,ITSA4,10.65,250424971.0
2020-11-16,ITSA4,10.88,786767103.0
2020-11-17,ITSA4,10.91,390329332.0
2020-11-18,ITSA4,10.7,347872413.0
2020-11-19,ITSA4,10.72,365260587.0
2020-11-20,ITSA4,10.63,280237490.0
2020-11-23,ITSA4,10.71,337387347.0
2020-11-24,ITSA4,10.94,441690136.0
2020-11-25,ITSA4,10.79,341938677.0
2020-11-26,ITSA4,10.71,301748291.0
2020-11-27,ITSA4,10.87,427532845.0
2020-11-30,ITSA4,10.58,695905559.0
2020-12-01,ITSA4,11.04,436592104.0
2020-12-02,ITSA4,11.03,216687951.0
2019-01-04,ITUB4,36.98,922964094.0
2019-01-07,ITUB4,37.05,627283217.0
2019-01-08,ITUB4,37.52,725176229.0
2019-01-09,ITUB4,38.09,769064742.0
2019-01-10,ITUB4,37.83,940246465.0
2019-01-11,ITUB4,37.6,512139832.0
2019-01-14,ITUB4,37.88,656605562.0
2019-01-15,ITUB4,37.29,1535556039.0
2019-01-16,ITUB4,37.18,641944543.0
2019-01-17,ITUB4,37.18,955077544.0
2019-01-18,ITUB4,37.66,802384650.0
2019-01-21,ITUB4,37.35,289641306.0
2019-01-22,ITUB4,37.29,453435418.0
2019-01-23,ITUB4,37.54,1017534893.0
2019-01-24,ITUB4,37.49,797123226.0
2019-01-28,ITUB4,38.16,853916516.0
2019-01-29,ITUB4,37.88,603908737.0
2019-01-30,ITUB4,38.12,734788403.0
2019-01-31,ITUB4,38.78,1048522665.0
2019-02-01,ITUB4,38.81,523786585.0
2019-02-04,ITUB4,39.69,693947963.0
2019-02-05,ITUB4,38.0,2721312315.0
2019-02-06,ITUB4,36.4,1454782571.0
2019-02-07,ITUB4,36.53,1124809112.0
2019-02-08,ITUB4,37.31,1143508706.0
2019-02-11,ITUB4,36.89,677720703.0
2019-02-12,ITUB4,37.77,833213679.0
2019-02-13,ITUB4,36.91,1171108428.0
2019-02-14,ITUB4,37.89,1220338624.0
2019-02-15,ITUB4,37.5,1006476145.0
2019-02-18,ITUB4,36.9,652344176.0
2019-02-19,ITUB4,37.75,850965789.0
2019-02-20,ITUB4,37.27,1085951459.0
2019-02-21,ITUB4,37.95,952317760.0
2019-02-22,ITUB4,36.66,637927090.0
2019-02-25,ITUB4,36.1,453204129.0
2019-02-26,ITUB4,36.23,291962950.0
2019-02-27,ITUB4,35.91,364984434.0
2019-02-28,ITUB4,35.23,636563012.0
2019-03-01,ITUB4,34.84,568881578.0
2019-03-06,ITUB4,34.85,336675203.0
2019-03-07,ITUB4,35.33,667590652.0
2019-03-08,ITUB4,35.75,481463833.0
2019-03-11,ITUB4,36.92,734212086.0
2019-03-12,ITUB4,37.0,482800377.0
2019-03-13,ITUB4,37.4,825582607.0
2019-03-14,ITUB4,36.81,655909791.0
2019-03-15,ITUB4,36.8,703597514.0
2019-03-18,ITUB4,36.86,417075806.0
2019-03-19,ITUB4,36.0,1274972513.0
2019-03-20,ITUB4,35.19,932830746.0
2019-03-21,ITUB4,34.57,1090955921.0
2019-03-22,ITUB4,33.55,1031364583.0
2019-03-25,ITUB4,33.6,670539408.0
2019-03-26,ITUB4,33.95,544492653.0
2019-03-27,ITUB4,32.8,938672434.0
2019-03-28,ITUB4,34.1,1050569394.0
2019-03-29,ITUB4,34.43,675793552.0
2019-04-01,ITUB4,34.16,590892856.0
2019-04-02,ITUB4,33.62,553604302.0
2019-05-03,ITUB4,33.71,1050456382.0
2019-05-06,ITUB4,32.97,484462084.0
2019-05-07,ITUB4,32.6,942160583.0
2019-05-08,ITUB4,32.97,597853805.0
2019-05-09,ITUB4,32.56,704902785.0
2019-05-10,ITUB4,32.41,468885668.0
2019-05-13,ITUB4,31.9,607189233.0
2019-05-14,ITUB4,31.75,424671472.0
2019-05-15,ITUB4,31.85,668214169.0
2019-05-16,ITUB4,31.44,566865533.0
2019-05-17,ITUB4,31.5,753272395.0
2019-05-20,ITUB4,32.32,775019352.0
2019-05-21,ITUB4,33.56,780725913.0
2019-05-22,ITUB4,33.6,441784135.0
2019-05-23,ITUB4,33.53,527901912.0
2019-05-24,ITUB4,33.03,383902675.0
2019-05-27,ITUB4,33.15,352958404.0
2019-05-28,ITUB4,34.08,1104512014.0
2019-05-29,ITUB4,34.72,973148238.0
2019-05-30,ITUB4,35.08,558336509.0
2019-05-31,ITUB4,35.0,640173129.0
2019-06-03,ITUB4,35.08,662393865.0
2019-06-04,ITUB4,35.02,579003291.0
2019-06-05,ITUB4,34.34,421244483.0
2019-06-06,ITUB4,34.7,396911896.0
2019-06-07,ITUB4,35.07,468134379.0
2019-06-10,ITUB4,34.63,630690932.0
2019-06-11,ITUB4,34.8,1005742422.0
2019-06-12,ITUB4,34.6,613289849.0
2019-06-13,ITUB4,33.98,1257330972.0
2019-06-14,ITUB4,33.99,634726307.0
2019-06-17,ITUB4,33.95,534218448.0
2019-06-18,ITUB4,34.83,788087215.0
2019-06-19,ITUB4,35.38,816758904.0
2019-06-21,ITUB4,36.18,985861900.0
2019-06-24,ITUB4,36.1,822188196.0
2019-06-25,ITUB4,35.65,853505363.0
2019-06-26,ITUB4,36.5,1188178163.0
2019-06-27,ITUB4,36.25,743695777.0
2019-06-28,ITUB4,36.26,640661122.0
2019-07-01,ITUB4,36.08,579583322.0
2019-07-02,ITUB4,35.95,677338421.0
2019-07-03,ITUB4,36.57,641662773.0
2019-07-04,ITUB4,36.99,860474591.0
2019-07-05,ITUB4,37.4,533527477.0
2019-07-08,ITUB4,37.3,369273874.0
2019-07-10,ITUB4,37.2,851987497.0
2019-07-11,ITUB4,37.15,564701364.0
2019-07-12,ITUB4,36.46,690281599.0
2019-07-15,ITUB4,36.36,606252069.0
2019-07-16,ITUB4,36.5,649714736.0
2019-07-17,ITUB4,36.4,846497011.0
2019-07-18,ITUB4,37.37,598406438.0
2019-07-19,ITUB4,36.4,628846910.0
2019-07-22,ITUB4,37.02,690267117.0
2019-07-23,ITUB4,37.38,784652082.0
2019-07-24,ITUB4,37.35,549938371.0
2019-07-25,ITUB4,36.2,816025131.0
2019-07-26,ITUB4,36.85,873991893.0
2019-07-29,ITUB4,37.0,743810752.0
2019-07-30,ITUB4,35.77,1594843148.0
2019-07-31,ITUB4,34.82,1246536190.0
2019-08-01,ITUB4,34.88,1164785449.0
2019-08-02,ITUB4,34.93,968141415.0
2019-09-02,ITUB4,33.5,281599605.0
2019-09-03,ITUB4,32.86,632220743.0
2019-09-04,ITUB4,33.09,508604629.0
2019-09-05,ITUB4,34.03,1440766652.0
2019-09-06,ITUB4,35.17,746949688.0
2019-09-09,ITUB4,36.03,1256136929.0
2019-09-10,ITUB4,35.33,793884872.0
2019-09-11,ITUB4,35.17,576921511.0
2019-09-12,ITUB4,35.39,482922126.0
2019-09-13,ITUB4,35.87,903585738.0
2019-09-16,ITUB4,35.23,710199915.0
2019-09-17,ITUB4,35.36,431516043.0
2019-09-18,ITUB4,35.25,468861111.0
2019-09-19,ITUB4,34.66,631054220.0
2019-09-20,ITUB4,34.75,1145219490.0
2019-09-23,ITUB4,34.64,455302528.0
2019-09-24,ITUB4,34.28,360461514.0
2019-09-25,ITUB4,34.68,493423883.0
2019-09-26,ITUB4,35.68,660168766.0
2019-09-27,ITUB4,35.53,571702767.0
2019-09-30,ITUB4,35.03,562791579.0
2019-10-01,ITUB4,34.22,590242470.0
2019-10-02,ITUB4,33.28,793155422.0
2019-10-03,ITUB4,33.29,727868304.0
2019-10-04,ITUB4,33.45,833288344.0
2019-10-07,ITUB4,32.83,515506285.0
2019-10-08,ITUB4,32.69,489706827.0
2019-10-09,ITUB4,33.21,411730245.0
2019-10-10,ITUB4,33.45,363477550.0
2019-10-11,ITUB4,33.88,676832945.0
2019-10-14,ITUB4,34.45,352241501.0
2019-10-15,ITUB4,34.37,550263748.0
2019-10-16,ITUB4,34.86,607940982.0
2019-10-17,ITUB4,34.65,591182624.0
2019-10-18,ITUB4,34.24,392213516.0
2019-10-21,ITUB4,34.8,566396597.0
2019-10-22,ITUB4,35.88,1262206668.0
2019-10-23,ITUB4,36.39,1250692664.0
2019-10-24,ITUB4,36.56,995795204.0
2019-10-25,ITUB4,36.8,695427300.0
2019-10-28,ITUB4,37.3,781654689.0
2019-10-29,ITUB4,36.64,609660017.0
2019-10-30,ITUB4,36.87,857716010.0
2019-10-31,ITUB4,36.23,939241971.0
2019-11-01,ITUB4,36.35,689891808.0
2019-11-04,ITUB4,36.47,366555245.0
2019-11-05,ITUB4,37.1,1750998921.0
2019-11-06,ITUB4,36.6,701593804.0
2019-11-07,ITUB4,36.82,576190157.0
2019-11-08,ITUB4,36.27,548066069.0
2019-11-11,ITUB4,36.43,636457322.0
2019-11-12,ITUB4,35.81,702516599.0
2019-11-13,ITUB4,35.45,626444666.0
2019-11-14,ITUB4,35.68,497815379.0
2019-11-18,ITUB4,35.52,477355932.0
2019-11-19,ITUB4,35.13,628093740.0
2019-11-21,ITUB4,35.49,919446190.0
2019-11-22,ITUB4,35.73,585711287.0
2019-11-25,ITUB4,35.22,536831707.0
2019-11-26,ITUB4,34.5,904505991.0
2019-11-27,ITUB4,34.7,669860945.0
2019-11-28,ITUB4,34.6,545589332.0
2019-11-29,ITUB4,34.8,572877026.0
2019-12-02,ITUB4,35.28,580646747.0
2020-01-02,ITUB4,38.03,781215145.0
2020-01-03,ITUB4,37.63,940038404.0
2020-01-06,ITUB4,37.07,829472521.0
2020-01-07,ITUB4,36.21,729492740.0
2020-01-08,ITUB4,35.62,934524315.0
2020-01-09,ITUB4,34.91,1694588742.0
2020-01-10,ITUB4,34.6,890022931.0
2020-01-13,ITUB4,35.06,1025651222.0
2020-01-14,ITUB4,35.06,642460363.0
2020-01-15,ITUB4,34.63,1134814868.0
2020-01-16,ITUB4,34.7,794064414.0
2020-01-17,ITUB4,34.94,690059367.0
2020-01-20,ITUB4,34.23,631180075.0
2020-01-21,ITUB4,33.5,907738220.0
2020-01-22,ITUB4,33.7,587453194.0
2020-01-23,ITUB4,34.5,1135769866.0
2020-01-24,ITUB4,34.24,505261608.0
2020-01-27,ITUB4,33.5,484983984.0
2020-01-28,ITUB4,33.49,575816260.0
2020-01-29,ITUB4,32.97,668022348.0
2020-01-30,ITUB4,33.45,1374939211.0
2020-01-31,ITUB4,32.82,835834207.0
2020-02-03,ITUB4,32.9,581744530.0
2020-02-04,ITUB4,33.16,522012703.0
2020-02-05,ITUB4,33.36,1169224544.0
2020-02-06,ITUB4,33.28,882603546.0
2020-02-07,ITUB4,33.71,1252736817.0
2020-02-10,ITUB4,34.28,1577076810.0
2020-02-11,ITUB4,35.07,3357091066.0
2020-02-12,ITUB4,34.93,2331973744.0
2020-02-13,ITUB4,34.39,697522027.0
2020-02-14,ITUB4,33.81,1071378085.0
2020-02-17,ITUB4,33.5,1084384013.0
2020-02-18,ITUB4,33.64,798025208.0
2020-02-19,ITUB4,34.12,674745910.0
2020-02-20,ITUB4,34.0,1633941357.0
2020-02-21,ITUB4,32.68,636884411.0
2020-02-26,ITUB4,31.05,1098097923.0
2020-02-27,ITUB4,31.07,1930859429.0
2020-02-28,ITUB4,32.0,1764073977.0
2020-03-02,ITUB4,31.88,1633933714.0
2020-03-03,ITUB4,31.3,1367573743.0
2020-03-04,ITUB4,31.6,981006828.0
2020-03-05,ITUB4,30.52,934598528.0
2020-03-06,ITUB4,29.87,967665083.0
2020-03-09,ITUB4,27.8,1322012286.0
2020-03-10,ITUB4,28.49,1259908862.0
2020-03-11,ITUB4,26.17,1273650900.0
2020-03-12,ITUB4,23.6,1375418550.0
2020-03-13,ITUB4,26.21,2252820850.0
2020-03-16,ITUB4,23.8,1523354116.0
2020-03-17,ITUB4,25.2,1785792990.0
2020-03-18,ITUB4,23.45,1915964043.0
2020-03-19,ITUB4,22.85,1676641110.0
2020-03-20,ITUB4,22.05,1642084657.0
2020-03-23,ITUB4,20.52,1098038725.0
2020-03-24,ITUB4,22.5,1160838493.0
2020-03-25,ITUB4,23.6,1029393761.0
2020-03-26,ITUB4,24.25,1235610516.0
2020-03-27,ITUB4,22.97,968997527.0
2020-03-30,ITUB4,24.11,714702053.0
2020-03-31,ITUB4,23.09,948071376.0
2020-04-01,ITUB4,21.4,962347045.0
2020-04-02,ITUB4,21.5,845411251.0
2020-05-04,ITUB4,21.89,703162260.0
2020-05-05,ITUB4,22.7,1181589149.0
2020-05-06,ITUB4,22.24,649383854.0
2020-05-07,ITUB4,21.44,1128993901.0
2020-05-08,ITUB4,22.32,798858358.0
2020-05-11,ITUB4,22.38,866298661.0
2020-05-12,ITUB4,21.61,954026001.0
2020-05-13,ITUB4,21.6,748884860.0
2020-05-14,ITUB4,22.55,1341211138.0
2020-05-15,ITUB4,21.63,833463177.0
2020-05-18,ITUB4,22.67,1117287981.0
2020-05-19,ITUB4,21.69,900980447.0
2020-05-20,ITUB4,21.6,896239771.0
2020-05-21,ITUB4,22.84,1366796667.0
2020-05-22,ITUB4,22.96,1174906458.0
2020-05-25,ITUB4,23.96,670559884.0
2020-05-26,ITUB4,23.01,1242302843.0
2020-05-27,ITUB4,23.73,856033434.0
2020-05-28,ITUB4,23.31,563667465.0
2020-05-29,ITUB4,23.04,1240281869.0
2020-06-01,ITUB4,23.66,923262064.0
2020-06-02,ITUB4,25.25,1435538877.0
2020-06-03,ITUB4,25.92,1537221875.0
2020-06-04,ITUB4,26.67,1168198616.0
2020-06-05,ITUB4,27.26,1795430987.0
2020-06-08,ITUB4,28.36,892885399.0
2020-06-09,ITUB4,27.8,1436390906.0
2020-06-10,ITUB4,26.59,1331074184.0
2020-06-12,ITUB4,26.06,1409665370.0
2020-06-15,ITUB4,25.45,953215896.0
2020-06-16,ITUB4,26.18,993774975.0
2020-06-17,ITUB4,26.51,950513051.0
2020-06-18,ITUB4,27.55,1482419581.0
2020-06-19,ITUB4,28.09,1736639598.0
2020-06-22,ITUB4,27.22,803988762.0
2020-06-23,ITUB4,26.86,1615082405.0
2020-06-24,ITUB4,25.84,1491398943.0
2020-06-25,ITUB4,26.15,1201132009.0
2020-06-26,ITUB4,25.71,1025078169.0
2020-06-29,ITUB4,26.48,807241832.0
2020-06-30,ITUB4,25.45,1178212503.0
2020-07-01,ITUB4,26.1,1016023682.0
2020-07-02,ITUB4,26.55,1116342773.0
2020-07-03,ITUB4,26.5,271202904.0
2020-07-06,ITUB4,27.73,808062118.0
2020-07-07,ITUB4,26.37,1729795467.0
2020-07-08,ITUB4,26.94,913759398.0
2020-07-09,ITUB4,26.95,1169397919.0
2020-07-10,ITUB4,27.2,651271634.0
2020-07-13,ITUB4,26.8,673519696.0
2020-07-14,ITUB4,27.25,766704215.0
2020-07-15,ITUB4,27.44,875336230.0
2020-07-16,ITUB4,26.98,527031147.0
2020-07-17,ITUB4,27.22,884225571.0
2020-07-20,ITUB4,27.3,784031543.0
2020-07-21,ITUB4,27.7,1030739191.0
2020-07-22,ITUB4,27.07,1239125132.0
2020-07-23,ITUB4,26.5,782849852.0
2020-07-24,ITUB4,26.47,800549416.0
2020-07-27,ITUB4,27.8,1357354009.0
2020-07-28,ITUB4,27.64,663458170.0
2020-07-29,ITUB4,28.29,767380936.0
2020-07-30,ITUB4,27.81,808080777.0
2020-07-31,ITUB4,26.89,835997236.0
2020-09-02,ITUB4,24.29,606216619.0
2020-09-03,ITUB4,24.88,2030319153.0
2020-09-04,ITUB4,24.96,1035728373.0
2020-09-08,ITUB4,24.4,715487829.0
2020-09-09,ITUB4,24.43,723859822.0
2020-09-10,ITUB4,23.91,880080251.0
2020-09-11,ITUB4,23.63,552147992.0
2020-09-14,ITUB4,24.05,1036098939.0
2020-09-15,ITUB4,23.73,696546620.0
2020-09-16,ITUB4,23.66,611772197.0
2020-09-17,ITUB4,23.69,591422433.0
2020-09-18,ITUB4,23.1,907047152.0
2020-09-21,ITUB4,22.9,834450182.0
2020-09-22,ITUB4,23.1,628306711.0
2020-09-23,ITUB4,22.48,560309610.0
2020-09-24,ITUB4,23.03,922211178.0
2020-09-25,ITUB4,22.91,496101643.0
2020-09-28,ITUB4,22.9,1354638515.0
2020-09-29,ITUB4,22.4,610635977.0
2020-09-30,ITUB4,22.5,502922511.0
2020-10-01,ITUB4,22.52,458403443.0
2020-10-02,ITUB4,22.59,807232273.0
2020-10-05,ITUB4,22.83,518993010.0
2020-10-06,ITUB4,22.87,487538384.0
2020-10-07,ITUB4,22.7,518325621.0
2020-10-08,ITUB4,24.07,1498947403.0
2020-10-09,ITUB4,24.0,1178700323.0
2020-10-13,ITUB4,23.77,739860803.0
2020-10-14,ITUB4,23.7,524416717.0
2020-10-15,ITUB4,23.49,512832289.0
2020-10-16,ITUB4,23.11,493691534.0
2020-10-19,ITUB4,23.36,899619968.0
2020-10-20,ITUB4,24.29,1107397061.0
2020-10-21,ITUB4,24.51,940057905.0
2020-10-22,ITUB4,25.77,1690867434.0
2020-10-23,ITUB4,25.44,1303866183.0
2020-10-26,ITUB4,25.62,822143592.0
2020-10-27,ITUB4,24.89,1188681215.0
2020-10-28,ITUB4,23.78,927066745.0
2020-10-29,ITUB4,23.9,1012315165.0
2020-10-30,ITUB4,23.48,921530769.0
2020-11-03,ITUB4,24.04,899280803.0
2020-11-04,ITUB4,25.0,2450923083.0
2020-11-05,ITUB4,25.59,1133351526.0
2020-11-06,ITUB4,25.56,813668866.0
2020-11-09,ITUB4,27.63,2744393317.0
2020-11-10,ITUB4,28.88,2438245189.0
2020-11-11,ITUB4,28.64,1761623896.0
2020-11-12,ITUB4,27.94,1294742127.0
2020-11-13,ITUB4,28.47,1045104553.0
2020-11-16,ITUB4,29.47,1585848319.0
2020-11-17,ITUB4,29.49,1189091899.0
2020-11-18,ITUB4,28.77,1199002161.0
2020-11-19,ITUB4,28.81,771168762.0
2020-11-20,ITUB4,28.55,522486828.0
2020-11-23,ITUB4,28.9,798698162.0
2020-11-24,ITUB4,29.71,1419874799.0
2020-11-25,ITUB4,29.36,1240975945.0
2020-11-26,ITUB4,28.74,882773249.0
2020-11-27,ITUB4,28.96,1297227163.0
2020-11-30,ITUB4,28.56,1719504782.0
2020-12-01,ITUB4,29.75,1531877465.0
2020-12-02,ITUB4,29.98,959799180.0
2019-01-04,JBSS3,12.55,95035734.0
2019-01-07,JBSS3,12.11,79883697.0
2019-01-08,JBSS3,12.3,88525027.0
2019-01-09,JBSS3,12.2,76329759.0
2019-01-10,JBSS3,12.16,72514832.0
2019-01-11,JBSS3,12.48,60321393.0
2019-01-14,JBSS3,12.69,51736161.0
2019-01-15,JBSS3,12.62,55606480.0
2019-01-16,JBSS3,13.15,72971930.0
2019-01-17,JBSS3,13.4,77350636.0
2019-01-18,JBSS3,13.53,85462439.0
2019-01-21,JBSS3,13.7,64704971.0
2019-01-22,JBSS3,13.6,93408687.0
2019-01-23,JBSS3,14.08,58874574.0
2019-01-24,JBSS3,14.47,78927654.0
2019-01-28,JBSS3,14.8,73945154.0
2019-01-29,JBSS3,14.7,71286811.0
2019-01-30,JBSS3,15.3,135903093.0
2019-01-31,JBSS3,15.09,164000422.0
2019-02-01,JBSS3,14.87,117565930.0
2019-02-04,JBSS3,15.02,81594991.0
2019-02-05,JBSS3,14.98,90958982.0
2019-02-06,JBSS3,14.03,125935401.0
2019-02-07,JBSS3,14.33,283065417.0
2019-02-08,JBSS3,14.25,121296256.0
2019-02-11,JBSS3,14.35,68931491.0
2019-02-12,JBSS3,14.55,72453329.0
2019-02-13,JBSS3,14.38,616083816.0
2019-02-14,JBSS3,14.5,77406544.0
2019-02-15,JBSS3,14.82,103108259.0
2019-02-18,JBSS3,15.0,60571596.0
2019-02-19,JBSS3,14.79,100042133.0
2019-02-20,JBSS3,14.23,98988139.0
2019-02-21,JBSS3,13.92,136800711.0
2019-02-22,JBSS3,14.21,67277155.0
2019-02-25,JBSS3,13.97,70652147.0
2019-02-26,JBSS3,13.7,53864535.0
2019-02-27,JBSS3,13.76,52527137.0
2019-02-28,JBSS3,13.43,76344474.0
2019-03-01,JBSS3,14.12,102919089.0
2019-03-06,JBSS3,13.4,100859190.0
2019-03-07,JBSS3,13.07,116497714.0
2019-03-08,JBSS3,13.15,97342927.0
2019-03-11,JBSS3,13.25,153387793.0
2019-03-12,JBSS3,13.7,134970128.0
2019-03-13,JBSS3,14.12,197242204.0
2019-03-14,JBSS3,14.4,110644877.0
2019-03-15,JBSS3,14.85,335215404.0
2019-03-18,JBSS3,15.55,158932521.0
2019-03-19,JBSS3,14.99,115344423.0
2019-03-20,JBSS3,14.98,124769107.0
2019-03-21,JBSS3,14.65,114133028.0
2019-03-22,JBSS3,14.29,123355273.0
2019-03-25,JBSS3,14.44,71935479.0
2019-03-26,JBSS3,15.12,143232337.0
2019-03-27,JBSS3,14.62,143935382.0
2019-03-28,JBSS3,15.47,160780403.0
2019-03-29,JBSS3,15.92,206734746.0
2019-04-01,JBSS3,16.23,106591313.0
2019-04-02,JBSS3,15.86,94189804.0
2019-05-03,JBSS3,20.52,250203993.0
2019-05-06,JBSS3,20.3,184366356.0
2019-05-07,JBSS3,19.77,193122668.0
2019-05-08,JBSS3,20.16,225703206.0
2019-05-09,JBSS3,20.8,186253663.0
2019-05-10,JBSS3,20.03,171908556.0
2019-05-13,JBSS3,19.74,206351994.0
2019-05-14,JBSS3,21.39,455576572.0
2019-05-15,JBSS3,22.01,415231818.0
2019-05-16,JBSS3,22.69,524983193.0
2019-05-17,JBSS3,23.57,399782724.0
2019-05-20,JBSS3,24.01,381819693.0
2019-05-21,JBSS3,22.44,582123229.0
2019-05-22,JBSS3,22.65,385810173.0
2019-05-23,JBSS3,22.27,267772441.0
2019-05-24,JBSS3,23.22,284307742.0
2019-05-27,JBSS3,22.51,214235524.0
2019-05-28,JBSS3,22.6,458699004.0
2019-05-29,JBSS3,21.17,386421448.0
2019-05-30,JBSS3,22.27,361771904.0
2019-05-31,JBSS3,21.86,287762951.0
2019-06-03,JBSS3,21.22,347037741.0
2019-06-04,JBSS3,22.37,266998355.0
2019-06-05,JBSS3,22.07,238237765.0
2019-06-06,JBSS3,21.99,176968873.0
2019-06-07,JBSS3,21.65,202463574.0
2019-06-10,JBSS3,22.02,143056241.0
2019-06-11,JBSS3,21.8,192542648.0
2019-06-12,JBSS3,22.13,137398806.0
2019-06-13,JBSS3,21.55,730375556.0
2019-06-14,JBSS3,21.13,247818624.0
2019-06-17,JBSS3,20.88,245442387.0
2019-06-18,JBSS3,20.59,270110303.0
2019-06-19,JBSS3,21.25,214832898.0
2019-06-21,JBSS3,22.07,313135933.0
2019-06-24,JBSS3,21.79,172000343.0
2019-06-25,JBSS3,21.9,284418219.0
2019-06-26,JBSS3,21.24,216438127.0
2019-06-27,JBSS3,21.09,228109749.0
2019-06-28,JBSS3,21.22,215672620.0
2019-07-01,JBSS3,22.39,375023441.0
2019-07-02,JBSS3,23.1,216684949.0
2019-07-03,JBSS3,23.1,305060288.0
2019-07-04,JBSS3,23.48,144968639.0
2019-07-05,JBSS3,24.29,199764733.0
2019-07-08,JBSS3,24.51,194255612.0
2019-07-10,JBSS3,25.37,242569031.0
2019-07-11,JBSS3,24.4,238480697.0
2019-07-12,JBSS3,23.85,194534177.0
2019-07-15,JBSS3,24.61,211899009.0
2019-07-16,JBSS3,23.85,223323875.0
2019-07-17,JBSS3,23.49,194293268.0
2019-07-18,JBSS3,23.8,136350394.0
2019-07-19,JBSS3,23.9,90673419.0
2019-07-22,JBSS3,24.85,181795825.0
2019-07-23,JBSS3,25.62,234911598.0
2019-07-24,JBSS3,25.94,297690537.0
2019-07-25,JBSS3,25.39,219981824.0
2019-07-26,JBSS3,25.22,181788585.0
2019-07-29,JBSS3,25.06,177818633.0
2019-07-30,JBSS3,25.3,147264795.0
2019-07-31,JBSS3,24.9,197692329.0
2019-08-01,JBSS3,26.1,392560348.0
2019-08-02,JBSS3,26.26,189499537.0
2019-09-02,JBSS3,29.16,151549315.0
2019-09-03,JBSS3,28.95,237327427.0
2019-09-04,JBSS3,29.9,258939112.0
2019-09-05,JBSS3,30.24,306410379.0
2019-09-06,JBSS3,30.06,270333489.0
2019-09-09,JBSS3,29.0,558523976.0
2019-09-10,JBSS3,29.0,294610830.0
2019-09-11,JBSS3,28.6,379364563.0
2019-09-12,JBSS3,29.1,274633448.0
2019-09-13,JBSS3,29.83,326294319.0
2019-09-16,JBSS3,29.74,520183946.0
2019-09-17,JBSS3,29.55,501590518.0
2019-09-18,JBSS3,29.46,332589241.0
2019-09-19,JBSS3,29.64,357144619.0
2019-09-20,JBSS3,30.9,730878451.0
2019-09-23,JBSS3,30.7,271423595.0
2019-09-24,JBSS3,32.88,552404152.0
2019-09-25,JBSS3,33.2,514451607.0
2019-09-26,JBSS3,32.8,336839992.0
2019-09-27,JBSS3,32.45,171119117.0
2019-09-30,JBSS3,32.79,280515882.0
2019-10-01,JBSS3,32.95,203079110.0
2019-10-02,JBSS3,31.5,346288879.0
2019-10-03,JBSS3,31.9,208351959.0
2019-10-04,JBSS3,31.55,475956044.0
2019-10-07,JBSS3,31.08,256115177.0
2019-10-08,JBSS3,30.65,343572801.0
2019-10-09,JBSS3,29.45,498268461.0
2019-10-10,JBSS3,29.15,612129321.0
2019-10-11,JBSS3,29.4,315687686.0
2019-10-14,JBSS3,29.0,309339446.0
2019-10-15,JBSS3,29.1,372689071.0
2019-10-16,JBSS3,29.34,273014899.0
2019-10-17,JBSS3,29.14,234675213.0
2019-10-18,JBSS3,29.04,889658317.0
2019-10-21,JBSS3,29.85,184948090.0
2019-10-22,JBSS3,30.25,287397533.0
2019-10-23,JBSS3,29.68,339750185.0
2019-10-24,JBSS3,29.1,271122249.0
2019-10-25,JBSS3,28.35,281727706.0
2019-10-28,JBSS3,28.74,409809792.0
2019-10-29,JBSS3,28.52,168617944.0
2019-10-30,JBSS3,28.93,302265133.0
2019-10-31,JBSS3,28.29,353133351.0
2019-11-01,JBSS3,28.32,302387813.0
2019-11-04,JBSS3,29.2,573259561.0
2019-11-05,JBSS3,28.07,538744430.0
2019-11-06,JBSS3,26.6,532539208.0
2019-11-07,JBSS3,27.15,336101867.0
2019-11-08,JBSS3,27.59,352644464.0
2019-11-11,JBSS3,27.81,306888137.0
2019-11-12,JBSS3,27.52,537871648.0
2019-11-13,JBSS3,26.92,380425286.0
2019-11-14,JBSS3,26.23,602067106.0
2019-11-18,JBSS3,26.74,360619212.0
2019-11-19,JBSS3,26.5,273854939.0
2019-11-21,JBSS3,25.66,365972379.0
2019-11-22,JBSS3,25.4,529165102.0
2019-11-25,JBSS3,27.84,710111787.0
2019-11-26,JBSS3,27.16,697578608.0
2019-11-27,JBSS3,27.6,297678434.0
2019-11-28,JBSS3,28.65,432075800.0
2019-11-29,JBSS3,28.48,375626268.0
2019-12-02,JBSS3,28.2,352536830.0
2020-01-02,JBSS3,27.2,395728428.0
2020-01-03,JBSS3,27.47,400489792.0
2020-01-06,JBSS3,26.82,336295311.0
2020-01-07,JBSS3,27.3,457133334.0
2020-01-08,JBSS3,27.97,1452184741.0
2020-01-09,JBSS3,28.31,406058398.0
2020-01-10,JBSS3,28.16,380228464.0
2020-01-13,JBSS3,28.73,282468042.0
2020-01-14,JBSS3,28.7,306609951.0
2020-01-15,JBSS3,28.61,306480714.0
2020-01-16,JBSS3,28.81,286759468.0
2020-01-17,JBSS3,29.75,460048078.0
2020-01-20,JBSS3,29.82,209934369.0
2020-01-21,JBSS3,30.09,509603477.0
2020-01-22,JBSS3,30.05,470861574.0
2020-01-23,JBSS3,29.82,365678022.0
2020-01-24,JBSS3,29.3,181266754.0
2020-01-27,JBSS3,27.3,491225995.0
2020-01-28,JBSS3,28.19,542133131.0
2020-01-29,JBSS3,27.39,356661798.0
2020-01-30,JBSS3,26.95,478518982.0
2020-01-31,JBSS3,27.58,413181279.0
2020-02-03,JBSS3,28.12,408320282.0
2020-02-04,JBSS3,27.48,449761540.0
2020-02-05,JBSS3,27.22,373083207.0
2020-02-06,JBSS3,26.79,356722173.0
2020-02-07,JBSS3,25.67,470954687.0
2020-02-10,JBSS3,25.51,366715142.0
2020-02-11,JBSS3,25.96,266309679.0
2020-02-12,JBSS3,25.81,407596109.0
2020-02-13,JBSS3,26.29,566893667.0
2020-02-14,JBSS3,25.78,256690672.0
2020-02-17,JBSS3,25.81,221611111.0
2020-02-18,JBSS3,25.7,268763898.0
2020-02-19,JBSS3,26.8,365679673.0
2020-02-20,JBSS3,25.79,409272927.0
2020-02-21,JBSS3,25.98,220510644.0
2020-02-26,JBSS3,23.51,489771413.0
2020-02-27,JBSS3,22.59,484184838.0
2020-02-28,JBSS3,22.7,507759736.0
2020-03-02,JBSS3,23.42,467943170.0
2020-03-03,JBSS3,22.68,431656655.0
2020-03-04,JBSS3,23.7,328944747.0
2020-03-05,JBSS3,22.2,394060027.0
2020-03-06,JBSS3,21.01,526789230.0
2020-03-09,JBSS3,18.0,480703902.0
2020-03-10,JBSS3,20.76,445295090.0
2020-03-11,JBSS3,18.98,439232260.0
2020-03-12,JBSS3,16.75,355050373.0
2020-03-13,JBSS3,20.87,741000326.0
2020-03-16,JBSS3,17.89,508670434.0
2020-03-17,JBSS3,18.63,692167823.0
2020-03-18,JBSS3,16.85,612936856.0
2020-03-19,JBSS3,20.0,680700299.0
2020-03-20,JBSS3,19.18,612509733.0
2020-03-23,JBSS3,19.34,480727381.0
2020-03-24,JBSS3,21.22,449743280.0
2020-03-25,JBSS3,22.05,478551955.0
2020-03-26,JBSS3,21.87,692745579.0
2020-03-27,JBSS3,20.89,352051547.0
2020-03-30,JBSS3,21.57,344879665.0
2020-03-31,JBSS3,20.34,448889415.0
2020-04-01,JBSS3,21.77,487795249.0
2020-04-02,JBSS3,20.9,362003629.0
2020-05-04,JBSS3,22.77,338717247.0
2020-05-05,JBSS3,22.76,253774068.0
2020-05-06,JBSS3,23.08,321821072.0
2020-05-07,JBSS3,24.39,607093484.0
2020-05-08,JBSS3,23.45,528631289.0
2020-05-11,JBSS3,23.16,619623985.0
2020-05-12,JBSS3,23.74,527690845.0
2020-05-13,JBSS3,25.25,581615388.0
2020-05-14,JBSS3,24.45,536308690.0
2020-05-15,JBSS3,23.33,641694070.0
2020-05-18,JBSS3,21.79,648521071.0
2020-05-19,JBSS3,21.3,538311868.0
2020-05-20,JBSS3,21.05,457906554.0
2020-05-21,JBSS3,20.4,582221531.0
2020-05-22,JBSS3,20.65,440229458.0
2020-05-25,JBSS3,20.78,355842220.0
2020-05-26,JBSS3,20.67,521564010.0
2020-05-27,JBSS3,21.76,446407884.0
2020-05-28,JBSS3,22.0,336573911.0
2020-05-29,JBSS3,21.97,434816223.0
2020-06-01,JBSS3,21.96,393861594.0
2020-06-02,JBSS3,21.81,437068740.0
2020-06-03,JBSS3,20.6,1092550676.0
2020-06-04,JBSS3,21.47,528515053.0
2020-06-05,JBSS3,20.95,476030180.0
2020-06-08,JBSS3,21.89,471211402.0
2020-06-09,JBSS3,22.06,528910306.0
2020-06-10,JBSS3,22.09,486732485.0
2020-06-12,JBSS3,21.98,474767959.0
2020-06-15,JBSS3,21.49,333409212.0
2020-06-16,JBSS3,21.55,326746243.0
2020-06-17,JBSS3,22.38,747809291.0
2020-06-18,JBSS3,22.45,495618524.0
2020-06-19,JBSS3,22.36,291722748.0
2020-06-22,JBSS3,21.65,327858988.0
2020-06-23,JBSS3,21.53,227546248.0
2020-06-24,JBSS3,21.83,277823147.0
2020-06-25,JBSS3,21.71,202881051.0
2020-06-26,JBSS3,21.18,255448102.0
2020-06-29,JBSS3,21.09,252555510.0
2020-06-30,JBSS3,21.15,286389737.0
2020-07-01,JBSS3,20.89,251822437.0
2020-07-02,JBSS3,21.3,234899891.0
2020-07-03,JBSS3,21.95,307149612.0
2020-07-06,JBSS3,22.32,318147677.0
2020-07-07,JBSS3,22.95,658565650.0
2020-07-08,JBSS3,22.62,282045468.0
2020-07-09,JBSS3,22.24,243068600.0
2020-07-10,JBSS3,22.84,435630903.0
2020-07-13,JBSS3,22.24,282152571.0
2020-07-14,JBSS3,22.01,322296769.0
2020-07-15,JBSS3,22.15,329394390.0
2020-07-16,JBSS3,21.42,415959102.0
2020-07-17,JBSS3,22.29,504392027.0
2020-07-20,JBSS3,22.66,517869719.0
2020-07-21,JBSS3,22.27,276119347.0
2020-07-22,JBSS3,22.06,282097965.0
2020-07-23,JBSS3,22.36,550700722.0
2020-07-24,JBSS3,22.07,284016929.0
2020-07-27,JBSS3,21.98,257601895.0
2020-07-28,JBSS3,22.25,287582865.0
2020-07-29,JBSS3,22.17,225928044.0
2020-07-30,JBSS3,21.97,248001736.0
2020-07-31,JBSS3,21.54,259323847.0
2020-09-02,JBSS3,22.56,260763605.0
2020-09-03,JBSS3,22.01,382532929.0
2020-09-04,JBSS3,21.87,326986275.0
2020-09-08,JBSS3,21.85,210815587.0
2020-09-09,JBSS3,22.0,239239022.0
2020-09-10,JBSS3,22.53,546836414.0
2020-09-11,JBSS3,22.53,464432465.0
2020-09-14,JBSS3,23.21,373038941.0
2020-09-15,JBSS3,24.1,618473807.0
2020-09-16,JBSS3,23.34,298145247.0
2020-09-17,JBSS3,23.29,314203312.0
2020-09-18,JBSS3,23.27,355080767.0
2020-09-21,JBSS3,22.99,254861270.0
2020-09-22,JBSS3,22.5,241756049.0
2020-09-23,JBSS3,21.62,365095700.0
2020-09-24,JBSS3,21.66,239916918.0
2020-09-25,JBSS3,21.6,139774590.0
2020-09-28,JBSS3,20.62,540725788.0
2020-09-29,JBSS3,20.36,282634662.0
2020-09-30,JBSS3,20.67,306526492.0
2020-10-01,JBSS3,20.51,203104164.0
2020-10-02,JBSS3,20.08,183941403.0
2020-10-05,JBSS3,20.46,186655656.0
2020-10-06,JBSS3,20.11,254461688.0
2020-10-07,JBSS3,19.96,304257203.0
2020-10-08,JBSS3,20.12,266961835.0
2020-10-09,JBSS3,19.3,488814415.0
2020-10-13,JBSS3,19.67,464431660.0
2020-10-14,JBSS3,21.48,1060446193.0
2020-10-15,JBSS3,22.4,1098554246.0
2020-10-16,JBSS3,23.2,653141300.0
2020-10-19,JBSS3,22.14,739878098.0
2020-10-20,JBSS3,22.36,493282483.0
2020-10-21,JBSS3,22.09,298271240.0
2020-10-22,JBSS3,22.03,278977117.0
2020-10-23,JBSS3,21.3,467697135.0
2020-10-26,JBSS3,21.09,374370630.0
2020-10-27,JBSS3,20.42,359984474.0
2020-10-28,JBSS3,19.98,288246099.0
2020-10-29,JBSS3,19.65,436842319.0
2020-10-30,JBSS3,19.45,420213919.0
2020-11-03,JBSS3,19.11,398055210.0
2020-11-04,JBSS3,19.48,272751749.0
2020-11-05,JBSS3,19.99,278423665.0
2020-11-06,JBSS3,20.11,259004009.0
2020-11-09,JBSS3,20.25,386553716.0
2020-11-10,JBSS3,20.94,656698469.0
2020-11-11,JBSS3,21.09,445306597.0
2020-11-12,JBSS3,20.99,839354545.0
2020-11-13,JBSS3,21.18,293991525.0
2020-11-16,JBSS3,21.14,296617494.0
2020-11-17,JBSS3,21.2,317865175.0
2020-11-18,JBSS3,21.63,468396879.0
2020-11-19,JBSS3,21.84,298081719.0
2020-11-20,JBSS3,21.99,314870529.0
2020-11-23,JBSS3,22.33,517116685.0
2020-11-24,JBSS3,22.58,327688912.0
2020-11-25,JBSS3,22.68,379529810.0
2020-11-26,JBSS3,22.91,273416252.0
2020-11-27,JBSS3,23.07,319077350.0
2020-11-30,JBSS3,23.15,636525008.0
2020-12-01,JBSS3,23.49,495806476.0
2020-12-02,JBSS3,23.48,296358141.0
2019-01-04,KLBN11,17.0,108125423.0
2019-01-07,KLBN11,17.0,70926152.0
2019-01-08,KLBN11,17.07,71403751.0
2019-01-09,KLBN11,17.41,80620707.0
2019-01-10,KLBN11,17.39,55231235.0
2019-01-11,KLBN11,17.16,124761793.0
2019-01-14,KLBN11,17.82,166333619.0
2019-01-15,KLBN11,18.34,101724771.0
2019-01-16,KLBN11,18.37,80960556.0
2019-01-17,KLBN11,18.2,62768716.0
2019-01-18,KLBN11,18.2,71355590.0
2019-01-21,KLBN11,18.45,33196116.0
2019-01-22,KLBN11,18.33,60080585.0
2019-01-23,KLBN11,18.37,48234690.0
2019-01-24,KLBN11,18.84,52131092.0
2019-01-28,KLBN11,18.81,50784317.0
2019-01-29,KLBN11,18.59,40447024.0
2019-01-30,KLBN11,18.85,43359167.0
2019-01-31,KLBN11,18.59,80792884.0
2019-02-01,KLBN11,19.05,87942163.0
2019-02-04,KLBN11,19.32,92499359.0
2019-02-05,KLBN11,19.9,122686163.0
2019-02-06,KLBN11,19.35,70431407.0
2019-02-07,KLBN11,19.6,71770262.0
2019-02-08,KLBN11,19.26,70848318.0
2019-02-11,KLBN11,18.74,64215864.0
2019-02-12,KLBN11,18.21,84327349.0
2019-02-13,KLBN11,18.11,78214247.0
2019-02-14,KLBN11,18.15,48136900.0
2019-02-15,KLBN11,18.33,44615478.0
2019-02-18,KLBN11,18.1,34326088.0
2019-02-19,KLBN11,18.48,43125387.0
2019-02-20,KLBN11,18.53,61178714.0
2019-02-21,KLBN11,18.3,64347833.0
2019-02-22,KLBN11,18.15,57834405.0
2019-02-25,KLBN11,18.32,35779145.0
2019-02-26,KLBN11,18.76,56548522.0
2019-02-27,KLBN11,18.27,75438207.0
2019-02-28,KLBN11,18.04,66041155.0
2019-03-01,KLBN11,17.91,65051112.0
2019-03-06,KLBN11,17.65,38808160.0
2019-03-07,KLBN11,17.67,123986030.0
2019-03-08,KLBN11,18.01,116460169.0
2019-03-11,KLBN11,17.89,42759030.0
2019-03-12,KLBN11,17.66,45863470.0
2019-03-13,KLBN11,17.95,49653917.0
2019-03-14,KLBN11,17.61,43525466.0
2019-03-15,KLBN11,17.81,85245996.0
2019-03-18,KLBN11,17.86,29589291.0
2019-03-19,KLBN11,17.55,44198905.0
2019-03-20,KLBN11,17.3,60930543.0
2019-03-21,KLBN11,17.32,69330993.0
2019-03-22,KLBN11,17.16,64287962.0
2019-03-25,KLBN11,16.78,80895829.0
2019-03-26,KLBN11,17.02,47760608.0
2019-03-27,KLBN11,17.01,59024903.0
2019-03-28,KLBN11,17.23,58281086.0
2019-03-29,KLBN11,17.03,51581711.0
2019-04-01,KLBN11,17.57,58785217.0
2019-04-02,KLBN11,17.55,34429756.0
2019-05-03,KLBN11,16.63,212026354.0
2019-05-06,KLBN11,16.28,43737456.0
2019-05-07,KLBN11,15.95,104979045.0
2019-05-08,KLBN11,15.89,56523839.0
2019-05-09,KLBN11,16.48,148236754.0
2019-05-10,KLBN11,16.4,152901946.0
2019-05-13,KLBN11,15.78,134107796.0
2019-05-14,KLBN11,15.64,79476850.0
2019-05-15,KLBN11,15.49,101952218.0
2019-05-16,KLBN11,15.29,104651906.0
2019-05-17,KLBN11,15.59,88776643.0
2019-05-20,KLBN11,15.77,43251309.0
2019-05-21,KLBN11,16.4,113895438.0
2019-05-22,KLBN11,16.45,74268501.0
2019-05-23,KLBN11,16.03,65105688.0
2019-05-24,KLBN11,15.32,79259004.0
2019-05-27,KLBN11,15.41,33187395.0
2019-05-28,KLBN11,15.42,89514853.0
2019-05-29,KLBN11,15.48,48942769.0
2019-05-30,KLBN11,15.27,57452379.0
2019-05-31,KLBN11,15.55,63122994.0
2019-06-03,KLBN11,15.29,64824978.0
2019-06-04,KLBN11,15.13,84989127.0
2019-06-05,KLBN11,15.35,57961325.0
2019-06-06,KLBN11,15.5,53163396.0
2019-06-07,KLBN11,15.42,45262091.0
2019-06-10,KLBN11,15.58,35587727.0
2019-06-11,KLBN11,15.62,51738547.0
2019-06-12,KLBN11,15.55,52415778.0
2019-06-13,KLBN11,15.99,63097346.0
2019-06-14,KLBN11,15.78,36853666.0
2019-06-17,KLBN11,15.65,43211219.0
2019-06-18,KLBN11,15.93,49233879.0
2019-06-19,KLBN11,16.19,37797985.0
2019-06-21,KLBN11,16.18,70906767.0
2019-06-24,KLBN11,16.32,41421664.0
2019-06-25,KLBN11,16.12,61486955.0
2019-06-26,KLBN11,16.37,42657537.0
2019-06-27,KLBN11,16.51,30166290.0
2019-06-28,KLBN11,16.35,51341001.0
2019-07-01,KLBN11,16.35,25683779.0
2019-07-02,KLBN11,16.3,41615730.0
2019-07-03,KLBN11,16.51,53407543.0
2019-07-04,KLBN11,16.57,51677700.0
2019-07-05,KLBN11,16.81,53431745.0
2019-07-08,KLBN11,16.6,60481073.0
2019-07-10,KLBN11,16.8,67590520.0
2019-07-11,KLBN11,16.58,38604312.0
2019-07-12,KLBN11,16.6,68553006.0
2019-07-15,KLBN11,16.71,46312045.0
2019-07-16,KLBN11,16.72,64323495.0
2019-07-17,KLBN11,16.83,38447395.0
2019-07-18,KLBN11,16.75,95733191.0
2019-07-19,KLBN11,16.5,46788392.0
2019-07-22,KLBN11,16.26,46305084.0
2019-07-23,KLBN11,16.06,74426823.0
2019-07-24,KLBN11,16.16,44816894.0
2019-07-25,KLBN11,15.93,48858323.0
2019-07-26,KLBN11,15.89,41607693.0
2019-07-29,KLBN11,16.0,34751063.0
2019-07-30,KLBN11,16.11,33289906.0
2019-07-31,KLBN11,16.04,61639111.0
2019-08-01,KLBN11,15.65,109266156.0
2019-08-02,KLBN11,15.59,60080821.0
2019-09-02,KLBN11,14.97,31835126.0
2019-09-03,KLBN11,14.8,43679434.0
2019-09-04,KLBN11,15.1,32784874.0
2019-09-05,KLBN11,14.99,43481837.0
2019-09-06,KLBN11,15.0,32676939.0
2019-09-09,KLBN11,15.2,69647206.0
2019-09-10,KLBN11,15.09,85057983.0
2019-09-11,KLBN11,15.22,57678904.0
2019-09-12,KLBN11,15.28,59016254.0
2019-09-13,KLBN11,15.31,72530660.0
2019-09-16,KLBN11,15.37,71705805.0
2019-09-17,KLBN11,15.27,80343627.0
2019-09-18,KLBN11,15.53,57462837.0
2019-09-19,KLBN11,15.55,43376311.0
2019-09-20,KLBN11,15.43,139172948.0
2019-09-23,KLBN11,15.37,42059281.0
2019-09-24,KLBN11,15.2,35515094.0
2019-09-25,KLBN11,15.29,36633880.0
2019-09-26,KLBN11,15.22,30193876.0
2019-09-27,KLBN11,15.14,25206756.0
2019-09-30,KLBN11,15.39,38629415.0
2019-10-01,KLBN11,15.15,33830460.0
2019-10-02,KLBN11,14.84,46635502.0
2019-10-03,KLBN11,14.81,41338067.0
2019-10-04,KLBN11,14.9,35432362.0
2019-10-07,KLBN11,14.72,40091140.0
2019-10-08,KLBN11,14.43,53512584.0
2019-10-09,KLBN11,14.55,99355240.0
2019-10-10,KLBN11,14.65,68091052.0
2019-10-11,KLBN11,15.29,80580493.0
2019-10-14,KLBN11,15.43,46848035.0
2019-10-15,KLBN11,15.7,40724652.0
2019-10-16,KLBN11,15.94,55552243.0
2019-10-17,KLBN11,15.85,42523412.0
2019-10-18,KLBN11,15.69,82151126.0
2019-10-21,KLBN11,15.8,29789313.0
2019-10-22,KLBN11,15.96,35645473.0
2019-10-23,KLBN11,16.04,39051162.0
2019-10-24,KLBN11,16.06,54410270.0
2019-10-25,KLBN11,15.78,50714993.0
2019-10-28,KLBN11,15.59,63502936.0
2019-10-29,KLBN11,15.48,40642997.0
2019-10-30,KLBN11,15.66,51213820.0
2019-10-31,KLBN11,15.82,58528299.0
2019-11-01,KLBN11,16.14,73222920.0
2019-11-04,KLBN11,16.92,132661210.0
2019-11-05,KLBN11,17.25,84664686.0
2019-11-06,KLBN11,16.93,83056665.0
2019-11-07,KLBN11,17.68,228188884.0
2019-11-08,KLBN11,17.59,64862707.0
2019-11-11,KLBN11,17.8,123482573.0
2019-11-12,KLBN11,17.7,85536196.0
2019-11-13,KLBN11,17.51,86746980.0
2019-11-14,KLBN11,17.55,53748849.0
2019-11-18,KLBN11,17.6,96911429.0
2019-11-19,KLBN11,17.61,38843125.0
2019-11-21,KLBN11,17.66,64465958.0
2019-11-22,KLBN11,17.7,116511309.0
2019-11-25,KLBN11,17.46,77640553.0
2019-11-26,KLBN11,17.58,121757227.0
2019-11-27,KLBN11,17.86,86721198.0
2019-11-28,KLBN11,17.64,59323017.0
2019-11-29,KLBN11,17.72,61144106.0
2019-12-02,KLBN11,18.1,81134047.0
2020-01-02,KLBN11,18.76,72285532.0
2020-01-03,KLBN11,19.39,155554168.0
2020-01-06,KLBN11,19.13,94014441.0
2020-01-07,KLBN11,19.16,69610559.0
2020-01-08,KLBN11,19.22,57262316.0
2020-01-09,KLBN11,19.44,55787414.0
2020-01-10,KLBN11,19.52,57021048.0
2020-01-13,KLBN11,20.45,126036585.0
2020-01-14,KLBN11,21.08,125133827.0
2020-01-15,KLBN11,20.63,121632091.0
2020-01-16,KLBN11,20.61,77852557.0
2020-01-17,KLBN11,20.76,47307784.0
2020-01-20,KLBN11,20.9,54522907.0
2020-01-21,KLBN11,20.61,70912682.0
2020-01-22,KLBN11,21.7,150182314.0
2020-01-23,KLBN11,21.78,83613407.0
2020-01-24,KLBN11,21.76,64343178.0
2020-01-27,KLBN11,20.81,116584753.0
2020-01-28,KLBN11,20.83,66839964.0
2020-01-29,KLBN11,21.15,68844979.0
2020-01-30,KLBN11,21.19,93015585.0
2020-01-31,KLBN11,20.75,115071658.0
2020-02-03,KLBN11,20.59,121317911.0
2020-02-04,KLBN11,20.96,64705221.0
2020-02-05,KLBN11,20.91,123575783.0
2020-02-06,KLBN11,21.09,150578107.0
2020-02-07,KLBN11,20.56,81877293.0
2020-02-10,KLBN11,20.18,137686156.0
2020-02-11,KLBN11,20.78,120576054.0
2020-02-12,KLBN11,21.72,180425528.0
2020-02-13,KLBN11,21.68,114518155.0
2020-02-14,KLBN11,21.34,79002531.0
2020-02-17,KLBN11,20.96,53806132.0
2020-02-18,KLBN11,21.0,58105118.0
2020-02-19,KLBN11,21.0,65177647.0
2020-02-20,KLBN11,21.03,72717870.0
2020-02-21,KLBN11,21.82,128574806.0
2020-02-26,KLBN11,20.0,182024095.0
2020-02-27,KLBN11,19.33,139785720.0
2020-02-28,KLBN11,19.25,187376868.0
2020-03-02,KLBN11,20.33,207211681.0
2020-03-03,KLBN11,20.8,167062277.0
2020-03-04,KLBN11,22.06,223130725.0
2020-03-05,KLBN11,21.59,209220663.0
2020-03-06,KLBN11,20.98,160642222.0
2020-03-09,KLBN11,19.59,186656561.0
2020-03-10,KLBN11,19.71,151223263.0
2020-03-11,KLBN11,18.2,259854598.0
2020-03-12,KLBN11,15.8,232787706.0
2020-03-13,KLBN11,16.16,157479355.0
2020-03-16,KLBN11,13.79,184913069.0
2020-03-17,KLBN11,14.28,152892142.0
2020-03-18,KLBN11,12.81,278395791.0
2020-03-19,KLBN11,14.42,185656369.0
2020-03-20,KLBN11,13.76,281288647.0
2020-03-23,KLBN11,13.51,113404152.0
2020-03-24,KLBN11,13.39,118959096.0
2020-03-25,KLBN11,13.88,78257486.0
2020-03-26,KLBN11,14.13,132599956.0
2020-03-27,KLBN11,14.98,166552553.0
2020-03-30,KLBN11,15.73,142596910.0
2020-03-31,KLBN11,15.99,172114676.0
2020-04-01,KLBN11,15.75,138401319.0
2020-04-02,KLBN11,16.85,177111266.0
2020-05-04,KLBN11,17.78,156047344.0
2020-05-05,KLBN11,18.7,168246112.0
2020-05-06,KLBN11,18.58,128119844.0
2020-05-07,KLBN11,20.61,426440433.0
2020-05-08,KLBN11,21.49,229373785.0
2020-05-11,KLBN11,21.66,175630835.0
2020-05-12,KLBN11,21.6,177278227.0
2020-05-13,KLBN11,23.25,383954932.0
2020-05-14,KLBN11,22.4,307561184.0
2020-05-15,KLBN11,21.73,262430797.0
2020-05-18,KLBN11,20.0,245490825.0
2020-05-19,KLBN11,20.04,240082877.0
2020-05-20,KLBN11,19.85,159466589.0
2020-05-21,KLBN11,19.07,200367560.0
2020-05-22,KLBN11,19.2,163973559.0
2020-05-25,KLBN11,18.87,207661790.0
2020-05-26,KLBN11,18.85,161444313.0
2020-05-27,KLBN11,19.61,232224513.0
2020-05-28,KLBN11,19.49,130937006.0
2020-05-29,KLBN11,19.71,211679533.0
2020-06-01,KLBN11,19.65,188511520.0
2020-06-02,KLBN11,19.71,115280647.0
2020-06-03,KLBN11,19.48,167258640.0
2020-06-04,KLBN11,19.71,160242629.0
2020-06-05,KLBN11,19.1,223371209.0
2020-06-08,KLBN11,19.6,113568773.0
2020-06-09,KLBN11,19.68,146362024.0
2020-06-10,KLBN11,19.69,155997280.0
2020-06-12,KLBN11,19.24,196164598.0
2020-06-15,KLBN11,19.28,155357958.0
2020-06-16,KLBN11,19.11,117316897.0
2020-06-17,KLBN11,19.55,84666033.0
2020-06-18,KLBN11,20.08,129311422.0
2020-06-19,KLBN11,20.51,396043340.0
2020-06-22,KLBN11,20.36,109880990.0
2020-06-23,KLBN11,19.97,171642919.0
2020-06-24,KLBN11,20.48,140328458.0
2020-06-25,KLBN11,20.36,147973985.0
2020-06-26,KLBN11,20.51,163070403.0
2020-06-29,KLBN11,20.25,130661800.0
2020-06-30,KLBN11,20.33,225977906.0
2020-07-01,KLBN11,20.84,202504298.0
2020-07-02,KLBN11,20.72,150792717.0
2020-07-03,KLBN11,20.87,70643814.0
2020-07-06,KLBN11,20.64,130585398.0
2020-07-07,KLBN11,20.59,155355858.0
2020-07-08,KLBN11,21.0,117599332.0
2020-07-09,KLBN11,20.64,87939665.0
2020-07-10,KLBN11,20.45,49492627.0
2020-07-13,KLBN11,20.02,81977522.0
2020-07-14,KLBN11,20.4,137199765.0
2020-07-15,KLBN11,20.96,161638808.0
2020-07-16,KLBN11,20.68,99439767.0
2020-07-17,KLBN11,20.94,90333410.0
2020-07-20,KLBN11,21.27,122588559.0
2020-07-21,KLBN11,20.99,118487172.0
2020-07-22,KLBN11,21.15,113670639.0
2020-07-23,KLBN11,21.36,116132560.0
2020-07-24,KLBN11,21.45,131929887.0
2020-07-27,KLBN11,21.44,80934448.0
2020-07-28,KLBN11,21.14,58446806.0
2020-07-29,KLBN11,21.05,54298232.0
2020-07-30,KLBN11,21.29,69434244.0
2020-07-31,KLBN11,20.66,131461874.0
2020-09-02,KLBN11,25.39,131292819.0
2020-09-03,KLBN11,25.2,100608433.0
2020-09-04,KLBN11,24.95,121695633.0
2020-09-08,KLBN11,24.43,93009829.0
2020-09-09,KLBN11,24.84,67250758.0
2020-09-10,KLBN11,24.62,94793410.0
2020-09-11,KLBN11,24.2,106062265.0
2020-09-14,KLBN11,24.75,85345089.0
2020-09-15,KLBN11,25.5,130239697.0
2020-09-16,KLBN11,25.07,122478092.0
2020-09-17,KLBN11,25.41,82207858.0
2020-09-18,KLBN11,25.19,316590185.0
2020-09-21,KLBN11,24.78,114863164.0
2020-09-22,KLBN11,24.33,90786195.0
2020-09-23,KLBN11,24.26,126968644.0
2020-09-24,KLBN11,24.43,118895544.0
2020-09-25,KLBN11,24.55,91154701.0
2020-09-28,KLBN11,23.81,140779329.0
2020-09-29,KLBN11,24.07,161574123.0
2020-09-30,KLBN11,23.8,155342864.0
2020-10-01,KLBN11,24.32,155867576.0
2020-10-02,KLBN11,23.88,124889787.0
2020-10-05,KLBN11,24.27,102492590.0
2020-10-06,KLBN11,24.03,128008713.0
2020-10-07,KLBN11,24.44,139459515.0
2020-10-08,KLBN11,24.89,133155953.0
2020-10-09,KLBN11,24.18,124890901.0
2020-10-13,KLBN11,24.66,108003325.0
2020-10-14,KLBN11,24.45,94334423.0
2020-10-15,KLBN11,24.82,119667324.0
2020-10-16,KLBN11,25.81,191657157.0
2020-10-19,KLBN11,25.17,153597277.0
2020-10-20,KLBN11,25.38,112533783.0
2020-10-21,KLBN11,25.14,98943270.0
2020-10-22,KLBN11,25.23,147337873.0
2020-10-23,KLBN11,25.37,100878101.0
2020-10-26,KLBN11,25.25,93849034.0
2020-10-27,KLBN11,24.63,108971187.0
2020-10-28,KLBN11,23.72,128350448.0
2020-10-29,KLBN11,23.83,142810395.0
2020-10-30,KLBN11,23.74,164355501.0
2020-11-03,KLBN11,24.2,120349828.0
2020-11-04,KLBN11,24.08,82169248.0
2020-11-05,KLBN11,23.96,113170727.0
2020-11-06,KLBN11,23.76,104006070.0
2020-11-09,KLBN11,23.54,188198859.0
2020-11-10,KLBN11,23.3,172946609.0
2020-11-11,KLBN11,23.19,150189409.0
2020-11-12,KLBN11,23.4,134926264.0
2020-11-13,KLBN11,24.44,177322020.0
2020-11-16,KLBN11,24.12,182045570.0
2020-11-17,KLBN11,23.69,225624662.0
2020-11-18,KLBN11,23.72,111836611.0
2020-11-19,KLBN11,23.35,89781923.0
2020-11-20,KLBN11,23.42,105273670.0
2020-11-23,KLBN11,23.45,101306611.0
2020-11-24,KLBN11,23.37,130482736.0
2020-11-25,KLBN11,23.3,102730318.0
2020-11-26,KLBN11,23.95,132791284.0
2020-11-27,KLBN11,24.83,211844007.0
2020-11-30,KLBN11,25.08,219782911.0
2020-12-01,KLBN11,25.51,146997931.0
2020-12-02,KLBN11,24.85,169041574.0
2019-01-04,KROT3,9.37,109994944.0
2019-01-07,KROT3,9.13,123184561.0
2019-01-08,KROT3,9.2,86544680.0
2019-01-09,KROT3,9.58,163362032.0
2019-01-10,KROT3,9.66,107825349.0
2019-01-11,KROT3,9.85,126391914.0
2019-01-14,KROT3,10.2,172592645.0
2019-01-15,KROT3,10.09,98265758.0
2019-01-16,KROT3,10.25,118879944.0
2019-01-17,KROT3,10.47,150607155.0
2019-01-18,KROT3,10.18,109322542.0
2019-01-21,KROT3,10.1,83455390.0
2019-01-22,KROT3,10.1,86788502.0
2019-01-23,KROT3,10.84,300278319.0
2019-01-24,KROT3,11.44,345984805.0
2019-01-28,KROT3,11.47,216081747.0
2019-01-29,KROT3,11.33,115886172.0
2019-01-30,KROT3,11.94,149583458.0
2019-01-31,KROT3,11.43,247397731.0
2019-02-01,KROT3,11.61,99672588.0
2019-02-04,KROT3,11.75,87117527.0
2019-02-05,KROT3,11.67,73815164.0
2019-02-06,KROT3,11.22,120948039.0
2019-02-07,KROT3,11.18,109628086.0
2019-02-08,KROT3,11.16,185134955.0
2019-02-11,KROT3,11.4,126384342.0
2019-02-12,KROT3,11.33,112824089.0
2019-02-13,KROT3,11.27,90894327.0
2019-02-14,KROT3,11.6,191680704.0
2019-02-15,KROT3,10.88,277262248.0
2019-02-18,KROT3,10.8,145224033.0
2019-02-19,KROT3,11.04,139089728.0
2019-02-20,KROT3,10.62,143486473.0
2019-02-21,KROT3,11.18,238464509.0
2019-02-22,KROT3,11.39,176855156.0
2019-02-25,KROT3,11.23,169547646.0
2019-02-26,KROT3,11.02,59028442.0
2019-02-27,KROT3,11.09,72514935.0
2019-02-28,KROT3,10.97,74602459.0
2019-03-01,KROT3,10.87,71132271.0
2019-03-06,KROT3,10.53,96473379.0
2019-03-07,KROT3,10.37,96701472.0
2019-03-08,KROT3,11.17,225184480.0
2019-03-11,KROT3,11.48,144911851.0
2019-03-12,KROT3,11.23,95621094.0
2019-03-13,KROT3,11.1,104480841.0
2019-03-14,KROT3,11.05,70962559.0
2019-03-15,KROT3,10.78,157704898.0
2019-03-18,KROT3,10.99,69805930.0
2019-03-19,KROT3,10.89,60263175.0
2019-03-20,KROT3,11.02,96182222.0
2019-03-21,KROT3,10.83,112043680.0
2019-03-22,KROT3,10.87,194206231.0
2019-03-25,KROT3,11.21,156666147.0
2019-03-26,KROT3,11.1,108948380.0
2019-03-27,KROT3,10.36,143045172.0
2019-03-28,KROT3,10.91,106237334.0
2019-03-29,KROT3,10.6,211940757.0
2019-04-01,KROT3,10.35,80984956.0
2019-04-02,KROT3,10.34,88215696.0
2019-05-03,KROT3,9.44,73944956.0
2019-05-06,KROT3,9.35,58452901.0
2019-05-07,KROT3,9.25,115221654.0
2019-05-08,KROT3,9.4,145548507.0
2019-05-09,KROT3,9.61,90727339.0
2019-05-10,KROT3,10.1,176432797.0
2019-05-13,KROT3,10.0,134331298.0
2019-05-14,KROT3,9.96,70232599.0
2019-05-15,KROT3,9.44,260878769.0
2019-05-16,KROT3,9.05,178004698.0
2019-05-17,KROT3,8.8,130768901.0
2019-05-20,KROT3,9.08,128266052.0
2019-05-21,KROT3,9.5,240589657.0
2019-05-22,KROT3,9.47,168522365.0
2019-05-23,KROT3,9.6,160813713.0
2019-05-24,KROT3,9.5,91611583.0
2019-05-27,KROT3,9.98,76407163.0
2019-05-28,KROT3,10.03,147707533.0
2019-05-29,KROT3,10.02,79883608.0
2019-05-30,KROT3,10.07,84505625.0
2019-05-31,KROT3,10.34,154399097.0
2019-06-03,KROT3,10.39,149984760.0
2019-06-04,KROT3,10.65,110468302.0
2019-06-05,KROT3,10.49,109785263.0
2019-06-06,KROT3,10.22,80540396.0
2019-06-07,KROT3,10.5,147641950.0
2019-06-10,KROT3,10.44,135210089.0
2019-06-11,KROT3,10.4,79197029.0
2019-06-12,KROT3,10.35,174208811.0
2019-06-13,KROT3,10.55,147626431.0
2019-06-14,KROT3,10.48,65608929.0
2019-06-17,KROT3,10.19,69420175.0
2019-06-18,KROT3,10.25,131437314.0
2019-06-19,KROT3,10.49,143698708.0
2019-06-21,KROT3,10.87,259554032.0
2019-06-24,KROT3,10.93,146788840.0
2019-06-25,KROT3,10.66,137374970.0
2019-06-26,KROT3,10.61,91311851.0
2019-06-27,KROT3,10.94,72723614.0
2019-06-28,KROT3,10.97,85097959.0
2019-07-01,KROT3,10.85,100293743.0
2019-07-02,KROT3,11.1,144384382.0
2019-07-03,KROT3,11.27,126285992.0
2019-07-04,KROT3,11.57,134905575.0
2019-07-05,KROT3,11.7,81415782.0
2019-07-08,KROT3,12.38,163367698.0
2019-07-10,KROT3,12.33,227671686.0
2019-07-11,KROT3,11.82,189242674.0
2019-07-12,KROT3,11.45,126184464.0
2019-07-15,KROT3,11.66,143795486.0
2019-07-16,KROT3,11.75,136780218.0
2019-07-17,KROT3,12.0,236599845.0
2019-07-18,KROT3,12.6,194121568.0
2019-07-19,KROT3,12.6,148230227.0
2019-07-22,KROT3,12.52,118470886.0
2019-07-23,KROT3,12.45,105832659.0
2019-07-24,KROT3,12.3,91283475.0
2019-07-25,KROT3,12.24,108000295.0
2019-07-26,KROT3,12.54,136399172.0
2019-07-29,KROT3,12.42,78711086.0
2019-07-30,KROT3,12.28,110279149.0
2019-07-31,KROT3,12.56,124996407.0
2019-08-01,KROT3,13.17,302895468.0
2019-08-02,KROT3,13.66,302576944.0
2019-09-02,KROT3,10.07,74107370.0
2019-09-03,KROT3,10.05,195208383.0
2019-09-04,KROT3,10.28,141970201.0
2019-09-05,KROT3,10.33,161753679.0
2019-09-06,KROT3,10.4,157028643.0
2019-09-09,KROT3,10.35,134496024.0
2019-09-10,KROT3,10.69,215985690.0
2019-09-11,KROT3,10.53,150133393.0
2019-09-12,KROT3,11.13,210026369.0
2019-09-13,KROT3,10.72,190514473.0
2019-09-16,KROT3,11.22,241029221.0
2019-09-17,KROT3,11.3,114203620.0
2019-09-18,KROT3,11.28,65102751.0
2019-09-19,KROT3,11.29,144390756.0
2019-09-20,KROT3,11.26,177769760.0
2019-09-23,KROT3,11.43,134803004.0
2019-09-24,KROT3,11.65,98936682.0
2019-09-25,KROT3,11.3,139697465.0
2019-09-26,KROT3,11.4,102727967.0
2019-09-27,KROT3,11.3,127455727.0
2019-09-30,KROT3,11.18,179439911.0
2019-10-01,KROT3,11.11,172443180.0
2019-10-02,KROT3,10.8,219237174.0
2019-10-03,KROT3,10.91,141782893.0
2019-10-04,KROT3,11.1,216571253.0
2019-10-07,KROT3,10.8,298497369.0
2019-10-08,KROT3,10.4,242750895.0
2019-10-09,KROT3,10.55,117896981.0
2019-10-10,KROT3,10.38,271796428.0
2019-01-04,LAME4,19.41,85966410.0
2019-01-07,LAME4,19.98,115251072.0
2019-01-08,LAME4,20.01,89923908.0
2019-01-09,LAME4,20.8,147934111.0
2019-01-10,LAME4,20.78,72590053.0
2019-01-11,LAME4,20.5,77554403.0
2019-01-14,LAME4,20.49,59578887.0
2019-01-15,LAME4,20.35,55915330.0
2019-01-16,LAME4,20.38,76322028.0
2019-01-17,LAME4,20.47,110259254.0
2019-01-18,LAME4,20.43,84944907.0
2019-01-21,LAME4,19.97,55508994.0
2019-01-22,LAME4,19.52,97893459.0
2019-01-23,LAME4,20.0,102558106.0
2019-01-24,LAME4,20.46,102436236.0
2019-01-28,LAME4,20.43,139873105.0
2019-01-29,LAME4,20.67,113419372.0
2019-01-30,LAME4,20.57,66821730.0
2019-01-31,LAME4,21.07,119947593.0
2019-02-01,LAME4,20.57,163747516.0
2019-02-04,LAME4,20.63,72034783.0
2019-02-05,LAME4,20.7,78104204.0
2019-02-06,LAME4,20.1,147729701.0
2019-02-07,LAME4,20.21,73333537.0
2019-02-08,LAME4,20.43,55063119.0
2019-02-11,LAME4,20.57,46854588.0
2019-02-12,LAME4,19.92,234257571.0
2019-02-13,LAME4,19.51,158787187.0
2019-02-14,LAME4,19.9,86334646.0
2019-02-15,LAME4,19.51,69675459.0
2019-02-18,LAME4,19.75,51939547.0
2019-02-19,LAME4,19.84,97620259.0
2019-02-20,LAME4,19.38,82401799.0
2019-02-21,LAME4,19.22,53313092.0
2019-02-22,LAME4,19.43,100969711.0
2019-02-25,LAME4,19.03,69910242.0
2019-02-26,LAME4,19.26,69227825.0
2019-02-27,LAME4,19.81,121344452.0
2019-02-28,LAME4,19.91,147504664.0
2019-03-01,LAME4,19.67,78480052.0
2019-03-06,LAME4,19.51,45787125.0
2019-03-07,LAME4,19.36,59225708.0
2019-03-08,LAME4,19.8,66584553.0
2019-03-11,LAME4,20.28,74916278.0
2019-03-12,LAME4,19.8,64416939.0
2019-03-13,LAME4,19.84,85958742.0
2019-03-14,LAME4,19.62,42935757.0
2019-03-15,LAME4,19.73,87875659.0
2019-03-18,LAME4,19.59,91919726.0
2019-03-19,LAME4,19.84,118888173.0
2019-03-20,LAME4,19.35,93054725.0
2019-03-21,LAME4,18.27,372783025.0
2019-03-22,LAME4,16.79,287009233.0
2019-03-25,LAME4,16.49,159074380.0
2019-03-26,LAME4,16.55,185753054.0
2019-03-27,LAME4,15.79,224937894.0
2019-03-28,LAME4,16.17,203780414.0
2019-03-29,LAME4,16.77,176759921.0
2019-04-01,LAME4,17.01,129555546.0
2019-04-02,LAME4,16.78,73211113.0
2019-05-03,LAME4,15.7,65865344.0
2019-05-06,LAME4,15.58,48045897.0
2019-05-07,LAME4,15.08,79344124.0
2019-05-08,LAME4,15.3,93082357.0
2019-05-09,LAME4,15.75,102750935.0
2019-05-10,LAME4,15.16,199431389.0
2019-05-13,LAME4,14.9,124198785.0
2019-05-14,LAME4,15.1,93850610.0
2019-05-15,LAME4,15.12,60470707.0
2019-05-16,LAME4,14.75,134981461.0
2019-05-17,LAME4,14.58,69430433.0
2019-05-20,LAME4,15.3,83221101.0
2019-05-21,LAME4,15.55,88257831.0
2019-05-22,LAME4,15.37,48366344.0
2019-05-23,LAME4,15.1,67956107.0
2019-05-24,LAME4,15.1,75817702.0
2019-05-27,LAME4,15.29,34980108.0
2019-05-28,LAME4,15.69,108256392.0
2019-05-29,LAME4,16.18,83146711.0
2019-05-30,LAME4,16.42,82306320.0
2019-05-31,LAME4,16.14,96957266.0
2019-06-03,LAME4,15.72,74335588.0
2019-06-04,LAME4,15.85,37767393.0
2019-06-05,LAME4,15.44,55112858.0
2019-06-06,LAME4,15.53,36099583.0
2019-06-07,LAME4,15.9,40102246.0
2019-06-10,LAME4,16.23,35475915.0
2019-06-11,LAME4,16.09,51306941.0
2019-06-12,LAME4,15.78,58071648.0
2019-06-13,LAME4,16.09,61950215.0
2019-06-14,LAME4,16.08,52376351.0
2019-06-17,LAME4,15.9,50110864.0
2019-06-18,LAME4,15.98,50952311.0
2019-06-19,LAME4,16.2,75533749.0
2019-06-21,LAME4,16.57,89393668.0
2019-06-24,LAME4,16.55,73079885.0
2019-06-25,LAME4,16.12,54255944.0
2019-06-26,LAME4,16.32,42781271.0
2019-06-27,LAME4,16.39,47532956.0
2019-06-28,LAME4,16.47,47887831.0
2019-07-01,LAME4,16.0,93296466.0
2019-07-02,LAME4,15.9,53328237.0
2019-07-03,LAME4,15.9,65557606.0
2019-07-04,LAME4,16.38,72718915.0
2019-07-05,LAME4,16.62,53848440.0
2019-07-08,LAME4,16.69,54615857.0
2019-07-10,LAME4,17.38,148833063.0
2019-07-11,LAME4,17.25,95987392.0
2019-07-12,LAME4,17.01,84829772.0
2019-07-15,LAME4,16.8,60668603.0
2019-07-16,LAME4,16.46,55122435.0
2019-07-17,LAME4,17.06,74730601.0
2019-07-18,LAME4,17.5,115301256.0
2019-07-19,LAME4,17.17,67931098.0
2019-07-22,LAME4,17.02,64778469.0
2019-07-23,LAME4,16.77,51671143.0
2019-07-24,LAME4,16.88,41695505.0
2019-07-25,LAME4,16.86,47694211.0
2019-07-26,LAME4,17.21,58273205.0
2019-07-29,LAME4,17.5,55538878.0
2019-07-30,LAME4,17.43,38742079.0
2019-07-31,LAME4,18.15,192113034.0
2019-08-01,LAME4,18.86,252551228.0
2019-08-02,LAME4,18.94,88770996.0
2019-09-02,LAME4,18.6,58764392.0
2019-09-03,LAME4,18.63,104071690.0
2019-09-04,LAME4,19.04,75599487.0
2019-09-05,LAME4,18.98,71371201.0
2019-09-06,LAME4,18.75,50814026.0
2019-09-09,LAME4,18.45,63484298.0
2019-09-10,LAME4,17.86,133858935.0
2019-09-11,LAME4,18.79,91090042.0
2019-09-12,LAME4,18.86,56664069.0
2019-09-13,LAME4,18.44,56554086.0
2019-09-16,LAME4,18.68,37320399.0
2019-09-17,LAME4,19.15,59603023.0
2019-09-18,LAME4,19.15,67589317.0
2019-09-19,LAME4,19.67,117207789.0
2019-09-20,LAME4,19.7,128264984.0
2019-09-23,LAME4,19.55,37007367.0
2019-09-24,LAME4,19.82,94542152.0
2019-09-25,LAME4,20.04,103865288.0
2019-09-26,LAME4,20.02,38650529.0
2019-09-27,LAME4,19.89,38671258.0
2019-09-30,LAME4,19.96,82002772.0
2019-10-01,LAME4,19.72,57673341.0
2019-10-02,LAME4,19.42,83804562.0
2019-10-03,LAME4,19.18,124277191.0
2019-10-04,LAME4,19.78,56665901.0
2019-10-07,LAME4,19.56,55327510.0
2019-10-08,LAME4,19.25,43482191.0
2019-10-09,LAME4,19.76,48060572.0
2019-10-10,LAME4,19.69,34670242.0
2019-10-11,LAME4,20.59,100587406.0
2019-10-14,LAME4,20.9,88841267.0
2019-10-15,LAME4,21.19,58111542.0
2019-10-16,LAME4,21.31,70128753.0
2019-10-17,LAME4,21.11,50944216.0
2019-10-18,LAME4,21.13,32425420.0
2019-10-21,LAME4,21.09,42304821.0
2019-10-22,LAME4,20.89,109395460.0
2019-10-23,LAME4,20.94,68488570.0
2019-10-24,LAME4,20.8,123011154.0
2019-10-25,LAME4,20.46,39077043.0
2019-10-28,LAME4,20.47,45236550.0
2019-10-29,LAME4,20.37,78844798.0
2019-10-30,LAME4,20.65,187183331.0
2019-10-31,LAME4,19.99,131795653.0
2019-11-01,LAME4,20.39,149683897.0
2019-11-04,LAME4,20.2,77302519.0
2019-11-05,LAME4,20.03,78152536.0
2019-11-06,LAME4,20.49,56810807.0
2019-11-07,LAME4,20.33,42037937.0
2019-11-08,LAME4,19.43,154072803.0
2019-11-11,LAME4,19.87,115307060.0
2019-11-12,LAME4,19.5,92849862.0
2019-11-13,LAME4,19.56,92037511.0
2019-11-14,LAME4,19.99,65767919.0
2019-11-18,LAME4,19.68,50867441.0
2019-11-19,LAME4,19.97,52250079.0
2019-11-21,LAME4,20.4,97106016.0
2019-11-22,LAME4,20.34,85100546.0
2019-11-25,LAME4,20.6,72949991.0
2019-11-26,LAME4,20.47,154662784.0
2019-11-27,LAME4,21.31,129734442.0
2019-11-28,LAME4,21.98,113473269.0
2019-11-29,LAME4,22.28,143882582.0
2019-12-02,LAME4,22.73,134471618.0
2020-01-02,LAME4,26.8,124156969.0
2020-01-03,LAME4,26.85,197881789.0
2020-01-06,LAME4,26.54,215808804.0
2020-01-07,LAME4,26.01,141035268.0
2020-01-08,LAME4,25.82,83318089.0
2020-01-09,LAME4,26.52,151653234.0
2020-01-10,LAME4,26.47,149429999.0
2020-01-13,LAME4,26.99,140138335.0
2020-01-14,LAME4,27.87,200535642.0
2020-01-15,LAME4,27.5,222966305.0
2020-01-16,LAME4,27.85,163235946.0
2020-01-17,LAME4,28.33,147415316.0
2020-01-20,LAME4,29.01,123609243.0
2020-01-21,LAME4,29.01,226647500.0
2020-01-22,LAME4,28.52,107910691.0
2020-01-23,LAME4,29.06,202366030.0
2020-01-24,LAME4,28.95,210190322.0
2020-01-27,LAME4,28.22,93211388.0
2020-01-28,LAME4,28.47,133781336.0
2020-01-29,LAME4,28.4,222164575.0
2020-01-30,LAME4,27.71,272650590.0
2020-01-31,LAME4,27.55,174450608.0
2020-02-03,LAME4,27.3,124552036.0
2020-02-04,LAME4,27.8,177881056.0
2020-02-05,LAME4,27.45,179706317.0
2020-02-06,LAME4,26.69,240216010.0
2020-02-07,LAME4,26.2,163420986.0
2020-02-10,LAME4,25.99,200154773.0
2020-02-11,LAME4,27.11,150072361.0
2020-02-12,LAME4,27.29,176337857.0
2020-02-13,LAME4,27.59,87738412.0
2020-02-14,LAME4,27.12,61492839.0
2020-02-17,LAME4,27.43,97565358.0
2020-02-18,LAME4,27.3,61845079.0
2020-02-19,LAME4,27.22,112853752.0
2020-02-20,LAME4,26.84,94881642.0
2020-02-21,LAME4,28.9,389526286.0
2020-02-26,LAME4,26.75,262357095.0
2020-02-27,LAME4,26.03,228196698.0
2020-02-28,LAME4,26.6,333350811.0
2020-03-02,LAME4,26.65,177735090.0
2020-03-03,LAME4,27.09,247483180.0
2020-03-04,LAME4,27.7,179265414.0
2020-03-05,LAME4,25.94,220898097.0
2020-03-06,LAME4,23.85,311276510.0
2020-03-09,LAME4,21.91,269519663.0
2020-03-10,LAME4,23.55,269706956.0
2020-03-11,LAME4,21.65,377195821.0
2020-03-12,LAME4,17.74,149257063.0
2020-03-13,LAME4,21.47,415962739.0
2020-03-16,LAME4,17.49,242901676.0
2020-03-17,LAME4,18.4,313782252.0
2020-03-18,LAME4,16.17,232533445.0
2020-03-19,LAME4,16.34,242332206.0
2020-03-20,LAME4,17.61,297641881.0
2020-03-23,LAME4,17.49,182605316.0
2020-03-24,LAME4,19.29,219177552.0
2020-03-25,LAME4,20.03,222013353.0
2020-03-26,LAME4,20.85,196550488.0
2020-03-27,LAME4,19.0,157430285.0
2020-03-30,LAME4,19.04,163077131.0
2020-03-31,LAME4,18.0,148392537.0
2020-04-01,LAME4,17.95,137983056.0
2020-04-02,LAME4,18.55,119978029.0
2020-05-04,LAME4,25.26,158674251.0
2020-05-05,LAME4,25.54,182321533.0
2020-05-06,LAME4,27.42,284173482.0
2020-05-07,LAME4,26.8,267446620.0
2020-05-08,LAME4,26.9,247909057.0
2020-05-11,LAME4,26.27,193865469.0
2020-05-12,LAME4,26.22,177469680.0
2020-05-13,LAME4,27.21,299526023.0
2020-05-14,LAME4,27.17,309726396.0
2020-05-15,LAME4,26.51,145944933.0
2020-05-18,LAME4,26.89,199025506.0
2020-05-19,LAME4,27.81,184722164.0
2020-05-20,LAME4,26.84,254607283.0
2020-05-21,LAME4,26.85,462508777.0
2020-05-22,LAME4,25.35,439052873.0
2020-05-25,LAME4,25.75,517030083.0
2020-05-26,LAME4,26.9,473401124.0
2020-05-27,LAME4,28.9,333679157.0
2020-05-28,LAME4,28.71,185042683.0
2020-05-29,LAME4,28.25,322127609.0
2020-06-01,LAME4,29.3,280323853.0
2020-06-02,LAME4,29.93,366594480.0
2020-06-03,LAME4,30.23,396101610.0
2020-06-04,LAME4,30.39,213098355.0
2020-06-05,LAME4,29.7,384596006.0
2020-06-08,LAME4,29.8,327457291.0
2020-06-09,LAME4,30.25,207513683.0
2020-06-10,LAME4,30.63,322053039.0
2020-06-12,LAME4,31.3,364833352.0
2020-06-15,LAME4,31.8,329060779.0
2020-06-16,LAME4,31.56,250062627.0
2020-06-17,LAME4,32.7,249945234.0
2020-06-18,LAME4,33.4,464944847.0
2020-06-19,LAME4,32.93,595477085.0
2020-06-22,LAME4,32.5,238177175.0
2020-06-23,LAME4,32.69,212186094.0
2020-06-24,LAME4,31.8,282439335.0
2020-06-25,LAME4,32.4,466736785.0
2020-06-26,LAME4,31.13,367177550.0
2020-06-29,LAME4,32.0,296909694.0
2020-06-30,LAME4,32.18,265660309.0
2020-07-01,LAME4,32.59,395053669.0
2020-07-02,LAME4,31.2,647395981.0
2020-07-03,LAME4,31.0,262467103.0
2020-07-06,LAME4,32.6,741192253.0
2020-07-07,LAME4,31.75,751886008.0
2020-07-08,LAME4,32.12,408463994.0
2020-07-09,LAME4,35.37,610127809.0
2020-07-10,LAME4,35.16,345741332.0
2020-07-13,LAME4,34.15,317083094.0
2020-07-14,LAME4,34.65,298840629.0
2020-07-15,LAME4,35.3,763764095.0
2020-07-16,LAME4,34.72,620498525.0
2020-07-17,LAME4,35.4,1034626668.0
2020-07-20,LAME4,35.33,687166737.0
2020-07-21,LAME4,35.64,389476812.0
2020-07-22,LAME4,36.6,390112045.0
2020-07-23,LAME4,35.76,319170000.0
2020-07-24,LAME4,35.53,259902931.0
2020-07-27,LAME4,35.07,476400403.0
2020-07-28,LAME4,34.72,293001531.0
2020-07-29,LAME4,34.82,364561095.0
2020-07-30,LAME4,35.02,252804720.0
2020-07-31,LAME4,34.1,311579005.0
2020-09-02,LAME4,32.56,128220778.0
2020-09-03,LAME4,30.86,341443906.0
2020-09-04,LAME4,30.84,288043069.0
2020-09-08,LAME4,30.97,236730083.0
2020-09-09,LAME4,30.91,203609216.0
2020-09-10,LAME4,30.15,301805360.0
2020-09-11,LAME4,29.49,161749893.0
2020-09-14,LAME4,31.15,282016303.0
2020-09-15,LAME4,31.26,123381454.0
2020-09-16,LAME4,30.88,148188009.0
2020-09-17,LAME4,30.11,161091151.0
2020-09-18,LAME4,29.4,250917801.0
2020-09-21,LAME4,29.49,167932036.0
2020-09-22,LAME4,29.14,150492894.0
2020-09-23,LAME4,28.87,350687006.0
2020-09-24,LAME4,28.88,209083035.0
2020-09-25,LAME4,29.04,162748376.0
2020-09-28,LAME4,27.8,278559412.0
2020-09-29,LAME4,28.37,274858979.0
2020-09-30,LAME4,28.39,245534187.0
2020-10-01,LAME4,29.33,282623507.0
2020-10-02,LAME4,28.59,289455450.0
2020-10-05,LAME4,28.46,286807776.0
2020-10-06,LAME4,28.54,227427642.0
2020-10-07,LAME4,27.73,237431140.0
2020-10-08,LAME4,27.7,241798945.0
2020-10-09,LAME4,27.2,363413348.0
2020-10-13,LAME4,27.8,171688433.0
2020-10-14,LAME4,27.25,241866461.0
2020-10-15,LAME4,27.82,295430129.0
2020-10-16,LAME4,27.36,155606746.0
2020-10-19,LAME4,27.5,145500365.0
2020-10-20,LAME4,27.4,165016321.0
2020-10-21,LAME4,26.58,263207114.0
2020-10-22,LAME4,26.02,266564752.0
2020-10-23,LAME4,25.89,231701817.0
2020-10-26,LAME4,26.13,152987495.0
2020-10-27,LAME4,25.85,122555212.0
2020-10-28,LAME4,24.72,118764903.0
2020-10-29,LAME4,24.69,170219252.0
2020-10-30,LAME4,23.23,468682579.0
2020-11-03,LAME4,23.77,432502049.0
2020-11-04,LAME4,24.95,184631737.0
2020-11-05,LAME4,25.26,209618251.0
2020-11-06,LAME4,25.02,114288621.0
2020-11-09,LAME4,25.27,316977762.0
2020-11-10,LAME4,25.11,194929652.0
2020-11-11,LAME4,24.42,241022668.0
2020-11-12,LAME4,23.93,191810921.0
2020-11-13,LAME4,24.05,125955850.0
2020-11-16,LAME4,23.58,135334218.0
2020-11-17,LAME4,23.87,346328572.0
2020-11-18,LAME4,24.39,302078264.0
2020-11-19,LAME4,24.26,378083259.0
2020-11-20,LAME4,24.03,205400156.0
2020-11-23,LAME4,23.7,171187832.0
2020-11-24,LAME4,23.71,202202788.0
2020-11-25,LAME4,23.65,102407520.0
2020-11-26,LAME4,23.7,88010713.0
2020-11-27,LAME4,23.64,122826734.0
2020-11-30,LAME4,22.93,290005667.0
2020-12-01,LAME4,22.99,201766179.0
2020-12-02,LAME4,23.02,122833976.0
2019-01-04,LOGG3,16.09,17934616.0
2019-01-07,LOGG3,15.62,15590078.0
2019-01-08,LOGG3,15.87,18419575.0
2019-01-09,LOGG3,16.24,11728055.0
2019-01-10,LOGG3,17.49,11641425.0
2019-01-11,LOGG3,19.6,26148394.0
2019-01-14,LOGG3,20.4,28556695.0
2019-01-15,LOGG3,19.9,9951125.0
2019-01-16,LOGG3,19.2,9288429.0
2019-01-17,LOGG3,18.2,21435524.0
2019-01-18,LOGG3,18.76,11071833.0
2019-01-21,LOGG3,19.14,8509178.0
2019-01-22,LOGG3,19.16,15387540.0
2019-01-23,LOGG3,19.2,11672946.0
2019-01-24,LOGG3,18.8,9694735.0
2019-01-28,LOGG3,18.85,7697524.0
2019-01-29,LOGG3,18.72,5747744.0
2019-01-30,LOGG3,19.4,9510088.0
2019-01-31,LOGG3,19.25,11083611.0
2019-02-01,LOGG3,19.8,10855103.0
2019-02-04,LOGG3,20.05,6799937.0
2019-02-05,LOGG3,19.7,6390940.0
2019-02-06,LOGG3,19.25,9354978.0
2019-02-07,LOGG3,18.4,9837166.0
2019-02-08,LOGG3,18.05,8477795.0
2019-02-11,LOGG3,18.18,2369592.0
2019-02-12,LOGG3,18.15,4563839.0
2019-02-13,LOGG3,18.3,8949268.0
2019-02-14,LOGG3,18.33,9299244.0
2019-02-15,LOGG3,18.03,5284135.0
2019-02-18,LOGG3,17.8,7431598.0
2019-02-19,LOGG3,17.58,4574677.0
2019-02-20,LOGG3,17.49,3690253.0
2019-02-21,LOGG3,17.48,3430101.0
2019-02-22,LOGG3,17.5,2796681.0
2019-02-25,LOGG3,17.35,3199790.0
2019-02-26,LOGG3,17.3,2867042.0
2019-02-27,LOGG3,17.4,2800703.0
2019-02-28,LOGG3,17.47,3474407.0
2019-03-01,LOGG3,17.66,2100151.0
2019-03-06,LOGG3,17.42,4962457.0
2019-03-07,LOGG3,17.23,4569372.0
2019-03-08,LOGG3,17.15,4698808.0
2019-03-11,LOGG3,17.1,3153879.0
2019-03-12,LOGG3,17.26,1869014.0
2019-03-13,LOGG3,17.4,2220634.0
2019-03-14,LOGG3,17.34,3230536.0
2019-03-15,LOGG3,17.5,3704348.0
2019-03-18,LOGG3,17.91,4742388.0
2019-03-19,LOGG3,18.09,4294887.0
2019-03-20,LOGG3,18.0,5062814.0
2019-03-21,LOGG3,17.8,3864230.0
2019-03-22,LOGG3,17.1,7237501.0
2019-03-25,LOGG3,17.01,3397265.0
2019-03-26,LOGG3,17.15,2405319.0
2019-03-27,LOGG3,16.75,4262820.0
2019-03-28,LOGG3,17.4,5616047.0
2019-03-29,LOGG3,16.98,4917878.0
2019-04-01,LOGG3,17.0,5424529.0
2019-04-02,LOGG3,17.24,4228763.0
2019-01-04,LREN3,41.35,220031032.0
2019-01-07,LREN3,40.4,159567115.0
2019-01-08,LREN3,41.7,221043743.0
2019-01-09,LREN3,42.6,142922535.0
2019-01-10,LREN3,42.66,150035055.0
2019-01-11,LREN3,41.71,127244524.0
2019-01-14,LREN3,40.95,236745704.0
2019-01-15,LREN3,40.8,383186491.0
2019-01-16,LREN3,41.7,116564865.0
2019-01-17,LREN3,43.25,242104307.0
2019-01-18,LREN3,43.85,231682594.0
2019-01-21,LREN3,43.0,76747880.0
2019-01-22,LREN3,42.4,112812886.0
2019-01-23,LREN3,43.19,154228774.0
2019-01-24,LREN3,44.44,176582335.0
2019-01-28,LREN3,45.27,168858488.0
2019-01-29,LREN3,45.59,99728693.0
2019-01-30,LREN3,45.42,162341364.0
2019-01-31,LREN3,45.5,215855878.0
2019-02-01,LREN3,45.66,128918190.0
2019-02-04,LREN3,46.0,121379029.0
2019-02-05,LREN3,45.47,101167530.0
2019-02-06,LREN3,43.21,207215818.0
2019-02-07,LREN3,43.35,283448883.0
2019-02-08,LREN3,43.5,382596108.0
2019-02-11,LREN3,43.0,149407119.0
2019-02-12,LREN3,44.66,240522587.0
2019-02-13,LREN3,43.5,190912625.0
2019-02-14,LREN3,44.66,257744147.0
2019-02-15,LREN3,44.15,168619653.0
2019-02-18,LREN3,44.24,66302478.0
2019-02-19,LREN3,44.6,166255848.0
2019-02-20,LREN3,43.4,150402566.0
2019-02-21,LREN3,43.3,100755988.0
2019-02-22,LREN3,44.7,91497137.0
2019-02-25,LREN3,44.39,80601805.0
2019-02-26,LREN3,44.4,74014022.0
2019-02-27,LREN3,44.05,172288561.0
2019-02-28,LREN3,43.28,153421036.0
2019-03-01,LREN3,43.33,183766900.0
2019-03-06,LREN3,43.49,94905714.0
2019-03-07,LREN3,42.81,215640258.0
2019-03-08,LREN3,43.86,116381635.0
2019-03-11,LREN3,45.63,115388270.0
2019-03-12,LREN3,45.15,91087362.0
2019-03-13,LREN3,44.36,560459189.0
2019-03-14,LREN3,44.2,90484083.0
2019-03-15,LREN3,43.99,173825449.0
2019-03-18,LREN3,44.58,127964038.0
2019-03-19,LREN3,44.44,130814706.0
2019-03-20,LREN3,44.0,129716539.0
2019-03-21,LREN3,43.06,150710090.0
2019-03-22,LREN3,42.65,137436133.0
2019-03-25,LREN3,42.02,109653354.0
2019-03-26,LREN3,42.31,241422668.0
2019-03-27,LREN3,41.01,220347030.0
2019-03-28,LREN3,42.3,235020016.0
2019-03-29,LREN3,43.8,207158247.0
2019-04-01,LREN3,43.79,167829314.0
2019-04-02,LREN3,43.27,119686040.0
2019-05-03,LREN3,41.3,131661597.0
2019-05-06,LREN3,40.97,108753311.0
2019-05-07,LREN3,41.23,262837444.0
2019-05-08,LREN3,42.19,214222379.0
2019-05-09,LREN3,41.1,174396182.0
2019-05-10,LREN3,41.4,93569308.0
2019-05-13,LREN3,40.45,156556157.0
2019-05-14,LREN3,40.05,119438191.0
2019-05-15,LREN3,40.71,159652678.0
2019-05-16,LREN3,39.7,160876881.0
2019-05-17,LREN3,39.4,123523574.0
2019-05-20,LREN3,40.88,149790211.0
2019-05-21,LREN3,42.0,150425094.0
2019-05-22,LREN3,41.44,143858838.0
2019-05-23,LREN3,41.31,126327692.0
2019-05-24,LREN3,41.0,118227145.0
2019-05-27,LREN3,41.58,103616402.0
2019-05-28,LREN3,43.07,318540321.0
2019-05-29,LREN3,43.1,211665164.0
2019-05-30,LREN3,43.95,211947993.0
2019-05-31,LREN3,44.04,179434988.0
2019-06-03,LREN3,43.9,135132013.0
2019-06-04,LREN3,43.26,157122641.0
2019-06-05,LREN3,42.67,141044090.0
2019-06-06,LREN3,43.1,165826352.0
2019-06-07,LREN3,44.36,146028252.0
2019-06-10,LREN3,44.77,92880875.0
2019-06-11,LREN3,45.27,149057738.0
2019-06-12,LREN3,45.4,248265064.0
2019-06-13,LREN3,45.75,329555750.0
2019-06-14,LREN3,45.84,147687015.0
2019-06-17,LREN3,46.25,288004498.0
2019-06-18,LREN3,46.5,279494616.0
2019-06-19,LREN3,47.85,165091305.0
2019-06-21,LREN3,46.98,333583302.0
2019-06-24,LREN3,47.4,132188095.0
2019-06-25,LREN3,46.23,131786133.0
2019-06-26,LREN3,46.64,169181716.0
2019-06-27,LREN3,46.86,142638004.0
2019-06-28,LREN3,47.16,146972913.0
2019-07-01,LREN3,46.43,194993905.0
2019-07-02,LREN3,46.72,121279305.0
2019-07-03,LREN3,47.11,120158222.0
2019-07-04,LREN3,47.7,107470329.0
2019-07-05,LREN3,48.5,150589892.0
2019-07-08,LREN3,48.07,165597992.0
2019-07-10,LREN3,48.84,373339855.0
2019-07-11,LREN3,48.45,126391631.0
2019-07-12,LREN3,47.54,116458195.0
2019-07-15,LREN3,47.84,131496584.0
2019-07-16,LREN3,47.99,94485099.0
2019-07-17,LREN3,48.25,215428887.0
2019-07-18,LREN3,48.6,145396270.0
2019-07-19,LREN3,47.15,231133590.0
2019-07-22,LREN3,47.55,189344732.0
2019-07-23,LREN3,46.55,125505092.0
2019-07-24,LREN3,46.72,124924846.0
2019-07-25,LREN3,46.1,267888735.0
2019-07-26,LREN3,47.37,216043409.0
2019-07-29,LREN3,48.44,158887310.0
2019-07-30,LREN3,48.56,310920560.0
2019-07-31,LREN3,47.46,592099129.0
2019-08-01,LREN3,48.82,433732067.0
2019-08-02,LREN3,49.7,290182128.0
2019-09-02,LREN3,50.34,66546674.0
2019-09-03,LREN3,49.75,117303115.0
2019-09-04,LREN3,50.52,107477320.0
2019-09-05,LREN3,50.25,167450589.0
2019-09-06,LREN3,49.97,94468236.0
2019-09-09,LREN3,49.49,202493967.0
2019-09-10,LREN3,49.45,183675144.0
2019-09-11,LREN3,51.03,252063592.0
2019-09-12,LREN3,50.31,195189316.0
2019-09-13,LREN3,48.8,200300352.0
2019-09-16,LREN3,48.7,207033333.0
2019-09-17,LREN3,49.43,226041927.0
2019-09-18,LREN3,49.7,122503539.0
2019-09-19,LREN3,50.66,250268390.0
2019-09-20,LREN3,50.1,313628150.0
2019-09-23,LREN3,49.45,91047576.0
2019-09-24,LREN3,49.5,132672267.0
2019-09-25,LREN3,49.47,150916744.0
2019-09-26,LREN3,50.07,123190948.0
2019-09-27,LREN3,50.18,136359394.0
2019-09-30,LREN3,50.47,159177898.0
2019-10-01,LREN3,50.49,120533513.0
2019-10-02,LREN3,48.51,146353352.0
2019-10-03,LREN3,48.78,144647272.0
2019-10-04,LREN3,48.96,235270644.0
2019-10-07,LREN3,48.4,182556420.0
2019-10-08,LREN3,48.42,157768982.0
2019-10-09,LREN3,48.93,159304426.0
2019-10-10,LREN3,48.59,118078001.0
2019-10-11,LREN3,50.29,288392318.0
2019-10-14,LREN3,50.73,137223289.0
2019-10-15,LREN3,51.3,140870324.0
2019-10-16,LREN3,51.83,219909401.0
2019-10-17,LREN3,51.77,104944898.0
2019-10-18,LREN3,51.3,177172695.0
2019-10-21,LREN3,52.09,87022065.0
2019-10-22,LREN3,51.91,147165699.0
2019-10-23,LREN3,51.09,194392911.0
2019-10-24,LREN3,49.27,560755619.0
2019-10-25,LREN3,50.5,398859203.0
2019-10-28,LREN3,50.05,153894053.0
2019-10-29,LREN3,50.21,126779693.0
2019-10-30,LREN3,50.28,306439706.0
2019-10-31,LREN3,50.75,180426421.0
2019-11-01,LREN3,51.67,166394919.0
2019-11-04,LREN3,51.05,124365187.0
2019-11-05,LREN3,49.52,306911274.0
2019-11-06,LREN3,50.39,166840699.0
2019-11-07,LREN3,50.19,213173333.0
2019-11-08,LREN3,48.92,267306093.0
2019-11-11,LREN3,50.55,172593843.0
2019-11-12,LREN3,49.51,223693680.0
2019-11-13,LREN3,49.29,279593176.0
2019-11-14,LREN3,51.7,240702558.0
2019-11-18,LREN3,51.07,200903796.0
2019-11-19,LREN3,50.58,147289846.0
2019-11-21,LREN3,51.06,213502558.0
2019-11-22,LREN3,51.31,218857997.0
2019-11-25,LREN3,51.3,137561369.0
2019-11-26,LREN3,51.01,307350642.0
2019-11-27,LREN3,51.16,161012360.0
2019-11-28,LREN3,51.77,80760427.0
2019-11-29,LREN3,51.8,139952582.0
2019-12-02,LREN3,52.4,192150465.0
2020-01-02,LREN3,57.5,171271152.0
2020-01-03,LREN3,57.1,241686290.0
2020-01-06,LREN3,57.05,214859449.0
2020-01-07,LREN3,57.02,194589751.0
2020-01-08,LREN3,57.39,239041174.0
2020-01-09,LREN3,56.95,213752507.0
2020-01-10,LREN3,57.13,290087654.0
2020-01-13,LREN3,58.37,214326251.0
2020-01-14,LREN3,57.63,319967568.0
2020-01-15,LREN3,57.25,231471720.0
2020-01-16,LREN3,57.71,163505919.0
2020-01-17,LREN3,59.22,204172439.0
2020-01-20,LREN3,59.5,183336683.0
2020-01-21,LREN3,58.95,290039730.0
2020-01-22,LREN3,59.85,159247195.0
2020-01-23,LREN3,60.87,231633189.0
2020-01-24,LREN3,60.17,176136655.0
2020-01-27,LREN3,58.88,178864391.0
2020-01-28,LREN3,59.67,177255168.0
2020-01-29,LREN3,60.0,149824979.0
2020-01-30,LREN3,59.2,301031695.0
2020-01-31,LREN3,57.45,487001442.0
2020-02-03,LREN3,57.78,192656405.0
2020-02-04,LREN3,56.9,465522460.0
2020-02-05,LREN3,57.2,804020313.0
2020-02-06,LREN3,55.22,457743107.0
2020-02-07,LREN3,55.57,499362984.0
2020-02-10,LREN3,54.96,331665926.0
2020-02-11,LREN3,56.49,247622903.0
2020-02-12,LREN3,56.65,357585269.0
2020-02-13,LREN3,57.31,221170700.0
2020-02-14,LREN3,56.45,172581102.0
2020-02-17,LREN3,57.2,84239300.0
2020-02-18,LREN3,56.85,183012699.0
2020-02-19,LREN3,56.51,144420742.0
2020-02-20,LREN3,55.53,215981333.0
2020-02-21,LREN3,56.0,215827230.0
2020-02-26,LREN3,52.65,389335268.0
2020-02-27,LREN3,51.05,498636187.0
2020-02-28,LREN3,53.3,566022524.0
2020-03-02,LREN3,53.0,451024187.0
2020-03-03,LREN3,53.33,321395549.0
2020-03-04,LREN3,54.55,311915934.0
2020-03-05,LREN3,51.8,313254486.0
2020-03-06,LREN3,50.78,523283531.0
2020-03-09,LREN3,46.0,410195592.0
2020-03-10,LREN3,50.25,590739928.0
2020-03-11,LREN3,47.09,396562469.0
2020-03-12,LREN3,43.21,452271398.0
2020-03-13,LREN3,46.78,598717688.0
2020-03-16,LREN3,36.9,539814164.0
2020-03-17,LREN3,38.54,686394091.0
2020-03-18,LREN3,32.0,754765783.0
2020-03-19,LREN3,36.8,570637579.0
2020-03-20,LREN3,34.41,686639613.0
2020-03-23,LREN3,30.0,517177202.0
2020-03-24,LREN3,32.99,549930046.0
2020-03-25,LREN3,36.8,355032047.0
2020-03-26,LREN3,38.69,355520173.0
2020-03-27,LREN3,36.0,361116383.0
2020-03-30,LREN3,35.69,280531068.0
2020-03-31,LREN3,33.56,315863832.0
2020-04-01,LREN3,32.25,294500877.0
2020-04-02,LREN3,32.14,268421961.0
2020-05-04,LREN3,37.21,271483547.0
2020-05-05,LREN3,36.35,218060735.0
2020-05-06,LREN3,35.63,348244899.0
2020-05-07,LREN3,33.31,636733939.0
2020-05-08,LREN3,33.9,379808026.0
2020-05-11,LREN3,32.7,418434453.0
2020-05-12,LREN3,33.08,480223949.0
2020-05-13,LREN3,31.78,336545312.0
2020-05-14,LREN3,33.3,407613858.0
2020-05-15,LREN3,33.42,419422187.0
2020-05-18,LREN3,36.2,530455631.0
2020-05-19,LREN3,36.79,521851127.0
2020-05-20,LREN3,38.28,417021746.0
2020-05-21,LREN3,40.77,690444227.0
2020-05-22,LREN3,37.37,630730897.0
2020-05-25,LREN3,40.37,343068708.0
2020-05-26,LREN3,38.15,397767712.0
2020-05-27,LREN3,39.79,451034513.0
2020-05-28,LREN3,39.03,348288259.0
2020-05-29,LREN3,38.55,714338630.0
2020-06-01,LREN3,40.99,488096079.0
2020-06-02,LREN3,42.13,420412023.0
2020-06-03,LREN3,44.18,553928189.0
2020-06-04,LREN3,44.56,378559783.0
2020-06-05,LREN3,45.98,581830135.0
2020-06-08,LREN3,46.21,482541143.0
2020-06-09,LREN3,45.82,344023536.0
2020-06-10,LREN3,43.9,338992233.0
2020-06-12,LREN3,42.98,453928666.0
2020-06-15,LREN3,42.13,436444782.0
2020-06-16,LREN3,41.76,305358607.0
2020-06-17,LREN3,43.4,298243046.0
2020-06-18,LREN3,43.04,270858113.0
2020-06-19,LREN3,43.91,417840971.0
2020-06-22,LREN3,42.94,229044931.0
2020-06-23,LREN3,41.87,377418900.0
2020-06-24,LREN3,41.05,262355265.0
2020-06-25,LREN3,40.81,285550031.0
2020-06-26,LREN3,40.6,369784992.0
2020-06-29,LREN3,41.2,230245045.0
2020-06-30,LREN3,41.8,272939795.0
2020-07-01,LREN3,41.43,252207405.0
2020-07-02,LREN3,41.46,301318315.0
2020-07-03,LREN3,41.0,175606485.0
2020-07-06,LREN3,42.52,340174627.0
2020-07-07,LREN3,42.74,251835091.0
2020-07-08,LREN3,43.6,321737796.0
2020-07-09,LREN3,44.11,245963151.0
2020-07-10,LREN3,44.41,176679579.0
2020-07-13,LREN3,42.77,350613141.0
2020-07-14,LREN3,41.91,362255218.0
2020-07-15,LREN3,41.58,332133318.0
2020-07-16,LREN3,41.54,322983616.0
2020-07-17,LREN3,42.25,288861262.0
2020-07-20,LREN3,42.75,186662055.0
2020-07-21,LREN3,42.3,210161359.0
2020-07-22,LREN3,42.68,178789904.0
2020-07-23,LREN3,41.07,296875666.0
2020-07-24,LREN3,41.2,262539495.0
2020-07-27,LREN3,40.0,223090415.0
2020-07-28,LREN3,40.15,212124134.0
2020-07-29,LREN3,41.7,337022844.0
2020-07-30,LREN3,41.39,182271290.0
2020-07-31,LREN3,41.13,258964694.0
2020-09-02,LREN3,45.58,194359187.0
2020-09-03,LREN3,45.69,527834108.0
2020-09-04,LREN3,46.3,416452134.0
2020-09-08,LREN3,46.17,304696451.0
2020-09-09,LREN3,46.11,204045416.0
2020-09-10,LREN3,44.07,409331088.0
2020-09-11,LREN3,43.1,423005263.0
2020-09-14,LREN3,44.98,422076640.0
2020-09-15,LREN3,44.26,287820833.0
2020-09-16,LREN3,44.76,492095857.0
2020-09-17,LREN3,44.45,218234182.0
2020-09-18,LREN3,42.24,444707928.0
2020-09-21,LREN3,41.45,528789061.0
2020-09-22,LREN3,41.96,379422956.0
2020-09-23,LREN3,40.04,364632988.0
2020-09-24,LREN3,40.23,472421856.0
2020-09-25,LREN3,39.82,340695710.0
2020-09-28,LREN3,38.68,284743002.0
2020-09-29,LREN3,38.8,390491536.0
2020-09-30,LREN3,39.65,292615633.0
2020-10-01,LREN3,40.73,242070107.0
2020-10-02,LREN3,39.77,283254086.0
2020-10-05,LREN3,40.11,653139584.0
2020-10-06,LREN3,40.2,472692913.0
2020-10-07,LREN3,39.65,293924839.0
2020-10-08,LREN3,39.91,183774894.0
2020-10-09,LREN3,39.21,185801595.0
2020-10-13,LREN3,39.86,279617401.0
2020-10-14,LREN3,39.15,296681501.0
2020-10-15,LREN3,39.7,194205530.0
2020-10-16,LREN3,40.33,340874128.0
2020-10-19,LREN3,41.85,321136797.0
2020-10-20,LREN3,41.53,307874507.0
2020-10-21,LREN3,40.5,242977933.0
2020-10-22,LREN3,40.78,250878381.0
2020-10-23,LREN3,40.97,181347130.0
2020-10-26,LREN3,41.19,143506936.0
2020-10-27,LREN3,40.89,167207089.0
2020-10-28,LREN3,39.68,222087980.0
2020-10-29,LREN3,39.62,175785161.0
2020-10-30,LREN3,37.45,372510887.0
2020-11-03,LREN3,38.05,220166417.0
2020-11-04,LREN3,40.7,235646149.0
2020-11-05,LREN3,42.55,330652774.0
2020-11-06,LREN3,41.9,379157076.0
2020-11-09,LREN3,47.98,1956987943.0
2020-11-10,LREN3,48.52,992794934.0
2020-11-11,LREN3,46.88,419938829.0
2020-11-12,LREN3,45.38,379771865.0
2020-11-13,LREN3,45.67,338715859.0
2020-11-16,LREN3,47.5,319493660.0
2020-11-17,LREN3,48.85,466474707.0
2020-11-18,LREN3,47.12,393170231.0
2020-11-19,LREN3,46.94,277949711.0
2020-11-20,LREN3,45.44,270671742.0
2020-11-23,LREN3,45.58,208923252.0
2020-11-24,LREN3,46.07,253959048.0
2020-11-25,LREN3,46.4,236161321.0
2020-11-26,LREN3,45.99,140437630.0
2020-11-27,LREN3,46.35,143868517.0
2020-11-30,LREN3,44.68,506997690.0
2020-12-01,LREN3,44.92,266253747.0
2020-12-02,LREN3,46.03,217751825.0
2019-01-04,MGLU3,178.4,156015233.0
2019-01-07,MGLU3,181.17,119666741.0
2019-01-08,MGLU3,179.71,109131856.0
2019-01-09,MGLU3,179.11,139152909.0
2019-01-10,MGLU3,180.85,137329354.0
2019-01-11,MGLU3,177.6,210647368.0
2019-01-14,MGLU3,179.0,190563230.0
2019-01-15,MGLU3,176.97,183164049.0
2019-01-16,MGLU3,175.0,194301042.0
2019-01-17,MGLU3,174.48,156242961.0
2019-01-18,MGLU3,174.2,122895330.0
2019-01-21,MGLU3,167.0,211263483.0
2019-01-22,MGLU3,162.05,332911807.0
2019-01-23,MGLU3,169.6,197872598.0
2019-01-24,MGLU3,167.48,189254105.0
2019-01-28,MGLU3,167.38,131009530.0
2019-01-29,MGLU3,178.1,281782231.0
2019-01-30,MGLU3,176.15,242442427.0
2019-01-31,MGLU3,179.07,171482454.0
2019-02-01,MGLU3,178.8,114934553.0
2019-02-04,MGLU3,177.07,95809102.0
2019-02-05,MGLU3,175.5,79432427.0
2019-02-06,MGLU3,169.7,138291867.0
2019-02-07,MGLU3,166.8,201344314.0
2019-02-08,MGLU3,170.0,115414634.0
2019-02-11,MGLU3,165.33,112715678.0
2019-02-12,MGLU3,164.8,168511841.0
2019-02-13,MGLU3,161.3,194924588.0
2019-02-14,MGLU3,170.69,174023887.0
2019-02-15,MGLU3,163.97,163381112.0
2019-02-18,MGLU3,168.54,77617887.0
2019-02-19,MGLU3,169.66,161327909.0
2019-02-20,MGLU3,162.5,250199123.0
2019-02-21,MGLU3,161.1,205386648.0
2019-02-22,MGLU3,177.9,665301366.0
2019-02-25,MGLU3,173.7,227977986.0
2019-02-26,MGLU3,178.5,186359327.0
2019-02-27,MGLU3,176.0,141014596.0
2019-02-28,MGLU3,173.46,173755916.0
2019-03-01,MGLU3,175.22,156661621.0
2019-03-06,MGLU3,171.61,83560338.0
2019-03-07,MGLU3,177.15,218584239.0
2019-03-08,MGLU3,180.82,305841461.0
2019-03-11,MGLU3,182.57,220840783.0
2019-03-12,MGLU3,178.85,126642058.0
2019-03-13,MGLU3,177.28,127397674.0
2019-03-14,MGLU3,176.5,75266229.0
2019-03-15,MGLU3,177.19,140132168.0
2019-03-18,MGLU3,180.42,241485977.0
2019-03-19,MGLU3,180.7,122684066.0
2019-03-20,MGLU3,181.63,131466617.0
2019-03-21,MGLU3,182.25,177720448.0
2019-03-22,MGLU3,173.3,243850563.0
2019-03-25,MGLU3,173.11,179414988.0
2019-03-26,MGLU3,176.59,134064429.0
2019-03-27,MGLU3,168.0,272902672.0
2019-03-28,MGLU3,170.79,236372513.0
2019-03-29,MGLU3,172.85,123831070.0
2019-04-01,MGLU3,171.29,87495530.0
2019-04-02,MGLU3,166.15,186615737.0
2019-05-03,MGLU3,196.25,236245165.0
2019-05-06,MGLU3,200.21,306039788.0
2019-05-07,MGLU3,192.15,336190989.0
2019-05-08,MGLU3,193.5,175880946.0
2019-05-09,MGLU3,185.9,203159886.0
2019-05-10,MGLU3,186.5,163189368.0
2019-05-13,MGLU3,180.02,170092452.0
2019-05-14,MGLU3,178.25,184283758.0
2019-05-15,MGLU3,173.0,258086550.0
2019-05-16,MGLU3,167.0,300581045.0
2019-05-17,MGLU3,168.82,180389250.0
2019-05-20,MGLU3,173.0,177799378.0
2019-05-21,MGLU3,179.41,209084643.0
2019-05-22,MGLU3,180.25,201709139.0
2019-05-23,MGLU3,180.45,187250940.0
2019-05-24,MGLU3,176.85,144221283.0
2019-05-27,MGLU3,178.0,88141549.0
2019-05-28,MGLU3,189.0,385973835.0
2019-05-29,MGLU3,189.27,272047963.0
2019-05-30,MGLU3,192.89,174500108.0
2019-05-31,MGLU3,196.0,165045027.0
2019-06-03,MGLU3,194.74,163695229.0
2019-06-04,MGLU3,194.52,159836782.0
2019-06-05,MGLU3,191.19,245451320.0
2019-06-06,MGLU3,190.01,131419792.0
2019-06-07,MGLU3,198.45,192667023.0
2019-06-10,MGLU3,202.5,236362305.0
2019-06-11,MGLU3,207.19,234307542.0
2019-06-12,MGLU3,203.12,270908746.0
2019-06-13,MGLU3,209.61,268826681.0
2019-06-14,MGLU3,211.57,313069782.0
2019-06-17,MGLU3,207.5,291632256.0
2019-06-18,MGLU3,208.1,232434429.0
2019-06-19,MGLU3,210.0,539297757.0
2019-06-21,MGLU3,212.65,263568967.0
2019-06-24,MGLU3,209.98,178223454.0
2019-06-25,MGLU3,206.51,217079591.0
2019-06-26,MGLU3,208.45,148761581.0
2019-06-27,MGLU3,208.65,154534799.0
2019-06-28,MGLU3,211.12,212676541.0
2019-07-01,MGLU3,210.2,150523942.0
2019-07-02,MGLU3,212.46,149986173.0
2019-07-03,MGLU3,220.85,295305038.0
2019-07-04,MGLU3,221.1,252380118.0
2019-07-05,MGLU3,226.08,220849790.0
2019-07-08,MGLU3,229.4,216428343.0
2019-07-10,MGLU3,233.5,262001602.0
2019-07-11,MGLU3,230.77,249539765.0
2019-07-12,MGLU3,232.05,457989742.0
2019-07-15,MGLU3,230.65,216727366.0
2019-07-16,MGLU3,234.0,162625032.0
2019-07-17,MGLU3,244.39,643826554.0
2019-07-18,MGLU3,247.0,308683461.0
2019-07-19,MGLU3,238.05,367713809.0
2019-07-22,MGLU3,247.35,366666940.0
2019-07-23,MGLU3,242.0,277442720.0
2019-07-24,MGLU3,245.81,214027821.0
2019-07-25,MGLU3,244.48,275013337.0
2019-07-26,MGLU3,252.0,295859507.0
2019-07-29,MGLU3,263.8,375582419.0
2019-07-30,MGLU3,264.55,471840277.0
2019-07-31,MGLU3,263.72,417757991.0
2019-08-01,MGLU3,276.5,682317406.0
2019-08-02,MGLU3,283.55,401133774.0
2019-09-02,MGLU3,36.61,249411913.0
2019-09-03,MGLU3,35.88,269833234.0
2019-09-04,MGLU3,37.2,289731432.0
2019-09-05,MGLU3,36.7,266699484.0
2019-09-06,MGLU3,36.0,284818339.0
2019-09-09,MGLU3,34.2,495949018.0
2019-09-10,MGLU3,32.5,775632456.0
2019-09-11,MGLU3,34.6,556102610.0
2019-09-12,MGLU3,35.0,439106729.0
2019-09-13,MGLU3,34.1,268113570.0
2019-09-16,MGLU3,34.87,362055395.0
2019-09-17,MGLU3,34.85,360244030.0
2019-09-18,MGLU3,35.06,223253043.0
2019-09-19,MGLU3,35.81,416674244.0
2019-09-20,MGLU3,36.56,385959431.0
2019-09-23,MGLU3,35.99,222131746.0
2019-09-24,MGLU3,36.77,345131728.0
2019-09-25,MGLU3,36.72,206372490.0
2019-09-26,MGLU3,36.57,256124639.0
2019-09-27,MGLU3,36.8,149380701.0
2019-09-30,MGLU3,37.04,191602858.0
2019-10-01,MGLU3,37.45,240209899.0
2019-10-02,MGLU3,36.5,325521883.0
2019-10-03,MGLU3,37.3,212611187.0
2019-10-04,MGLU3,38.78,571265221.0
2019-10-07,MGLU3,38.4,387825568.0
2019-10-08,MGLU3,38.0,407502111.0
2019-10-09,MGLU3,39.65,350796894.0
2019-10-10,MGLU3,38.94,297786985.0
2019-10-11,MGLU3,40.5,441355711.0
2019-10-14,MGLU3,42.17,459690440.0
2019-10-15,MGLU3,41.8,401982364.0
2019-10-16,MGLU3,42.76,435142164.0
2019-10-17,MGLU3,43.17,582512040.0
2019-10-18,MGLU3,43.0,308173537.0
2019-10-21,MGLU3,43.1,265107919.0
2019-10-22,MGLU3,43.72,261512164.0
2019-10-23,MGLU3,43.49,350910409.0
2019-10-24,MGLU3,43.25,260309251.0
2019-10-25,MGLU3,42.0,347391885.0
2019-10-28,MGLU3,42.67,449825912.0
2019-10-29,MGLU3,41.15,521309255.0
2019-10-30,MGLU3,44.02,1397315208.0
2019-10-31,MGLU3,44.64,1042480325.0
2019-11-01,MGLU3,47.19,1077050604.0
2019-11-04,MGLU3,44.97,1467795786.0
2019-11-05,MGLU3,44.04,810033525.0
2019-11-06,MGLU3,45.2,525036523.0
2019-11-07,MGLU3,44.2,440041969.0
2019-11-08,MGLU3,43.81,466519228.0
2019-11-11,MGLU3,45.02,499172902.0
2019-11-12,MGLU3,43.4,714050923.0
2019-11-13,MGLU3,42.5,964647686.0
2019-11-14,MGLU3,44.25,793563916.0
2019-11-18,MGLU3,44.98,1238921553.0
2019-11-19,MGLU3,44.52,661732655.0
2019-11-21,MGLU3,45.0,478417792.0
2019-11-22,MGLU3,45.49,542982957.0
2019-11-25,MGLU3,44.3,405579943.0
2019-11-26,MGLU3,43.04,775493647.0
2019-11-27,MGLU3,45.6,724147698.0
2019-11-28,MGLU3,45.6,547902617.0
2019-11-29,MGLU3,45.03,515640837.0
2019-12-02,MGLU3,44.92,442949718.0
2020-01-02,MGLU3,49.33,361396038.0
2020-01-03,MGLU3,48.89,327833288.0
2020-01-06,MGLU3,48.93,332820541.0
2020-01-07,MGLU3,48.79,327202769.0
2020-01-08,MGLU3,50.29,494756652.0
2020-01-09,MGLU3,52.08,570760625.0
2020-01-10,MGLU3,51.8,490701303.0
2020-01-13,MGLU3,54.23,456662767.0
2020-01-14,MGLU3,54.0,449252452.0
2020-01-15,MGLU3,53.66,497072546.0
2020-01-16,MGLU3,53.46,450264041.0
2020-01-17,MGLU3,54.35,325133058.0
2020-01-20,MGLU3,56.0,410507433.0
2020-01-21,MGLU3,55.91,453312578.0
2020-01-22,MGLU3,55.69,504642169.0
2020-01-23,MGLU3,56.58,459290018.0
2020-01-24,MGLU3,56.15,425075078.0
2020-01-27,MGLU3,53.8,410252948.0
2020-01-28,MGLU3,56.99,578659905.0
2020-01-29,MGLU3,57.29,572260756.0
2020-01-30,MGLU3,56.5,618868402.0
2020-01-31,MGLU3,55.8,542202879.0
2020-02-03,MGLU3,56.53,347045886.0
2020-02-04,MGLU3,57.66,476091264.0
2020-02-05,MGLU3,57.3,498431404.0
2020-02-06,MGLU3,55.83,580008366.0
2020-02-07,MGLU3,54.23,531849510.0
2020-02-10,MGLU3,52.38,676982144.0
2020-02-11,MGLU3,54.27,509742233.0
2020-02-12,MGLU3,55.94,587482165.0
2020-02-13,MGLU3,57.05,773742971.0
2020-02-14,MGLU3,56.33,520635984.0
2020-02-17,MGLU3,58.85,1080904284.0
2020-02-18,MGLU3,58.22,557441121.0
2020-02-19,MGLU3,57.86,530812562.0
2020-02-20,MGLU3,56.54,630926467.0
2020-02-21,MGLU3,56.45,543124164.0
2020-02-26,MGLU3,52.88,710372178.0
2020-02-27,MGLU3,50.25,753143632.0
2020-02-28,MGLU3,50.52,962179527.0
2020-03-02,MGLU3,52.55,837449679.0
2020-03-03,MGLU3,52.85,776779241.0
2020-03-04,MGLU3,52.45,598825511.0
2020-03-05,MGLU3,47.79,1038947850.0
2020-03-06,MGLU3,45.33,1266275723.0
2020-03-09,MGLU3,40.36,987613784.0
2020-03-10,MGLU3,46.99,911982929.0
2020-03-11,MGLU3,43.08,867278208.0
2020-03-12,MGLU3,34.0,605172409.0
2020-03-13,MGLU3,42.0,1187846877.0
2020-03-16,MGLU3,34.07,834843156.0
2020-03-17,MGLU3,35.57,975191914.0
2020-03-18,MGLU3,28.81,907306875.0
2020-03-19,MGLU3,30.55,813303143.0
2020-03-20,MGLU3,30.65,956805509.0
2020-03-23,MGLU3,30.21,654029759.0
2020-03-24,MGLU3,36.68,737700383.0
2020-03-25,MGLU3,40.0,1292689696.0
2020-03-26,MGLU3,41.12,972712084.0
2020-03-27,MGLU3,39.0,672129821.0
2020-03-30,MGLU3,41.6,782085393.0
2020-03-31,MGLU3,38.99,998769059.0
2020-04-01,MGLU3,37.48,692577208.0
2020-04-02,MGLU3,35.89,757366252.0
2020-05-04,MGLU3,51.44,656893823.0
2020-05-05,MGLU3,50.2,666150503.0
2020-05-06,MGLU3,55.15,1627075591.0
2020-05-07,MGLU3,56.79,1303706609.0
2020-05-08,MGLU3,55.54,771606682.0
2020-05-11,MGLU3,54.95,470352149.0
2020-05-12,MGLU3,54.8,570438659.0
2020-05-13,MGLU3,55.1,678877445.0
2020-05-14,MGLU3,55.5,732800678.0
2020-05-15,MGLU3,55.13,484021607.0
2020-05-18,MGLU3,55.75,580580509.0
2020-05-19,MGLU3,58.58,865629336.0
2020-05-20,MGLU3,56.9,699901876.0
2020-05-21,MGLU3,58.29,618832814.0
2020-05-22,MGLU3,57.65,647330121.0
2020-05-25,MGLU3,60.4,659597384.0
2020-05-26,MGLU3,64.48,1680778303.0
2020-05-27,MGLU3,67.36,942012144.0
2020-05-28,MGLU3,65.25,899323863.0
2020-05-29,MGLU3,64.35,1085762167.0
2020-06-01,MGLU3,63.7,564634667.0
2020-06-02,MGLU3,61.8,1175021922.0
2020-06-03,MGLU3,62.38,1205070554.0
2020-06-04,MGLU3,60.49,782839270.0
2020-06-05,MGLU3,59.45,1162287656.0
2020-06-08,MGLU3,62.38,1284608317.0
2020-06-09,MGLU3,62.38,716224707.0
2020-06-10,MGLU3,64.6,1263336852.0
2020-06-12,MGLU3,63.95,1089106220.0
2020-06-15,MGLU3,65.85,949113088.0
2020-06-16,MGLU3,66.0,1031955807.0
2020-06-17,MGLU3,67.19,1304103197.0
2020-06-18,MGLU3,69.7,1357851010.0
2020-06-19,MGLU3,71.4,1428619038.0
2020-06-22,MGLU3,70.9,666628783.0
2020-06-23,MGLU3,70.25,525642951.0
2020-06-24,MGLU3,69.8,744012044.0
2020-06-25,MGLU3,69.69,551848764.0
2020-06-26,MGLU3,69.35,573327495.0
2020-06-29,MGLU3,70.41,575660256.0
2020-06-30,MGLU3,71.65,922320082.0
2020-07-01,MGLU3,72.3,635769490.0
2020-07-02,MGLU3,70.1,780555550.0
2020-07-03,MGLU3,72.0,504969794.0
2020-07-06,MGLU3,71.99,589520768.0
2020-07-07,MGLU3,74.72,914311934.0
2020-07-08,MGLU3,76.7,887443293.0
2020-07-09,MGLU3,79.4,910724158.0
2020-07-10,MGLU3,80.18,1040376466.0
2020-07-13,MGLU3,80.5,904500834.0
2020-07-14,MGLU3,80.5,1141762840.0
2020-07-15,MGLU3,81.5,1039578208.0
2020-07-16,MGLU3,80.18,897519735.0
2020-07-17,MGLU3,82.0,901073523.0
2020-07-20,MGLU3,87.0,929486826.0
2020-07-21,MGLU3,84.3,1308577625.0
2020-07-22,MGLU3,84.65,913559094.0
2020-07-23,MGLU3,80.4,1043298050.0
2020-07-24,MGLU3,79.67,1073641706.0
2020-07-27,MGLU3,79.35,815412563.0
2020-07-28,MGLU3,80.4,600637067.0
2020-07-29,MGLU3,80.21,509281975.0
2020-07-30,MGLU3,83.29,942201552.0
2020-07-31,MGLU3,80.71,929564285.0
2020-09-02,MGLU3,93.51,962420449.0
2020-09-03,MGLU3,88.5,1904497850.0
2020-09-04,MGLU3,88.77,1964011564.0
2020-09-08,MGLU3,87.69,997658085.0
2020-09-09,MGLU3,91.2,1034535684.0
2020-09-10,MGLU3,88.25,1500650384.0
2020-09-11,MGLU3,87.57,1064717533.0
2020-09-14,MGLU3,90.3,1131753224.0
2020-09-15,MGLU3,89.58,1024639276.0
2020-09-16,MGLU3,89.17,827461410.0
2020-09-17,MGLU3,87.1,1083977001.0
2020-09-18,MGLU3,87.16,1324969313.0
2020-09-21,MGLU3,88.7,1324987770.0
2020-09-22,MGLU3,89.49,1174060707.0
2020-09-23,MGLU3,86.48,951998776.0
2020-09-24,MGLU3,89.3,1071295218.0
2020-09-25,MGLU3,90.63,959010291.0
2020-09-28,MGLU3,87.47,1404284138.0
2020-09-29,MGLU3,87.48,842359641.0
2020-09-30,MGLU3,89.2,1045948218.0
2020-10-01,MGLU3,91.9,1036039811.0
2020-10-02,MGLU3,88.05,1329855300.0
2020-10-05,MGLU3,90.14,1077703116.0
2020-10-06,MGLU3,89.3,963944531.0
2020-10-07,MGLU3,88.94,931881153.0
2020-10-08,MGLU3,91.87,1055504999.0
2020-10-09,MGLU3,98.15,2212304197.0
2020-10-13,MGLU3,104.0,2421485388.0
2020-10-14,MGLU3,25.59,2167624611.0
2020-10-15,MGLU3,25.51,890485762.0
2020-10-16,MGLU3,25.8,837347136.0
2020-10-19,MGLU3,25.69,939412164.0
2020-10-20,MGLU3,26.04,721352114.0
2020-10-21,MGLU3,26.22,935290038.0
2020-10-22,MGLU3,26.1,603180803.0
2020-10-23,MGLU3,25.92,619211414.0
2020-10-26,MGLU3,25.47,657355757.0
2020-10-27,MGLU3,25.45,524443366.0
2020-10-28,MGLU3,24.63,891618510.0
2020-10-29,MGLU3,25.36,948492059.0
2020-10-30,MGLU3,24.63,768098256.0
2020-11-03,MGLU3,24.99,631808381.0
2020-11-04,MGLU3,26.19,1342609265.0
2020-11-05,MGLU3,27.45,1264759181.0
2020-11-06,MGLU3,27.33,900212742.0
2020-11-09,MGLU3,26.45,1930140508.0
2020-11-10,MGLU3,25.22,2050457518.0
2020-11-11,MGLU3,25.58,1313464699.0
2020-11-12,MGLU3,25.48,860962653.0
2020-11-13,MGLU3,25.1,892181529.0
2020-11-16,MGLU3,24.85,1018863511.0
2020-11-17,MGLU3,24.73,793749740.0
2020-11-18,MGLU3,24.54,767952361.0
2020-11-19,MGLU3,24.64,1210603839.0
2020-11-20,MGLU3,24.2,953763278.0
2020-11-23,MGLU3,23.42,1405220825.0
2020-11-24,MGLU3,23.7,1343832026.0
2020-11-25,MGLU3,24.0,932701511.0
2020-11-26,MGLU3,24.25,559021850.0
2020-11-27,MGLU3,24.19,873557848.0
2020-11-30,MGLU3,23.38,1591525976.0
2020-12-01,MGLU3,22.88,1129000405.0
2020-12-02,MGLU3,23.05,587549475.0
2019-01-04,MRFG3,5.68,12469784.0
2019-01-07,MRFG3,5.58,14771109.0
2019-01-08,MRFG3,5.56,18686301.0
2019-01-09,MRFG3,5.59,12969724.0
2019-01-10,MRFG3,5.51,13168001.0
2019-01-11,MRFG3,5.55,7905988.0
2019-01-14,MRFG3,5.72,9078705.0
2019-01-15,MRFG3,5.72,27183646.0
2019-01-16,MRFG3,5.65,21498872.0
2019-01-17,MRFG3,5.78,37144054.0
2019-01-18,MRFG3,6.03,31602723.0
2019-01-21,MRFG3,6.03,17173435.0
2019-01-22,MRFG3,5.7,30356814.0
2019-01-23,MRFG3,5.72,27933825.0
2019-01-24,MRFG3,5.87,23699313.0
2019-01-28,MRFG3,5.8,26425500.0
2019-01-29,MRFG3,5.91,15983180.0
2019-01-30,MRFG3,6.25,39792045.0
2019-01-31,MRFG3,6.08,34200732.0
2019-02-01,MRFG3,6.4,31939817.0
2019-02-04,MRFG3,6.6,51655843.0
2019-02-05,MRFG3,6.69,21666512.0
2019-02-06,MRFG3,6.26,23862413.0
2019-02-07,MRFG3,6.03,31573020.0
2019-02-08,MRFG3,5.93,26181111.0
2019-02-11,MRFG3,5.71,21115453.0
2019-02-12,MRFG3,5.58,21943089.0
2019-02-13,MRFG3,5.61,23182872.0
2019-02-14,MRFG3,5.58,23662225.0
2019-02-15,MRFG3,5.8,24055098.0
2019-02-18,MRFG3,5.65,15101718.0
2019-02-19,MRFG3,5.68,24454729.0
2019-02-20,MRFG3,5.62,19894598.0
2019-02-21,MRFG3,5.58,15762553.0
2019-02-22,MRFG3,5.48,22440917.0
2019-02-25,MRFG3,5.49,21364654.0
2019-02-26,MRFG3,5.45,21964344.0
2019-02-27,MRFG3,5.38,29198303.0
2019-02-28,MRFG3,5.5,45610133.0
2019-03-01,MRFG3,5.59,24746293.0
2019-03-06,MRFG3,5.6,13036038.0
2019-03-07,MRFG3,5.66,18539217.0
2019-03-08,MRFG3,5.63,11362462.0
2019-03-11,MRFG3,5.63,14618434.0
2019-03-12,MRFG3,5.99,51273678.0
2019-03-13,MRFG3,5.91,41985466.0
2019-03-14,MRFG3,5.91,21930991.0
2019-03-15,MRFG3,6.0,28986469.0
2019-03-18,MRFG3,6.24,30171165.0
2019-03-19,MRFG3,6.12,30899743.0
2019-03-20,MRFG3,6.1,23827960.0
2019-03-21,MRFG3,5.94,25309103.0
2019-03-22,MRFG3,5.72,21110757.0
2019-03-25,MRFG3,5.84,20938787.0
2019-03-26,MRFG3,5.97,18615643.0
2019-03-27,MRFG3,5.73,23146841.0
2019-03-28,MRFG3,5.98,23148933.0
2019-03-29,MRFG3,5.98,22417579.0
2019-04-01,MRFG3,6.05,13705358.0
2019-04-02,MRFG3,5.91,13686538.0
2019-05-03,MRFG3,7.11,30155043.0
2019-05-06,MRFG3,7.0,24423344.0
2019-05-07,MRFG3,6.82,19622481.0
2019-05-08,MRFG3,6.75,18231940.0
2019-05-09,MRFG3,6.5,30037603.0
2019-05-10,MRFG3,6.37,16882563.0
2019-05-13,MRFG3,6.32,38697595.0
2019-05-14,MRFG3,6.49,38794434.0
2019-05-15,MRFG3,6.35,26365194.0
2019-05-16,MRFG3,6.85,79575068.0
2019-05-17,MRFG3,6.75,79339962.0
2019-05-20,MRFG3,7.18,79582658.0
2019-05-21,MRFG3,7.04,54589642.0
2019-05-22,MRFG3,6.83,31967247.0
2019-05-23,MRFG3,6.79,25361934.0
2019-05-24,MRFG3,7.01,27790321.0
2019-05-27,MRFG3,7.08,18588188.0
2019-05-28,MRFG3,6.94,34117104.0
2019-05-29,MRFG3,6.78,39006851.0
2019-05-30,MRFG3,6.78,44473527.0
2019-05-31,MRFG3,6.83,184146005.0
2019-06-03,MRFG3,6.54,178956657.0
2019-06-04,MRFG3,6.77,29777965.0
2019-06-05,MRFG3,6.59,17811398.0
2019-06-06,MRFG3,6.59,18275139.0
2019-06-07,MRFG3,6.56,29291893.0
2019-06-10,MRFG3,6.57,23478613.0
2019-06-11,MRFG3,6.52,20811952.0
2019-06-12,MRFG3,6.51,16686542.0
2019-06-13,MRFG3,6.8,45541072.0
2019-06-14,MRFG3,6.71,31208897.0
2019-06-17,MRFG3,6.72,14439120.0
2019-06-18,MRFG3,6.61,22846875.0
2019-06-19,MRFG3,6.52,23205985.0
2019-06-21,MRFG3,6.55,27684569.0
2019-06-24,MRFG3,6.62,65956754.0
2019-06-25,MRFG3,6.53,20715647.0
2019-06-26,MRFG3,6.48,21877450.0
2019-06-27,MRFG3,6.35,38181853.0
2019-06-28,MRFG3,6.29,45057413.0
2019-07-01,MRFG3,6.48,40533008.0
2019-07-02,MRFG3,6.45,36346128.0
2019-07-03,MRFG3,6.49,24948009.0
2019-07-04,MRFG3,6.65,27880673.0
2019-07-05,MRFG3,6.7,31658326.0
2019-07-08,MRFG3,6.68,24870004.0
2019-07-10,MRFG3,6.88,37037050.0
2019-07-11,MRFG3,6.79,29250339.0
2019-07-12,MRFG3,6.79,48260214.0
2019-07-15,MRFG3,6.65,36632826.0
2019-07-16,MRFG3,6.5,29295388.0
2019-07-17,MRFG3,6.57,23957063.0
2019-07-18,MRFG3,6.54,16690031.0
2019-07-19,MRFG3,6.45,24549179.0
2019-07-22,MRFG3,6.36,26709459.0
2019-07-23,MRFG3,6.42,28013410.0
2019-07-24,MRFG3,6.5,30256409.0
2019-07-25,MRFG3,6.55,28636065.0
2019-07-26,MRFG3,6.59,28848301.0
2019-07-29,MRFG3,6.57,14551073.0
2019-07-30,MRFG3,6.69,17761147.0
2019-07-31,MRFG3,6.63,16169105.0
2019-08-01,MRFG3,6.69,34110013.0
2019-08-02,MRFG3,6.81,36455081.0
2019-09-02,MRFG3,8.34,18132932.0
2019-09-03,MRFG3,8.5,64679086.0
2019-09-04,MRFG3,8.52,32807920.0
2019-09-05,MRFG3,8.57,25025175.0
2019-09-06,MRFG3,8.57,21657487.0
2019-09-09,MRFG3,8.9,78895771.0
2019-09-10,MRFG3,8.9,60900124.0
2019-09-11,MRFG3,8.97,39022873.0
2019-09-12,MRFG3,9.01,26830371.0
2019-09-13,MRFG3,9.59,59343716.0
2019-09-16,MRFG3,9.84,72220050.0
2019-09-17,MRFG3,9.92,45493701.0
2019-09-18,MRFG3,9.86,32346056.0
2019-09-19,MRFG3,10.53,102202448.0
2019-09-20,MRFG3,11.0,71067203.0
2019-09-23,MRFG3,11.04,76245656.0
2019-09-24,MRFG3,11.34,72842130.0
2019-09-25,MRFG3,11.25,157290385.0
2019-09-26,MRFG3,10.94,126967671.0
2019-09-27,MRFG3,10.99,65758619.0
2019-09-30,MRFG3,11.02,45848746.0
2019-10-01,MRFG3,11.65,105818070.0
2019-10-02,MRFG3,11.66,151222748.0
2019-10-03,MRFG3,11.62,69414760.0
2019-10-04,MRFG3,11.87,69857935.0
2019-10-07,MRFG3,11.84,62423816.0
2019-10-08,MRFG3,11.47,43403469.0
2019-10-09,MRFG3,11.49,84326195.0
2019-10-10,MRFG3,11.45,30647156.0
2019-10-11,MRFG3,11.66,34632025.0
2019-10-14,MRFG3,11.51,33887827.0
2019-10-15,MRFG3,11.43,31425337.0
2019-10-16,MRFG3,11.43,61412603.0
2019-10-17,MRFG3,11.57,70564466.0
2019-10-18,MRFG3,11.65,34964194.0
2019-10-21,MRFG3,11.55,27611330.0
2019-10-22,MRFG3,11.86,45366281.0
2019-10-23,MRFG3,11.49,77830930.0
2019-10-24,MRFG3,11.25,44050279.0
2019-10-25,MRFG3,11.38,56990657.0
2019-10-28,MRFG3,11.11,36636254.0
2019-10-29,MRFG3,11.1,38079894.0
2019-10-30,MRFG3,11.04,37638575.0
2019-10-31,MRFG3,10.75,41300713.0
2019-11-01,MRFG3,10.84,31948552.0
2019-11-04,MRFG3,10.97,37293153.0
2019-11-05,MRFG3,10.92,30199417.0
2019-11-06,MRFG3,10.9,51608368.0
2019-11-07,MRFG3,11.34,58726049.0
2019-11-08,MRFG3,11.05,48299312.0
2019-11-11,MRFG3,11.24,50786331.0
2019-11-12,MRFG3,10.79,100332986.0
2019-11-13,MRFG3,10.67,78636385.0
2019-11-14,MRFG3,10.44,56745763.0
2019-11-18,MRFG3,11.02,93452523.0
2019-11-19,MRFG3,11.29,74635733.0
2019-11-21,MRFG3,10.85,91244386.0
2019-11-22,MRFG3,10.69,71640851.0
2019-11-25,MRFG3,11.26,116630257.0
2019-11-26,MRFG3,10.74,156787135.0
2019-11-27,MRFG3,10.77,84609746.0
2019-11-28,MRFG3,10.79,41442686.0
2019-11-29,MRFG3,10.7,42610274.0
2019-12-02,MRFG3,10.85,45483056.0
2020-01-02,MRFG3,10.06,148576618.0
2020-01-03,MRFG3,10.28,187155171.0
2020-01-06,MRFG3,10.09,110440455.0
2020-01-07,MRFG3,10.4,211772477.0
2020-01-08,MRFG3,10.66,172679079.0
2020-01-09,MRFG3,10.91,247322514.0
2020-01-10,MRFG3,10.75,149686165.0
2020-01-13,MRFG3,11.05,113652489.0
2020-01-14,MRFG3,11.36,165072900.0
2020-01-15,MRFG3,11.91,258966550.0
2020-01-16,MRFG3,12.1,299747675.0
2020-01-17,MRFG3,12.1,168098246.0
2020-01-20,MRFG3,12.27,109501679.0
2020-01-21,MRFG3,12.35,108020375.0
2020-01-22,MRFG3,12.1,327215626.0
2020-01-23,MRFG3,12.14,147050796.0
2020-01-24,MRFG3,12.1,96844488.0
2020-01-27,MRFG3,11.22,154943921.0
2020-01-28,MRFG3,11.57,88851977.0
2020-01-29,MRFG3,11.1,153207215.0
2020-01-30,MRFG3,10.82,155514445.0
2020-01-31,MRFG3,10.97,93878385.0
2020-02-03,MRFG3,11.25,112861432.0
2020-02-04,MRFG3,11.3,100206803.0
2020-02-05,MRFG3,11.63,131546296.0
2020-02-06,MRFG3,11.44,139990517.0
2020-02-07,MRFG3,11.09,90463506.0
2020-02-10,MRFG3,10.32,135003328.0
2020-02-11,MRFG3,10.91,99196776.0
2020-02-12,MRFG3,10.78,108686042.0
2020-02-13,MRFG3,11.3,153873886.0
2020-02-14,MRFG3,11.65,180622333.0
2020-02-17,MRFG3,12.54,308239817.0
2020-02-18,MRFG3,13.46,527640315.0
2020-02-19,MRFG3,13.75,406973876.0
2020-02-20,MRFG3,13.77,517321957.0
2020-02-21,MRFG3,13.99,313933571.0
2020-02-26,MRFG3,12.66,249326651.0
2020-02-27,MRFG3,12.05,348320076.0
2020-02-28,MRFG3,12.07,277004752.0
2020-03-02,MRFG3,12.9,250663699.0
2020-03-03,MRFG3,12.3,248390481.0
2020-03-04,MRFG3,12.73,189355915.0
2020-03-05,MRFG3,11.83,157581047.0
2020-03-06,MRFG3,11.26,201858761.0
2020-03-09,MRFG3,8.57,162887403.0
2020-03-10,MRFG3,9.92,193955334.0
2020-03-11,MRFG3,9.18,136221791.0
2020-03-12,MRFG3,7.34,104114273.0
2020-03-13,MRFG3,9.19,190050399.0
2020-03-16,MRFG3,7.58,151589434.0
2020-03-17,MRFG3,7.9,198110576.0
2020-03-18,MRFG3,6.44,146644796.0
2020-03-19,MRFG3,7.11,182288567.0
2020-03-20,MRFG3,7.11,160640424.0
2020-03-23,MRFG3,7.43,142387878.0
2020-03-24,MRFG3,7.9,127267720.0
2020-03-25,MRFG3,8.29,147777847.0
2020-03-26,MRFG3,8.4,136479853.0
2020-03-27,MRFG3,8.52,120119158.0
2020-03-30,MRFG3,8.95,133695222.0
2020-03-31,MRFG3,8.85,131992055.0
2020-04-01,MRFG3,9.2,158193269.0
2020-04-02,MRFG3,8.85,108011502.0
2020-05-04,MRFG3,12.47,184243436.0
2020-05-05,MRFG3,12.5,124425547.0
2020-05-06,MRFG3,12.69,100158237.0
2020-05-07,MRFG3,13.62,298895383.0
2020-05-08,MRFG3,13.25,144009781.0
2020-05-11,MRFG3,13.75,215470637.0
2020-05-12,MRFG3,14.27,204342560.0
2020-05-13,MRFG3,14.51,192716641.0
2020-05-14,MRFG3,14.35,214684724.0
2020-05-15,MRFG3,14.04,241021476.0
2020-05-18,MRFG3,13.11,254356964.0
2020-05-19,MRFG3,13.48,406051892.0
2020-05-20,MRFG3,13.06,229369360.0
2020-05-21,MRFG3,12.51,226645451.0
2020-05-22,MRFG3,12.63,164467743.0
2020-05-25,MRFG3,12.3,157108149.0
2020-05-26,MRFG3,12.35,383091438.0
2020-05-27,MRFG3,13.05,226678305.0
2020-05-28,MRFG3,12.89,148483072.0
2020-05-29,MRFG3,13.03,217938142.0
2020-06-01,MRFG3,13.15,173374117.0
2020-06-02,MRFG3,13.02,139940196.0
2020-06-03,MRFG3,12.75,248237716.0
2020-06-04,MRFG3,13.15,153783396.0
2020-06-05,MRFG3,12.68,212708223.0
2020-06-08,MRFG3,12.87,86613067.0
2020-06-09,MRFG3,12.66,158050978.0
2020-06-10,MRFG3,12.6,140294782.0
2020-06-12,MRFG3,12.88,169017787.0
2020-06-15,MRFG3,12.8,137206195.0
2020-06-16,MRFG3,13.12,216244234.0
2020-06-17,MRFG3,13.02,174453051.0
2020-06-18,MRFG3,13.47,198193861.0
2020-06-19,MRFG3,13.2,231258143.0
2020-06-22,MRFG3,12.83,120146126.0
2020-06-23,MRFG3,12.5,127700235.0
2020-06-24,MRFG3,12.91,130455746.0
2020-06-25,MRFG3,12.71,76148236.0
2020-06-26,MRFG3,12.55,90305403.0
2020-06-29,MRFG3,12.56,59966952.0
2020-06-30,MRFG3,12.61,103504530.0
2020-07-01,MRFG3,12.37,150299983.0
2020-07-02,MRFG3,12.2,123248648.0
2020-07-03,MRFG3,12.35,54355344.0
2020-07-06,MRFG3,12.62,99826938.0
2020-07-07,MRFG3,13.62,432513745.0
2020-07-08,MRFG3,13.31,171535958.0
2020-07-09,MRFG3,13.08,103363221.0
2020-07-10,MRFG3,13.28,140382513.0
2020-07-13,MRFG3,13.0,192904586.0
2020-07-14,MRFG3,12.87,95905651.0
2020-07-15,MRFG3,13.32,165270250.0
2020-07-16,MRFG3,13.44,220129789.0
2020-07-17,MRFG3,14.61,363896421.0
2020-07-20,MRFG3,15.1,352844424.0
2020-07-21,MRFG3,15.28,221901310.0
2020-07-22,MRFG3,15.36,196501629.0
2020-07-23,MRFG3,15.16,192290199.0
2020-07-24,MRFG3,14.83,154558171.0
2020-07-27,MRFG3,14.88,110553870.0
2020-07-28,MRFG3,14.95,129074527.0
2020-07-29,MRFG3,14.55,203559802.0
2020-07-30,MRFG3,14.63,100649125.0
2020-07-31,MRFG3,14.41,142157697.0
2020-09-02,MRFG3,17.52,182488545.0
2020-09-03,MRFG3,16.9,190448443.0
2020-09-04,MRFG3,16.72,176881699.0
2020-09-08,MRFG3,16.33,117743874.0
2020-09-09,MRFG3,16.27,98982415.0
2020-09-10,MRFG3,16.6,239461774.0
2020-09-11,MRFG3,16.12,151488034.0
2020-09-14,MRFG3,16.51,112572703.0
2020-09-15,MRFG3,17.11,269811760.0
2020-09-16,MRFG3,16.7,334997381.0
2020-09-17,MRFG3,16.54,215620368.0
2020-09-18,MRFG3,16.43,202766476.0
2020-09-21,MRFG3,16.53,154555934.0
2020-09-22,MRFG3,16.29,150375983.0
2020-09-23,MRFG3,15.63,317917619.0
2020-09-24,MRFG3,15.67,192339091.0
2020-09-25,MRFG3,15.74,102884633.0
2020-09-28,MRFG3,15.07,159394383.0
2020-09-29,MRFG3,15.0,203330984.0
2020-09-30,MRFG3,15.25,168649042.0
2020-10-01,MRFG3,15.2,180182360.0
2020-10-02,MRFG3,14.94,136471305.0
2020-10-05,MRFG3,15.05,116278336.0
2020-10-06,MRFG3,14.5,269855437.0
2020-10-07,MRFG3,14.55,199891397.0
2020-10-08,MRFG3,14.68,137850500.0
2020-10-09,MRFG3,14.2,148863735.0
2020-10-13,MRFG3,14.87,250603860.0
2020-10-14,MRFG3,15.35,262195133.0
2020-10-15,MRFG3,15.49,233206714.0
2020-10-16,MRFG3,15.54,137072085.0
2020-10-19,MRFG3,15.12,140598864.0
2020-10-20,MRFG3,15.3,94357424.0
2020-10-21,MRFG3,15.18,85242633.0
2020-10-22,MRFG3,15.17,112223615.0
2020-10-23,MRFG3,14.65,181169709.0
2020-10-26,MRFG3,14.85,119501972.0
2020-10-27,MRFG3,14.53,109649786.0
2020-10-28,MRFG3,14.24,110798903.0
2020-10-29,MRFG3,14.09,111286813.0
2020-10-30,MRFG3,13.77,153349956.0
2020-11-03,MRFG3,13.75,100060525.0
2020-11-04,MRFG3,13.89,95357487.0
2020-11-05,MRFG3,14.28,116732506.0
2020-11-06,MRFG3,14.32,97837326.0
2020-11-09,MRFG3,14.19,161070453.0
2020-11-10,MRFG3,14.52,229379771.0
2020-11-11,MRFG3,14.96,190408917.0
2020-11-12,MRFG3,15.06,487898787.0
2020-11-13,MRFG3,14.93,220977381.0
2020-11-16,MRFG3,14.64,142306186.0
2020-11-17,MRFG3,14.47,158348440.0
2020-11-18,MRFG3,14.82,195986448.0
2020-11-19,MRFG3,14.45,182693699.0
2020-11-20,MRFG3,14.4,88891942.0
2020-11-23,MRFG3,14.72,197356132.0
2020-11-24,MRFG3,14.92,193069855.0
2020-11-25,MRFG3,14.79,107328783.0
2020-11-26,MRFG3,14.93,162368745.0
2020-11-27,MRFG3,14.98,106902857.0
2020-11-30,MRFG3,14.68,109405062.0
2020-12-01,MRFG3,14.45,162938002.0
2020-12-02,MRFG3,14.46,78764682.0
2019-01-04,MRVE3,12.45,34594227.0
2019-01-07,MRVE3,12.56,38262550.0
2019-01-08,MRVE3,13.05,80077184.0
2019-01-09,MRVE3,13.59,86758883.0
2019-01-10,MRVE3,13.46,54205252.0
2019-01-11,MRVE3,13.34,44120728.0
2019-01-14,MRVE3,13.88,81754305.0
2019-01-15,MRVE3,13.8,69561172.0
2019-01-16,MRVE3,13.65,68545416.0
2019-01-17,MRVE3,13.9,100757271.0
2019-01-18,MRVE3,13.92,57815519.0
2019-01-21,MRVE3,13.85,43293306.0
2019-01-22,MRVE3,13.93,54642475.0
2019-01-23,MRVE3,14.5,86400926.0
2019-01-24,MRVE3,14.85,61050021.0
2019-01-28,MRVE3,15.32,95975464.0
2019-01-29,MRVE3,14.93,98061126.0
2019-01-30,MRVE3,14.9,101076005.0
2019-01-31,MRVE3,15.0,81191629.0
2019-02-01,MRVE3,14.8,100399483.0
2019-02-04,MRVE3,14.65,52617970.0
2019-02-05,MRVE3,14.87,63039148.0
2019-02-06,MRVE3,14.41,48295244.0
2019-02-07,MRVE3,14.23,65441470.0
2019-02-08,MRVE3,14.48,43366506.0
2019-02-11,MRVE3,14.44,81779529.0
2019-02-12,MRVE3,14.15,61028041.0
2019-02-13,MRVE3,13.95,84842363.0
2019-02-14,MRVE3,14.43,153139111.0
2019-02-15,MRVE3,14.0,61131809.0
2019-02-18,MRVE3,14.0,58576162.0
2019-02-19,MRVE3,14.12,50155137.0
2019-02-20,MRVE3,13.73,80209504.0
2019-02-21,MRVE3,13.78,39606867.0
2019-02-22,MRVE3,13.71,25088365.0
2019-02-25,MRVE3,13.84,43227202.0
2019-02-26,MRVE3,13.36,98244527.0
2019-02-27,MRVE3,13.66,91772833.0
2019-02-28,MRVE3,13.59,58776808.0
2019-03-01,MRVE3,13.88,75241126.0
2019-03-06,MRVE3,13.84,56571237.0
2019-03-07,MRVE3,13.96,34929444.0
2019-03-08,MRVE3,14.34,54646386.0
2019-03-11,MRVE3,14.61,47371162.0
2019-03-12,MRVE3,14.69,51710891.0
2019-03-13,MRVE3,14.76,60554334.0
2019-03-14,MRVE3,14.56,42470786.0
2019-03-15,MRVE3,14.35,57893129.0
2019-03-18,MRVE3,14.48,31542931.0
2019-03-19,MRVE3,14.5,57878516.0
2019-03-20,MRVE3,14.19,50983566.0
2019-03-21,MRVE3,13.79,38744108.0
2019-03-22,MRVE3,13.4,72854110.0
2019-03-25,MRVE3,13.37,55389401.0
2019-03-26,MRVE3,13.94,62904598.0
2019-03-27,MRVE3,13.4,92720062.0
2019-03-28,MRVE3,13.76,116911322.0
2019-03-29,MRVE3,13.99,63397361.0
2019-04-01,MRVE3,14.15,56675530.0
2019-04-02,MRVE3,13.96,49720897.0
2019-05-03,MRVE3,14.46,40815260.0
2019-05-06,MRVE3,14.48,42124054.0
2019-05-07,MRVE3,14.8,60694996.0
2019-05-08,MRVE3,14.93,48383823.0
2019-05-09,MRVE3,15.6,132097209.0
2019-05-10,MRVE3,15.59,88290795.0
2019-05-13,MRVE3,15.39,67023176.0
2019-05-14,MRVE3,15.6,47126460.0
2019-05-15,MRVE3,15.48,59487786.0
2019-05-16,MRVE3,14.99,66280313.0
2019-05-17,MRVE3,14.8,58248017.0
2019-05-20,MRVE3,15.62,44971447.0
2019-05-21,MRVE3,15.95,45051670.0
2019-05-22,MRVE3,15.97,40409161.0
2019-05-23,MRVE3,15.96,36835320.0
2019-05-24,MRVE3,15.97,45633589.0
2019-05-27,MRVE3,16.65,54784118.0
2019-05-28,MRVE3,17.08,91857858.0
2019-05-29,MRVE3,17.0,53319142.0
2019-05-30,MRVE3,16.8,128073288.0
2019-05-31,MRVE3,17.2,75859898.0
2019-06-03,MRVE3,16.55,127397253.0
2019-06-04,MRVE3,16.8,84691201.0
2019-06-05,MRVE3,16.83,61114484.0
2019-06-06,MRVE3,17.5,80896886.0
2019-06-07,MRVE3,17.45,119354994.0
2019-06-10,MRVE3,17.28,65359448.0
2019-06-11,MRVE3,17.3,73846255.0
2019-06-12,MRVE3,16.84,56653816.0
2019-06-13,MRVE3,16.99,85169697.0
2019-06-14,MRVE3,17.3,56326685.0
2019-06-17,MRVE3,17.7,85149140.0
2019-06-18,MRVE3,18.35,140187540.0
2019-06-19,MRVE3,18.44,65263521.0
2019-06-21,MRVE3,19.38,130632529.0
2019-06-24,MRVE3,19.5,118384137.0
2019-06-25,MRVE3,18.77,62761557.0
2019-06-26,MRVE3,19.2,70071336.0
2019-06-27,MRVE3,19.24,32921054.0
2019-06-28,MRVE3,19.57,71203813.0
2019-07-01,MRVE3,19.12,82275602.0
2019-07-02,MRVE3,19.4,73141851.0
2019-07-03,MRVE3,19.1,89886197.0
2019-07-04,MRVE3,19.17,87737564.0
2019-07-05,MRVE3,19.35,109189621.0
2019-07-08,MRVE3,19.63,82249320.0
2019-07-10,MRVE3,20.09,106762251.0
2019-07-11,MRVE3,19.98,71658031.0
2019-07-12,MRVE3,19.43,61898499.0
2019-07-15,MRVE3,19.27,45919656.0
2019-07-16,MRVE3,19.55,110041077.0
2019-07-17,MRVE3,19.32,136730214.0
2019-07-18,MRVE3,19.87,117631612.0
2019-07-19,MRVE3,19.02,77030815.0
2019-07-22,MRVE3,18.47,115208368.0
2019-07-23,MRVE3,18.73,98393296.0
2019-07-24,MRVE3,18.8,78307612.0
2019-07-25,MRVE3,18.6,94510845.0
2019-07-26,MRVE3,19.33,86437432.0
2019-07-29,MRVE3,19.59,74343481.0
2019-07-30,MRVE3,20.06,80692902.0
2019-07-31,MRVE3,20.28,100491251.0
2019-08-01,MRVE3,20.95,151457252.0
2019-08-02,MRVE3,20.9,67339437.0
2019-09-02,MRVE3,19.9,89249142.0
2019-09-03,MRVE3,18.94,176464862.0
2019-09-04,MRVE3,17.72,335489200.0
2019-09-05,MRVE3,17.97,314237828.0
2019-09-06,MRVE3,17.45,155339609.0
2019-09-09,MRVE3,16.83,161424412.0
2019-09-10,MRVE3,16.97,199130160.0
2019-09-11,MRVE3,18.5,337639938.0
2019-09-12,MRVE3,18.15,197517247.0
2019-09-13,MRVE3,17.7,113061371.0
2019-09-16,MRVE3,17.41,99020483.0
2019-09-17,MRVE3,18.65,245719321.0
2019-09-18,MRVE3,18.22,141788283.0
2019-09-19,MRVE3,18.3,138349510.0
2019-09-20,MRVE3,18.3,54844230.0
2019-09-23,MRVE3,18.1,56156486.0
2019-09-24,MRVE3,17.76,71581044.0
2019-09-25,MRVE3,17.42,78962246.0
2019-09-26,MRVE3,17.61,82467912.0
2019-09-27,MRVE3,17.62,56471929.0
2019-09-30,MRVE3,17.64,80120868.0
2019-10-01,MRVE3,17.96,125418417.0
2019-10-02,MRVE3,17.8,88089993.0
2019-10-03,MRVE3,18.03,137653429.0
2019-10-04,MRVE3,18.26,115972345.0
2019-10-07,MRVE3,17.67,117657251.0
2019-10-08,MRVE3,17.4,77759620.0
2019-10-09,MRVE3,17.83,105146020.0
2019-10-10,MRVE3,17.87,88630613.0
2019-10-11,MRVE3,17.88,70096834.0
2019-10-14,MRVE3,17.93,53092008.0
2019-10-15,MRVE3,17.44,112695484.0
2019-10-16,MRVE3,17.58,136349231.0
2019-10-17,MRVE3,17.57,94267625.0
2019-10-18,MRVE3,17.67,122120339.0
2019-10-21,MRVE3,17.69,48867946.0
2019-10-22,MRVE3,17.99,76910006.0
2019-10-23,MRVE3,17.69,90535521.0
2019-10-24,MRVE3,17.27,74660098.0
2019-10-25,MRVE3,17.36,58204964.0
2019-10-28,MRVE3,17.52,49130884.0
2019-10-29,MRVE3,18.05,129106193.0
2019-10-30,MRVE3,18.17,82645267.0
2019-10-31,MRVE3,17.59,105064753.0
2019-11-01,MRVE3,18.25,93433305.0
2019-11-04,MRVE3,19.1,147417307.0
2019-11-05,MRVE3,18.73,74640025.0
2019-11-06,MRVE3,18.7,71454589.0
2019-11-07,MRVE3,18.55,55447254.0
2019-11-08,MRVE3,18.02,76648813.0
2019-11-11,MRVE3,17.89,79099281.0
2019-11-12,MRVE3,17.69,63928019.0
2019-11-13,MRVE3,17.6,102934424.0
2019-11-14,MRVE3,16.95,205482729.0
2019-11-18,MRVE3,16.79,77583100.0
2019-11-19,MRVE3,16.97,101794807.0
2019-11-21,MRVE3,17.61,104925226.0
2019-11-22,MRVE3,18.19,66291664.0
2019-11-25,MRVE3,18.3,83059875.0
2019-11-26,MRVE3,18.11,65473767.0
2019-11-27,MRVE3,17.43,119907793.0
2019-11-28,MRVE3,17.7,32532979.0
2019-11-29,MRVE3,17.57,33205891.0
2019-12-02,MRVE3,17.45,68085733.0
2020-01-02,MRVE3,22.2,88873117.0
2020-01-03,MRVE3,22.2,85466931.0
2020-01-06,MRVE3,21.9,82226532.0
2020-01-07,MRVE3,22.0,141958520.0
2020-01-08,MRVE3,21.62,121111460.0
2020-01-09,MRVE3,21.46,78673145.0
2020-01-10,MRVE3,21.25,87882689.0
2020-01-13,MRVE3,21.57,107769126.0
2020-01-14,MRVE3,22.05,101784087.0
2020-01-15,MRVE3,21.7,139123175.0
2020-01-16,MRVE3,21.62,79222999.0
2020-01-17,MRVE3,21.69,213923889.0
2020-01-20,MRVE3,22.29,85824434.0
2020-01-21,MRVE3,21.65,101124972.0
2020-01-22,MRVE3,21.81,107832285.0
2020-01-23,MRVE3,21.75,94326954.0
2020-01-24,MRVE3,21.65,70158771.0
2020-01-27,MRVE3,20.17,169669696.0
2020-01-28,MRVE3,20.11,122345872.0
2020-01-29,MRVE3,21.05,218366512.0
2020-01-30,MRVE3,21.18,148511810.0
2020-01-31,MRVE3,20.87,134798936.0
2020-02-03,MRVE3,20.58,85310876.0
2020-02-04,MRVE3,21.15,211674546.0
2020-02-05,MRVE3,21.6,142939925.0
2020-02-06,MRVE3,21.1,148314134.0
2020-02-07,MRVE3,20.03,178149127.0
2020-02-10,MRVE3,19.8,88644739.0
2020-02-11,MRVE3,20.16,152892697.0
2020-02-12,MRVE3,20.45,131479821.0
2020-02-13,MRVE3,20.52,66005148.0
2020-02-14,MRVE3,19.96,165235255.0
2020-02-17,MRVE3,20.0,50697014.0
2020-02-18,MRVE3,20.19,82121199.0
2020-02-19,MRVE3,20.39,79294435.0
2020-02-20,MRVE3,20.46,111512842.0
2020-02-21,MRVE3,20.51,90454630.0
2020-02-26,MRVE3,19.19,81998108.0
2020-02-27,MRVE3,18.17,173393170.0
2020-02-28,MRVE3,19.49,169247304.0
2020-03-02,MRVE3,19.32,141189858.0
2020-03-03,MRVE3,18.67,228081359.0
2020-03-04,MRVE3,19.04,133186691.0
2020-03-05,MRVE3,17.27,133559757.0
2020-03-06,MRVE3,17.3,194458575.0
2020-03-09,MRVE3,15.35,216878407.0
2020-03-10,MRVE3,16.58,123757592.0
2020-03-11,MRVE3,15.78,89474603.0
2020-03-12,MRVE3,12.6,96075888.0
2020-03-13,MRVE3,13.97,138164491.0
2020-03-16,MRVE3,12.73,90849917.0
2020-03-17,MRVE3,12.86,118037002.0
2020-03-18,MRVE3,10.28,91529450.0
2020-03-19,MRVE3,10.71,91944929.0
2020-03-20,MRVE3,11.56,89355149.0
2020-03-23,MRVE3,10.36,64370099.0
2020-03-24,MRVE3,12.03,64468984.0
2020-03-25,MRVE3,13.1,52772125.0
2020-03-26,MRVE3,14.24,98246648.0
2020-03-27,MRVE3,13.6,92437124.0
2020-03-30,MRVE3,13.04,64316226.0
2020-03-31,MRVE3,12.24,72230605.0
2020-04-01,MRVE3,11.0,151248040.0
2020-04-02,MRVE3,11.4,80431049.0
2020-05-04,MRVE3,14.84,54379779.0
2020-05-05,MRVE3,14.66,48607365.0
2020-05-06,MRVE3,14.5,55659412.0
2020-05-07,MRVE3,13.94,56030393.0
2020-05-08,MRVE3,13.83,31347887.0
2020-05-11,MRVE3,13.81,31595675.0
2020-05-12,MRVE3,13.62,38832918.0
2020-05-13,MRVE3,13.23,44752681.0
2020-05-14,MRVE3,13.51,101164396.0
2020-05-15,MRVE3,13.6,69514803.0
2020-05-18,MRVE3,15.48,102315676.0
2020-05-19,MRVE3,15.13,146246101.0
2020-05-20,MRVE3,15.07,127508751.0
2020-05-21,MRVE3,15.28,107275329.0
2020-05-22,MRVE3,14.93,68631306.0
2020-05-25,MRVE3,16.74,58186831.0
2020-05-26,MRVE3,16.33,62748958.0
2020-05-27,MRVE3,16.62,44319249.0
2020-05-28,MRVE3,15.75,114111738.0
2020-05-29,MRVE3,15.17,172381050.0
2020-06-01,MRVE3,15.79,68249488.0
2020-06-02,MRVE3,16.65,61339623.0
2020-06-03,MRVE3,17.58,129430164.0
2020-06-04,MRVE3,17.18,69038707.0
2020-06-05,MRVE3,17.49,117750688.0
2020-06-08,MRVE3,18.0,71297355.0
2020-06-09,MRVE3,17.15,84616177.0
2020-06-10,MRVE3,16.88,76648096.0
2020-06-12,MRVE3,16.35,89930543.0
2020-06-15,MRVE3,16.87,67782413.0
2020-06-16,MRVE3,16.85,91010366.0
2020-06-17,MRVE3,17.12,151721159.0
2020-06-18,MRVE3,16.78,114593747.0
2020-06-19,MRVE3,17.73,119550804.0
2020-06-22,MRVE3,17.78,133707391.0
2020-06-23,MRVE3,18.26,71400432.0
2020-06-24,MRVE3,17.84,70103424.0
2020-06-25,MRVE3,17.91,48334722.0
2020-06-26,MRVE3,17.36,38245092.0
2020-06-29,MRVE3,17.82,53803368.0
2020-06-30,MRVE3,18.0,97654566.0
2020-07-01,MRVE3,18.74,63858312.0
2020-07-02,MRVE3,18.55,87713002.0
2020-07-03,MRVE3,19.27,83973404.0
2020-07-06,MRVE3,19.06,77803692.0
2020-07-07,MRVE3,19.33,95312526.0
2020-07-08,MRVE3,20.2,224233466.0
2020-07-09,MRVE3,20.31,70888044.0
2020-07-10,MRVE3,21.57,159631542.0
2020-07-13,MRVE3,21.0,91976797.0
2020-07-14,MRVE3,20.86,96326405.0
2020-07-15,MRVE3,20.44,86250107.0
2020-07-16,MRVE3,20.7,68448876.0
2020-07-17,MRVE3,20.77,75085375.0
2020-07-20,MRVE3,21.24,50854364.0
2020-07-21,MRVE3,20.66,97049087.0
2020-07-22,MRVE3,20.49,96951007.0
2020-07-23,MRVE3,19.92,69655085.0
2020-07-24,MRVE3,19.48,80243306.0
2020-07-27,MRVE3,19.66,61372025.0
2020-07-28,MRVE3,19.65,87384354.0
2020-07-29,MRVE3,19.96,79696979.0
2020-07-30,MRVE3,19.75,51813751.0
2020-07-31,MRVE3,19.14,114435915.0
2020-09-02,MRVE3,18.24,45133784.0
2020-09-03,MRVE3,18.22,75858509.0
2020-09-04,MRVE3,17.93,71625446.0
2020-09-08,MRVE3,17.89,53791777.0
2020-09-09,MRVE3,18.21,45456970.0
2020-09-10,MRVE3,17.8,48758179.0
2020-09-11,MRVE3,17.3,54293373.0
2020-09-14,MRVE3,17.91,38462152.0
2020-09-15,MRVE3,17.62,45440212.0
2020-09-16,MRVE3,17.49,61102427.0
2020-09-17,MRVE3,17.02,118614872.0
2020-09-18,MRVE3,16.27,111707805.0
2020-09-21,MRVE3,16.1,62075675.0
2020-09-22,MRVE3,16.7,101254737.0
2020-09-23,MRVE3,16.38,65113553.0
2020-09-24,MRVE3,16.6,52562144.0
2020-09-25,MRVE3,16.5,30807191.0
2020-09-28,MRVE3,15.7,66422758.0
2020-09-29,MRVE3,15.75,66619168.0
2020-09-30,MRVE3,16.09,113870724.0
2020-10-01,MRVE3,16.73,98625988.0
2020-10-02,MRVE3,16.47,108813809.0
2020-10-05,MRVE3,16.42,71876704.0
2020-10-06,MRVE3,16.57,61193392.0
2020-10-07,MRVE3,16.75,95628811.0
2020-10-08,MRVE3,16.81,53093801.0
2020-10-09,MRVE3,18.24,209508475.0
2020-10-13,MRVE3,17.84,108839969.0
2020-10-14,MRVE3,17.67,117112017.0
2020-10-15,MRVE3,18.16,100102097.0
2020-10-16,MRVE3,18.18,112393675.0
2020-10-19,MRVE3,18.11,50846027.0
2020-10-20,MRVE3,18.88,132605109.0
2020-10-21,MRVE3,18.57,70550109.0
2020-10-22,MRVE3,18.23,57919137.0
2020-10-23,MRVE3,18.28,47188472.0
2020-10-26,MRVE3,17.95,42486590.0
2020-10-27,MRVE3,17.8,61356415.0
2020-10-28,MRVE3,17.31,70701514.0
2020-10-29,MRVE3,17.55,58787317.0
2020-10-30,MRVE3,16.85,124762324.0
2020-11-03,MRVE3,16.97,66648956.0
2020-11-04,MRVE3,17.92,70871757.0
2020-11-05,MRVE3,18.25,66895831.0
2020-11-06,MRVE3,18.45,73018043.0
2020-11-09,MRVE3,19.38,234454473.0
2020-11-10,MRVE3,19.83,161066562.0
2020-11-11,MRVE3,19.45,56899379.0
2020-11-12,MRVE3,18.62,136263324.0
2020-11-13,MRVE3,19.92,155921379.0
2020-11-16,MRVE3,20.89,200611359.0
2020-11-17,MRVE3,20.13,124347029.0
2020-11-18,MRVE3,19.65,71245297.0
2020-11-19,MRVE3,19.33,67265604.0
2020-11-20,MRVE3,19.38,106256648.0
2020-11-23,MRVE3,19.85,123403149.0
2020-11-24,MRVE3,20.06,183618763.0
2020-11-25,MRVE3,19.86,84259484.0
2020-11-26,MRVE3,19.68,81936871.0
2020-11-27,MRVE3,19.56,62091137.0
2020-11-30,MRVE3,18.93,91771121.0
2020-12-01,MRVE3,19.89,104458549.0
2020-12-02,MRVE3,19.65,59394070.0
2019-01-04,MULT3,24.59,78548433.0
2019-01-07,MULT3,24.24,45496627.0
2019-01-08,MULT3,24.07,107138977.0
2019-01-09,MULT3,24.37,93523814.0
2019-01-10,MULT3,24.17,91448272.0
2019-01-11,MULT3,23.69,66944707.0
2019-01-14,MULT3,23.71,70762920.0
2019-01-15,MULT3,24.15,65495890.0
2019-01-16,MULT3,24.2,41446776.0
2019-01-17,MULT3,24.35,44564393.0
2019-01-18,MULT3,24.28,64109684.0
2019-01-21,MULT3,24.26,33094174.0
2019-01-22,MULT3,24.44,42434477.0
2019-01-23,MULT3,24.96,65742403.0
2019-01-24,MULT3,25.1,72755629.0
2019-01-28,MULT3,25.06,48715864.0
2019-01-29,MULT3,25.35,80361242.0
2019-01-30,MULT3,25.7,56450992.0
2019-01-31,MULT3,26.03,116678086.0
2019-02-01,MULT3,26.12,88635008.0
2019-02-04,MULT3,26.65,113525751.0
2019-02-05,MULT3,26.35,101228514.0
2019-02-06,MULT3,25.55,66387116.0
2019-02-07,MULT3,25.38,68757330.0
2019-02-08,MULT3,25.34,67866658.0
2019-02-11,MULT3,25.17,35025853.0
2019-02-12,MULT3,25.11,75264571.0
2019-02-13,MULT3,25.3,82458294.0
2019-02-14,MULT3,25.73,93054127.0
2019-02-15,MULT3,25.47,52048639.0
2019-02-18,MULT3,25.4,37690341.0
2019-02-19,MULT3,25.63,48623094.0
2019-02-20,MULT3,25.02,92012254.0
2019-02-21,MULT3,24.85,84610582.0
2019-02-22,MULT3,25.45,80002339.0
2019-02-25,MULT3,25.35,70749175.0
2019-02-26,MULT3,25.25,53036053.0
2019-02-27,MULT3,25.33,58597527.0
2019-02-28,MULT3,25.17,43009608.0
2019-03-01,MULT3,24.64,48303921.0
2019-03-06,MULT3,24.21,27570145.0
2019-03-07,MULT3,23.71,63339120.0
2019-03-08,MULT3,24.33,67895365.0
2019-03-11,MULT3,24.88,52487842.0
2019-03-12,MULT3,24.7,58400488.0
2019-03-13,MULT3,24.77,82168610.0
2019-03-14,MULT3,24.4,81420000.0
2019-03-15,MULT3,24.65,66636984.0
2019-03-18,MULT3,24.52,44080776.0
2019-03-19,MULT3,24.22,81643419.0
2019-03-20,MULT3,24.23,76154677.0
2019-03-21,MULT3,23.99,104705750.0
2019-03-22,MULT3,23.51,73155725.0
2019-03-25,MULT3,23.36,68916139.0
2019-03-26,MULT3,23.55,66059992.0
2019-03-27,MULT3,22.75,85876562.0
2019-03-28,MULT3,23.54,62479357.0
2019-03-29,MULT3,23.39,85645384.0
2019-04-01,MULT3,23.21,28886338.0
2019-04-02,MULT3,23.37,40087207.0
2019-05-03,MULT3,24.17,96453436.0
2019-05-06,MULT3,24.08,65564978.0
2019-05-07,MULT3,23.78,105342505.0
2019-05-08,MULT3,24.3,109618292.0
2019-05-09,MULT3,24.21,58241149.0
2019-05-10,MULT3,23.92,56837833.0
2019-05-13,MULT3,23.19,60704091.0
2019-05-14,MULT3,22.99,67522390.0
2019-05-15,MULT3,22.66,85853699.0
2019-05-16,MULT3,22.19,82267831.0
2019-05-17,MULT3,21.57,108375067.0
2019-05-20,MULT3,22.95,149245578.0
2019-05-21,MULT3,23.3,62462371.0
2019-05-22,MULT3,22.88,49592064.0
2019-05-23,MULT3,23.03,31650860.0
2019-05-24,MULT3,22.76,52841060.0
2019-05-27,MULT3,23.16,35937509.0
2019-05-28,MULT3,23.48,77911751.0
2019-05-29,MULT3,23.84,48703658.0
2019-05-30,MULT3,24.51,86024064.0
2019-05-31,MULT3,24.84,124942638.0
2019-06-03,MULT3,24.76,79162639.0
2019-06-04,MULT3,25.19,97889434.0
2019-06-05,MULT3,24.85,80457333.0
2019-06-06,MULT3,25.21,28199976.0
2019-06-07,MULT3,26.1,93357084.0
2019-06-10,MULT3,26.14,62739680.0
2019-06-11,MULT3,26.0,83142863.0
2019-06-12,MULT3,26.18,61311387.0
2019-06-13,MULT3,27.0,162169088.0
2019-06-14,MULT3,27.2,120773245.0
2019-06-17,MULT3,26.53,99291693.0
2019-06-18,MULT3,27.06,117214636.0
2019-06-19,MULT3,27.44,101577992.0
2019-06-21,MULT3,27.99,122454473.0
2019-06-24,MULT3,27.96,103302888.0
2019-06-25,MULT3,27.39,70196037.0
2019-06-26,MULT3,27.42,43321214.0
2019-06-27,MULT3,27.21,69134925.0
2019-06-28,MULT3,27.76,117751197.0
2019-07-01,MULT3,27.09,59638363.0
2019-07-02,MULT3,27.26,76117277.0
2019-07-03,MULT3,27.84,58181637.0
2019-07-04,MULT3,28.02,39669026.0
2019-07-05,MULT3,28.2,99122963.0
2019-07-08,MULT3,28.62,81675553.0
2019-07-10,MULT3,29.54,119397512.0
2019-07-11,MULT3,28.99,77019449.0
2019-07-12,MULT3,28.37,57548421.0
2019-07-15,MULT3,27.96,65653068.0
2019-07-16,MULT3,28.0,118519298.0
2019-07-17,MULT3,28.88,159619208.0
2019-07-18,MULT3,28.37,151214804.0
2019-07-19,MULT3,28.07,60004429.0
2019-07-22,MULT3,28.18,66120690.0
2019-07-23,MULT3,27.7,66818012.0
2019-07-24,MULT3,27.65,95511341.0
2019-07-25,MULT3,27.3,98093858.0
2019-07-26,MULT3,27.6,45346631.0
2019-07-29,MULT3,28.17,60830007.0
2019-07-30,MULT3,28.6,121150782.0
2019-07-31,MULT3,28.39,104633775.0
2019-08-01,MULT3,28.27,130480863.0
2019-08-02,MULT3,28.41,76718469.0
2019-09-02,MULT3,26.2,102715591.0
2019-09-03,MULT3,26.04,71741762.0
2019-09-04,MULT3,26.3,98624613.0
2019-09-05,MULT3,26.57,76357974.0
2019-09-06,MULT3,26.3,81036673.0
2019-09-09,MULT3,25.54,124485322.0
2019-09-10,MULT3,26.07,138162625.0
2019-09-11,MULT3,27.05,116194349.0
2019-09-12,MULT3,26.86,89504736.0
2019-09-13,MULT3,25.95,63511764.0
2019-09-16,MULT3,26.33,49094382.0
2019-09-17,MULT3,26.96,83367670.0
2019-09-18,MULT3,27.21,76325038.0
2019-09-19,MULT3,28.17,95858218.0
2019-09-20,MULT3,28.7,138848126.0
2019-09-23,MULT3,28.7,60704836.0
2019-09-24,MULT3,28.57,77148644.0
2019-09-25,MULT3,28.43,74134819.0
2019-09-26,MULT3,28.7,58795018.0
2019-09-27,MULT3,28.58,47470204.0
2019-09-30,MULT3,28.85,48297929.0
2019-10-01,MULT3,27.99,60388924.0
2019-10-02,MULT3,27.27,67290767.0
2019-10-03,MULT3,27.5,63617874.0
2019-10-04,MULT3,28.02,62169970.0
2019-10-07,MULT3,27.06,42507457.0
2019-10-08,MULT3,27.05,38531636.0
2019-10-09,MULT3,27.53,50422644.0
2019-10-10,MULT3,27.5,56141562.0
2019-10-11,MULT3,27.95,76828380.0
2019-10-14,MULT3,28.39,37275357.0
2019-10-15,MULT3,28.83,118784435.0
2019-10-16,MULT3,29.44,75801021.0
2019-10-17,MULT3,29.19,42696240.0
2019-10-18,MULT3,29.3,59806271.0
2019-10-21,MULT3,29.2,63273920.0
2019-10-22,MULT3,28.93,67790978.0
2019-10-23,MULT3,28.68,70182890.0
2019-10-24,MULT3,28.63,67423087.0
2019-10-25,MULT3,28.56,65218180.0
2019-10-28,MULT3,28.9,38818978.0
2019-10-29,MULT3,28.18,113717432.0
2019-10-30,MULT3,29.23,172552078.0
2019-10-31,MULT3,29.21,95319997.0
2019-11-01,MULT3,29.04,70073851.0
2019-11-04,MULT3,29.32,43644388.0
2019-11-05,MULT3,28.54,101814626.0
2019-11-06,MULT3,29.18,106239085.0
2019-11-07,MULT3,29.47,46710456.0
2019-11-08,MULT3,28.76,86618036.0
2019-11-11,MULT3,29.12,60551634.0
2019-11-12,MULT3,28.79,88187813.0
2019-11-13,MULT3,28.57,88144804.0
2019-11-14,MULT3,29.36,82228048.0
2019-11-18,MULT3,29.31,90902543.0
2019-11-19,MULT3,28.71,103091600.0
2019-11-21,MULT3,29.55,140122942.0
2019-11-22,MULT3,29.5,114698224.0
2019-11-25,MULT3,29.24,76408225.0
2019-11-26,MULT3,28.5,143125015.0
2019-11-27,MULT3,28.5,88923164.0
2019-11-28,MULT3,29.04,81229996.0
2019-11-29,MULT3,28.92,82397684.0
2019-12-02,MULT3,29.34,64207583.0
2020-01-02,MULT3,33.55,79536918.0
2020-01-03,MULT3,33.55,79698324.0
2020-01-06,MULT3,33.49,77758847.0
2020-01-07,MULT3,33.58,97463650.0
2020-01-08,MULT3,33.71,110898340.0
2020-01-09,MULT3,33.5,144181578.0
2020-01-10,MULT3,33.15,132865389.0
2020-01-13,MULT3,33.5,136878682.0
2020-01-14,MULT3,34.0,154672151.0
2020-01-15,MULT3,33.97,117629198.0
2020-01-16,MULT3,34.15,114198295.0
2020-01-17,MULT3,34.56,106558413.0
2020-01-20,MULT3,34.48,50703174.0
2020-01-21,MULT3,34.25,87621542.0
2020-01-22,MULT3,34.73,104304222.0
2020-01-23,MULT3,35.52,135444096.0
2020-01-24,MULT3,35.13,88828820.0
2020-01-27,MULT3,34.08,109269742.0
2020-01-28,MULT3,34.65,129615268.0
2020-01-29,MULT3,35.03,99232687.0
2020-01-30,MULT3,35.01,102412002.0
2020-01-31,MULT3,34.68,145592209.0
2020-02-03,MULT3,35.22,148591934.0
2020-02-04,MULT3,35.18,122791685.0
2020-02-05,MULT3,34.77,141370538.0
2020-02-06,MULT3,33.78,164814973.0
2020-02-07,MULT3,33.24,131063178.0
2020-02-10,MULT3,32.7,117817269.0
2020-02-11,MULT3,33.66,108993873.0
2020-02-12,MULT3,34.0,98990612.0
2020-02-13,MULT3,33.44,87621362.0
2020-02-14,MULT3,33.54,111619426.0
2020-02-17,MULT3,33.2,51045011.0
2020-02-18,MULT3,33.82,94761138.0
2020-02-19,MULT3,34.07,84954902.0
2020-02-20,MULT3,33.6,126308341.0
2020-02-21,MULT3,33.8,96965346.0
2020-02-26,MULT3,31.26,177415353.0
2020-02-27,MULT3,30.69,256410591.0
2020-02-28,MULT3,30.52,223583542.0
2020-03-02,MULT3,31.68,162250531.0
2020-03-03,MULT3,31.22,133106534.0
2020-03-04,MULT3,32.24,137308010.0
2020-03-05,MULT3,30.22,125910940.0
2020-03-06,MULT3,29.46,131831144.0
2020-03-09,MULT3,26.89,237759622.0
2020-03-10,MULT3,28.03,203209027.0
2020-03-11,MULT3,25.97,168515530.0
2020-03-12,MULT3,22.44,128080236.0
2020-03-13,MULT3,23.85,162379438.0
2020-03-16,MULT3,18.51,121488339.0
2020-03-17,MULT3,19.5,235863916.0
2020-03-18,MULT3,17.2,242220754.0
2020-03-19,MULT3,19.98,226052150.0
2020-03-20,MULT3,19.03,168439307.0
2020-03-23,MULT3,17.51,123395148.0
2020-03-24,MULT3,20.54,291961791.0
2020-03-25,MULT3,23.09,274910614.0
2020-03-26,MULT3,23.81,302663981.0
2020-03-27,MULT3,21.31,175602731.0
2020-03-30,MULT3,20.95,179261570.0
2020-03-31,MULT3,19.08,143875721.0
2020-04-01,MULT3,18.53,173102184.0
2020-04-02,MULT3,18.62,95565523.0
2020-05-04,MULT3,19.98,86483038.0
2020-05-05,MULT3,19.69,47818743.0
2020-05-06,MULT3,19.3,74606964.0
2020-05-07,MULT3,18.44,187693822.0
2020-05-08,MULT3,18.84,75839875.0
2020-05-11,MULT3,18.38,125898239.0
2020-05-12,MULT3,17.99,75706315.0
2020-05-13,MULT3,18.2,128510973.0
2020-05-14,MULT3,18.67,146292876.0
2020-05-15,MULT3,18.1,108948104.0
2020-05-18,MULT3,19.39,124043694.0
2020-05-19,MULT3,19.67,187141823.0
2020-05-20,MULT3,20.62,252569157.0
2020-05-21,MULT3,21.7,231838435.0
2020-05-22,MULT3,21.19,54716433.0
2020-05-25,MULT3,22.64,111330866.0
2020-05-26,MULT3,21.78,147136261.0
2020-05-27,MULT3,22.54,176284365.0
2020-05-28,MULT3,21.3,118687535.0
2020-05-29,MULT3,20.69,224693288.0
2020-06-01,MULT3,22.28,142832002.0
2020-06-02,MULT3,22.71,208365694.0
2020-06-03,MULT3,23.56,257172999.0
2020-06-04,MULT3,22.99,127856897.0
2020-06-05,MULT3,23.09,184431760.0
2020-06-08,MULT3,22.85,260217664.0
2020-06-09,MULT3,23.93,193981828.0
2020-06-10,MULT3,22.7,343220554.0
2020-06-12,MULT3,22.0,225567153.0
2020-06-15,MULT3,21.68,119766828.0
2020-06-16,MULT3,21.42,83405986.0
2020-06-17,MULT3,22.59,140442253.0
2020-06-18,MULT3,21.81,172620125.0
2020-06-19,MULT3,22.03,131091255.0
2020-06-22,MULT3,22.0,74742708.0
2020-06-23,MULT3,21.91,95147241.0
2020-06-24,MULT3,21.4,129355096.0
2020-06-25,MULT3,21.3,197447527.0
2020-06-26,MULT3,20.23,182237367.0
2020-06-29,MULT3,20.72,107114737.0
2020-06-30,MULT3,20.5,79154563.0
2020-07-01,MULT3,20.95,113329811.0
2020-07-02,MULT3,20.75,145088553.0
2020-07-03,MULT3,21.35,78879264.0
2020-07-06,MULT3,22.8,163944263.0
2020-07-07,MULT3,22.4,115352231.0
2020-07-08,MULT3,22.85,100227816.0
2020-07-09,MULT3,23.37,178926695.0
2020-07-10,MULT3,23.4,117815024.0
2020-07-13,MULT3,22.92,142116501.0
2020-07-14,MULT3,22.87,110697468.0
2020-07-15,MULT3,22.75,78055124.0
2020-07-16,MULT3,22.53,63639597.0
2020-07-17,MULT3,22.77,77158990.0
2020-07-20,MULT3,23.19,86735003.0
2020-07-21,MULT3,23.03,93312846.0
2020-07-22,MULT3,22.17,107279143.0
2020-07-23,MULT3,21.81,87003723.0
2020-07-24,MULT3,21.37,104861689.0
2020-07-27,MULT3,21.26,51750400.0
2020-07-28,MULT3,21.59,82734644.0
2020-07-29,MULT3,21.9,83652637.0
2020-07-30,MULT3,21.6,57445924.0
2020-07-31,MULT3,21.14,86750137.0
2020-09-02,MULT3,21.95,68101668.0
2020-09-03,MULT3,21.67,160371765.0
2020-09-04,MULT3,22.25,241679019.0
2020-09-08,MULT3,23.15,168550735.0
2020-09-09,MULT3,22.8,84482878.0
2020-09-10,MULT3,22.32,63452740.0
2020-09-11,MULT3,21.77,76278923.0
2020-09-14,MULT3,22.7,96542092.0
2020-09-15,MULT3,22.59,121330389.0
2020-09-16,MULT3,23.12,119646145.0
2020-09-17,MULT3,22.91,82034228.0
2020-09-18,MULT3,22.07,103619901.0
2020-09-21,MULT3,21.44,127554321.0
2020-09-22,MULT3,21.36,105691814.0
2020-09-23,MULT3,20.81,128960340.0
2020-09-24,MULT3,20.74,101035604.0
2020-09-25,MULT3,20.12,150708444.0
2020-09-28,MULT3,19.42,167962035.0
2020-09-29,MULT3,19.21,139402856.0
2020-09-30,MULT3,19.43,133246400.0
2020-10-01,MULT3,20.55,124567654.0
2020-10-02,MULT3,20.26,143980291.0
2020-10-05,MULT3,20.68,110878636.0
2020-10-06,MULT3,21.15,137329367.0
2020-10-07,MULT3,21.6,205851590.0
2020-10-08,MULT3,21.59,95537611.0
2020-10-09,MULT3,21.36,76363029.0
2020-10-13,MULT3,21.15,131328067.0
2020-10-14,MULT3,21.17,90759620.0
2020-10-15,MULT3,21.2,95888511.0
2020-10-16,MULT3,20.9,72727750.0
2020-10-19,MULT3,21.06,114283022.0
2020-10-20,MULT3,21.18,84846969.0
2020-10-21,MULT3,21.97,144336350.0
2020-10-22,MULT3,21.59,84573320.0
2020-10-23,MULT3,21.21,48618186.0
2020-10-26,MULT3,20.3,183692841.0
2020-10-27,MULT3,20.09,82087310.0
2020-10-28,MULT3,19.02,203602188.0
2020-10-29,MULT3,19.1,234211875.0
2020-10-30,MULT3,18.97,112670696.0
2020-11-03,MULT3,18.65,163202512.0
2020-11-04,MULT3,19.39,102460110.0
2020-11-05,MULT3,20.71,192507411.0
2020-11-06,MULT3,21.5,200882672.0
2020-11-09,MULT3,24.52,650106971.0
2020-11-10,MULT3,24.04,390210460.0
2020-11-11,MULT3,23.63,286644739.0
2020-11-12,MULT3,22.99,219969750.0
2020-11-13,MULT3,22.45,223139793.0
2020-11-16,MULT3,22.72,124197125.0
2020-11-17,MULT3,23.09,108800420.0
2020-11-18,MULT3,22.12,122170826.0
2020-11-19,MULT3,22.0,82233628.0
2020-11-20,MULT3,21.51,55214512.0
2020-11-23,MULT3,21.93,75527309.0
2020-11-24,MULT3,23.5,212656178.0
2020-11-25,MULT3,23.74,126629336.0
2020-11-26,MULT3,23.44,76208533.0
2020-11-27,MULT3,23.5,155610168.0
2020-11-30,MULT3,22.67,191421656.0
2020-12-01,MULT3,24.04,165732017.0
2020-12-02,MULT3,24.4,88478053.0
2019-01-04,NATU3,47.3,78869659.0
2019-01-07,NATU3,45.47,148198736.0
2019-01-08,NATU3,44.36,93567305.0
2019-01-09,NATU3,45.27,71546784.0
2019-01-10,NATU3,45.54,46160538.0
2019-01-11,NATU3,44.71,61869530.0
2019-01-14,NATU3,44.0,68000664.0
2019-01-15,NATU3,43.72,60817336.0
2019-01-16,NATU3,43.29,98054094.0
2019-01-17,NATU3,43.52,64920755.0
2019-01-18,NATU3,46.05,150778343.0
2019-01-21,NATU3,45.82,49085286.0
2019-01-22,NATU3,45.08,46881753.0
2019-01-23,NATU3,45.37,43229504.0
2019-01-24,NATU3,46.45,56030975.0
2019-01-28,NATU3,47.57,68762368.0
2019-01-29,NATU3,47.91,61124857.0
2019-01-30,NATU3,48.6,66358278.0
2019-01-31,NATU3,47.43,60302066.0
2019-02-01,NATU3,48.09,68097238.0
2019-02-04,NATU3,48.23,34005877.0
2019-02-05,NATU3,47.65,58167575.0
2019-02-06,NATU3,45.56,79204553.0
2019-02-07,NATU3,45.5,64090164.0
2019-02-08,NATU3,45.13,49462573.0
2019-02-11,NATU3,44.76,53424304.0
2019-02-12,NATU3,45.5,65472690.0
2019-02-13,NATU3,45.2,64014983.0
2019-02-14,NATU3,45.38,78132719.0
2019-02-15,NATU3,46.7,87199102.0
2019-02-18,NATU3,46.12,125072611.0
2019-02-19,NATU3,47.67,159647519.0
2019-02-20,NATU3,45.59,87829713.0
2019-02-21,NATU3,46.85,71154490.0
2019-02-22,NATU3,49.63,194144031.0
2019-02-25,NATU3,49.87,150768141.0
2019-02-26,NATU3,49.1,80518917.0
2019-02-27,NATU3,48.2,76718939.0
2019-02-28,NATU3,48.38,69743966.0
2019-03-01,NATU3,47.5,74684851.0
2019-03-06,NATU3,47.13,42606236.0
2019-03-07,NATU3,46.68,59246394.0
2019-03-08,NATU3,48.09,75174322.0
2019-03-11,NATU3,47.99,83427307.0
2019-03-12,NATU3,49.15,85550340.0
2019-03-13,NATU3,48.7,97603909.0
2019-03-14,NATU3,47.23,50557895.0
2019-03-15,NATU3,46.66,205684172.0
2019-03-18,NATU3,46.48,131619460.0
2019-03-19,NATU3,46.65,39963299.0
2019-03-20,NATU3,46.09,61437148.0
2019-03-21,NATU3,45.0,98899404.0
2019-03-22,NATU3,41.5,324423273.0
2019-03-25,NATU3,40.1,186056890.0
2019-03-26,NATU3,44.0,247460662.0
2019-03-27,NATU3,43.68,147132060.0
2019-03-28,NATU3,44.58,67518029.0
2019-03-29,NATU3,45.39,88973829.0
2019-04-01,NATU3,45.48,66913099.0
2019-04-02,NATU3,45.59,81208698.0
2019-05-03,NATU3,49.99,138456003.0
2019-05-06,NATU3,50.93,64131276.0
2019-05-07,NATU3,51.29,61719073.0
2019-05-08,NATU3,51.2,83004187.0
2019-05-09,NATU3,51.0,62198355.0
2019-05-10,NATU3,52.99,186999763.0
2019-05-13,NATU3,51.9,55026718.0
2019-05-14,NATU3,52.27,77073590.0
2019-05-15,NATU3,52.0,65440047.0
2019-05-16,NATU3,52.2,186865107.0
2019-05-17,NATU3,53.8,121400399.0
2019-05-20,NATU3,56.0,171614990.0
2019-05-21,NATU3,56.2,94089641.0
2019-05-22,NATU3,61.5,673291181.0
2019-05-23,NATU3,56.25,507006086.0
2019-05-24,NATU3,58.38,196336932.0
2019-05-27,NATU3,61.35,143339936.0
2019-05-28,NATU3,61.36,240042113.0
2019-05-29,NATU3,60.95,149838120.0
2019-05-30,NATU3,60.4,193937667.0
2019-05-31,NATU3,59.98,135675005.0
2019-06-03,NATU3,57.65,139827642.0
2019-06-04,NATU3,57.41,102306753.0
2019-06-05,NATU3,56.19,45919430.0
2019-06-06,NATU3,56.7,196951920.0
2019-06-07,NATU3,57.17,94389018.0
2019-06-10,NATU3,55.83,77753008.0
2019-06-11,NATU3,58.26,114694953.0
2019-06-12,NATU3,56.65,350206399.0
2019-06-13,NATU3,56.91,93821030.0
2019-06-14,NATU3,57.15,78810933.0
2019-06-17,NATU3,57.0,58511405.0
2019-06-18,NATU3,56.71,92691701.0
2019-06-19,NATU3,59.7,354115431.0
2019-06-21,NATU3,59.17,238906272.0
2019-06-24,NATU3,58.22,53528913.0
2019-06-25,NATU3,56.75,95988703.0
2019-06-26,NATU3,56.3,90817278.0
2019-06-27,NATU3,56.47,79971766.0
2019-06-28,NATU3,56.49,76480158.0
2019-07-01,NATU3,57.74,112219786.0
2019-07-02,NATU3,57.11,75761965.0
2019-07-03,NATU3,57.1,108784444.0
2019-07-04,NATU3,58.5,36528785.0
2019-07-05,NATU3,57.61,159284942.0
2019-07-08,NATU3,56.45,74729777.0
2019-07-10,NATU3,58.25,159803783.0
2019-07-11,NATU3,56.03,147560143.0
2019-07-12,NATU3,55.09,96117831.0
2019-07-15,NATU3,55.2,59119519.0
2019-07-16,NATU3,55.25,124356722.0
2019-07-17,NATU3,56.16,90669439.0
2019-07-18,NATU3,56.2,61022026.0
2019-07-19,NATU3,56.78,77208013.0
2019-07-22,NATU3,56.2,31276455.0
2019-07-23,NATU3,55.48,64271738.0
2019-07-24,NATU3,55.65,50184421.0
2019-07-25,NATU3,55.7,69967410.0
2019-07-26,NATU3,57.58,83633240.0
2019-07-29,NATU3,57.31,51866936.0
2019-07-30,NATU3,59.74,105333523.0
2019-07-31,NATU3,61.17,177822874.0
2019-08-01,NATU3,63.15,189094964.0
2019-08-02,NATU3,63.83,110327602.0
2019-09-02,NATU3,66.27,43981676.0
2019-09-03,NATU3,64.4,54795871.0
2019-09-04,NATU3,64.86,78051668.0
2019-09-05,NATU3,64.72,72721768.0
2019-09-06,NATU3,65.0,110538249.0
2019-09-09,NATU3,64.78,92632261.0
2019-09-10,NATU3,64.1,99503476.0
2019-09-11,NATU3,67.55,153712277.0
2019-09-12,NATU3,68.9,119734020.0
2019-09-13,NATU3,69.26,168450217.0
2019-09-16,NATU3,71.5,120848292.0
2019-09-17,NATU3,72.35,214071586.0
2019-09-18,NATU3,36.15,123393676.0
2019-09-19,NATU3,36.55,219711863.0
2019-09-20,NATU3,35.87,318311659.0
2019-09-23,NATU3,36.06,129521596.0
2019-09-24,NATU3,36.42,264329965.0
2019-09-25,NATU3,35.6,121015659.0
2019-09-26,NATU3,35.35,69725841.0
2019-09-27,NATU3,34.85,140768465.0
2019-09-30,NATU3,33.86,187118171.0
2019-10-01,NATU3,33.75,145494114.0
2019-10-02,NATU3,33.2,110888971.0
2019-10-03,NATU3,33.62,101323877.0
2019-10-04,NATU3,34.55,76673849.0
2019-10-07,NATU3,33.19,114670778.0
2019-10-08,NATU3,32.45,95105548.0
2019-10-09,NATU3,31.87,562799685.0
2019-10-10,NATU3,31.82,67482500.0
2019-10-11,NATU3,31.84,81859561.0
2019-10-14,NATU3,31.9,80557569.0
2019-10-15,NATU3,31.83,208139209.0
2019-10-16,NATU3,32.1,62148899.0
2019-10-17,NATU3,32.49,88737735.0
2019-10-18,NATU3,32.28,72992408.0
2019-10-21,NATU3,32.23,82921678.0
2019-10-22,NATU3,32.67,61926226.0
2019-10-23,NATU3,31.93,105502739.0
2019-10-24,NATU3,31.22,145296574.0
2019-10-25,NATU3,31.95,104508525.0
2019-10-28,NATU3,31.2,170810285.0
2019-10-29,NATU3,30.33,128153444.0
2019-10-30,NATU3,31.01,221254597.0
2019-10-31,NATU3,31.16,163294433.0
2019-11-01,NATU3,31.8,140720742.0
2019-11-04,NATU3,31.04,129358061.0
2019-11-05,NATU3,30.2,161357261.0
2019-11-06,NATU3,31.61,274834899.0
2019-11-07,NATU3,34.1,333580938.0
2019-11-08,NATU3,33.58,159959403.0
2019-11-11,NATU3,33.4,117225655.0
2019-11-12,NATU3,32.43,117919382.0
2019-11-13,NATU3,32.09,128041707.0
2019-11-14,NATU3,32.03,263915615.0
2019-11-18,NATU3,31.0,565849548.0
2019-11-19,NATU3,31.18,325400711.0
2019-11-21,NATU3,31.9,167640129.0
2019-11-22,NATU3,32.0,84790776.0
2019-11-25,NATU3,31.92,98992152.0
2019-11-26,NATU3,32.09,290655260.0
2019-11-27,NATU3,32.4,76538052.0
2019-11-28,NATU3,33.2,79128750.0
2019-11-29,NATU3,33.12,155795640.0
2019-12-02,NATU3,33.4,155189389.0
2020-01-02,NTCO3,38.33,402608750.0
2020-01-03,NTCO3,41.0,2261291197.0
2020-01-06,NTCO3,40.13,2843141374.0
2020-01-07,NTCO3,40.78,943114430.0
2020-01-08,NTCO3,40.99,630598578.0
2020-01-09,NTCO3,42.0,552722617.0
2020-01-10,NTCO3,42.89,641964728.0
2020-01-13,NTCO3,43.73,501878971.0
2020-01-14,NTCO3,44.26,182306930.0
2020-01-15,NTCO3,44.58,158259692.0
2020-01-16,NTCO3,45.41,230007605.0
2020-01-17,NTCO3,45.88,219143093.0
2020-01-20,NTCO3,46.5,141136471.0
2020-01-21,NTCO3,45.95,289584643.0
2020-01-22,NTCO3,47.75,217992819.0
2020-01-23,NTCO3,49.38,255251009.0
2020-01-24,NTCO3,49.18,188223707.0
2020-01-27,NTCO3,47.47,333368594.0
2020-01-28,NTCO3,49.04,195774962.0
2020-01-29,NTCO3,48.35,290927072.0
2020-01-30,NTCO3,48.95,383496842.0
2020-01-31,NTCO3,47.58,302027955.0
2020-02-03,NTCO3,47.79,193985034.0
2020-02-04,NTCO3,48.52,216962487.0
2020-02-05,NTCO3,48.5,200138323.0
2020-02-06,NTCO3,47.04,207499775.0
2020-02-07,NTCO3,45.57,341956565.0
2020-02-10,NTCO3,44.98,384867997.0
2020-02-11,NTCO3,47.8,288827673.0
2020-02-12,NTCO3,49.28,357552797.0
2020-02-13,NTCO3,49.17,123986486.0
2020-02-14,NTCO3,50.89,225461730.0
2020-02-17,NTCO3,50.62,132147691.0
2020-02-18,NTCO3,49.86,210611380.0
2020-02-19,NTCO3,50.35,190249361.0
2020-02-20,NTCO3,50.0,229575776.0
2020-02-21,NTCO3,48.5,271101847.0
2020-02-26,NTCO3,46.34,432310123.0
2020-02-27,NTCO3,45.53,425071072.0
2020-02-28,NTCO3,45.51,550146581.0
2020-03-02,NTCO3,44.81,274100949.0
2020-03-03,NTCO3,44.5,792402782.0
2020-03-04,NTCO3,44.17,395230420.0
2020-03-05,NTCO3,41.25,356774595.0
2020-03-06,NTCO3,39.8,622520878.0
2020-03-09,NTCO3,36.0,587428804.0
2020-03-10,NTCO3,39.1,438985703.0
2020-03-11,NTCO3,35.91,532648036.0
2020-03-12,NTCO3,28.51,267070096.0
2020-03-13,NTCO3,33.0,421073186.0
2020-03-16,NTCO3,25.0,406388226.0
2020-03-17,NTCO3,27.84,306301730.0
2020-03-18,NTCO3,25.2,312777214.0
2020-03-19,NTCO3,25.89,296622807.0
2020-03-20,NTCO3,25.17,286035651.0
2020-03-23,NTCO3,21.25,320973113.0
2020-03-24,NTCO3,24.9,270619866.0
2020-03-25,NTCO3,28.9,284922780.0
2020-03-26,NTCO3,29.0,249205721.0
2020-03-27,NTCO3,28.55,172320354.0
2020-03-30,NTCO3,27.43,238367940.0
2020-03-31,NTCO3,25.74,236542470.0
2020-04-01,NTCO3,23.19,338181590.0
2020-04-02,NTCO3,23.88,197529795.0
2020-05-04,NTCO3,34.4,316484656.0
2020-05-05,NTCO3,34.52,208836843.0
2020-05-06,NTCO3,36.5,251468200.0
2020-05-07,NTCO3,36.45,442607472.0
2020-05-08,NTCO3,35.7,438626463.0
2020-05-11,NTCO3,34.15,255180224.0
2020-05-12,NTCO3,32.05,363156353.0
2020-05-13,NTCO3,32.43,213992230.0
2020-05-14,NTCO3,33.24,201367547.0
2020-05-15,NTCO3,32.18,256941437.0
2020-05-18,NTCO3,33.36,186779145.0
2020-05-19,NTCO3,32.54,173907154.0
2020-05-20,NTCO3,33.71,169499680.0
2020-05-21,NTCO3,33.91,181716853.0
2020-05-22,NTCO3,34.1,160690396.0
2020-05-25,NTCO3,35.14,201284457.0
2020-05-26,NTCO3,36.08,267538676.0
2020-05-27,NTCO3,38.7,340846340.0
2020-05-28,NTCO3,37.74,270613455.0
2020-05-29,NTCO3,37.18,547843175.0
2020-06-01,NTCO3,37.97,215632425.0
2020-06-02,NTCO3,38.01,199499282.0
2020-06-03,NTCO3,38.33,229679029.0
2020-06-04,NTCO3,37.91,420196056.0
2020-06-05,NTCO3,40.14,451610107.0
2020-06-08,NTCO3,41.29,319516803.0
2020-06-09,NTCO3,41.21,277045206.0
2020-06-10,NTCO3,40.85,318280907.0
2020-06-12,NTCO3,40.02,418710789.0
2020-06-15,NTCO3,40.58,309400580.0
2020-06-16,NTCO3,40.31,236502266.0
2020-06-17,NTCO3,41.92,293930696.0
2020-06-18,NTCO3,41.54,403576152.0
2020-06-19,NTCO3,42.23,593079744.0
2020-06-22,NTCO3,41.05,195616601.0
2020-06-23,NTCO3,42.34,287955901.0
2020-06-24,NTCO3,41.3,220853199.0
2020-06-25,NTCO3,41.86,229876393.0
2020-06-26,NTCO3,39.9,207920080.0
2020-06-29,NTCO3,40.02,168457816.0
2020-06-30,NTCO3,39.9,209577856.0
2020-07-01,NTCO3,40.28,316055682.0
2020-07-02,NTCO3,40.81,429786227.0
2020-07-03,NTCO3,41.3,157387639.0
2020-07-06,NTCO3,40.66,259355446.0
2020-07-07,NTCO3,39.91,255431426.0
2020-07-08,NTCO3,42.32,804525312.0
2020-07-09,NTCO3,42.15,126937593.0
2020-07-10,NTCO3,42.03,214387582.0
2020-07-13,NTCO3,39.9,253695687.0
2020-07-14,NTCO3,39.68,158761449.0
2020-07-15,NTCO3,40.55,177617702.0
2020-07-16,NTCO3,40.44,158258407.0
2020-07-17,NTCO3,42.0,253380974.0
2020-07-20,NTCO3,43.44,170626828.0
2020-07-21,NTCO3,43.37,325973858.0
2020-07-22,NTCO3,43.48,219353938.0
2020-07-23,NTCO3,42.8,187837844.0
2020-07-24,NTCO3,42.6,168923089.0
2020-07-27,NTCO3,43.18,219083854.0
2020-07-28,NTCO3,44.12,327979641.0
2020-07-29,NTCO3,47.09,549947061.0
2020-07-30,NTCO3,48.67,380226544.0
2020-07-31,NTCO3,47.04,339940088.0
2020-09-02,NTCO3,50.91,162981023.0
2020-09-03,NTCO3,50.27,331362872.0
2020-09-04,NTCO3,49.45,372739021.0
2020-09-08,NTCO3,48.7,263302036.0
2020-09-09,NTCO3,50.72,273510859.0
2020-09-10,NTCO3,49.75,263399481.0
2020-09-11,NTCO3,51.62,629095318.0
2020-09-14,NTCO3,53.26,443234190.0
2020-09-15,NTCO3,53.5,259169120.0
2020-09-16,NTCO3,52.73,336203096.0
2020-09-17,NTCO3,52.74,202953223.0
2020-09-18,NTCO3,52.05,333164383.0
2020-09-21,NTCO3,51.49,185233210.0
2020-09-22,NTCO3,51.0,261972876.0
2020-09-23,NTCO3,50.1,243561575.0
2020-09-24,NTCO3,50.21,253977388.0
2020-09-25,NTCO3,50.17,208166367.0
2020-09-28,NTCO3,48.73,346060372.0
2020-09-29,NTCO3,49.69,382497010.0
2020-09-30,NTCO3,51.13,359488702.0
2020-10-01,NTCO3,48.58,873572239.0
2020-10-02,NTCO3,48.94,467820572.0
2020-10-05,NTCO3,48.95,189739499.0
2020-10-06,NTCO3,47.65,377468898.0
2020-10-07,NTCO3,47.31,349751125.0
2020-10-08,NTCO3,47.0,514471975.0
2020-10-09,NTCO3,46.98,1000754106.0
2020-10-13,NTCO3,48.86,754973630.0
2020-10-14,NTCO3,49.4,1244845660.0
2020-10-15,NTCO3,49.7,492384349.0
2020-10-16,NTCO3,48.86,340862174.0
2020-10-19,NTCO3,48.25,265578797.0
2020-10-20,NTCO3,48.83,307806547.0
2020-10-21,NTCO3,49.37,297066171.0
2020-10-22,NTCO3,49.73,427954214.0
2020-10-23,NTCO3,49.82,249963182.0
2020-10-26,NTCO3,49.47,292686364.0
2020-10-27,NTCO3,49.31,241464730.0
2020-10-28,NTCO3,48.45,393237591.0
2020-10-29,NTCO3,47.8,338742338.0
2020-10-30,NTCO3,46.1,492202257.0
2020-11-03,NTCO3,46.43,376936054.0
2020-11-04,NTCO3,47.67,325610705.0
2020-11-05,NTCO3,50.28,501001581.0
2020-11-06,NTCO3,50.63,381206835.0
2020-11-09,NTCO3,49.15,534207429.0
2020-11-10,NTCO3,48.45,451063361.0
2020-11-11,NTCO3,49.44,398679290.0
2020-11-12,NTCO3,49.26,476736838.0
2020-11-13,NTCO3,51.03,771297335.0
2020-11-16,NTCO3,51.0,408843085.0
2020-11-17,NTCO3,50.09,358894080.0
2020-11-18,NTCO3,49.21,503375802.0
2020-11-19,NTCO3,48.87,204287900.0
2020-11-20,NTCO3,48.57,144484933.0
2020-11-23,NTCO3,48.21,220662311.0
2020-11-24,NTCO3,48.29,394647475.0
2020-11-25,NTCO3,50.3,272292705.0
2020-11-26,NTCO3,50.41,199587010.0
2020-11-27,NTCO3,51.4,176304271.0
2020-11-30,NTCO3,50.41,409043466.0
2020-12-01,NTCO3,49.1,533069417.0
2020-12-02,NTCO3,49.35,324101714.0
2020-05-04,PCAR3,66.2,96764885.0
2020-05-05,PCAR3,65.41,104107148.0
2020-05-06,PCAR3,64.88,141741968.0
2020-05-07,PCAR3,63.86,214823660.0
2020-05-08,PCAR3,65.8,76100360.0
2020-05-11,PCAR3,65.92,104950205.0
2020-05-12,PCAR3,65.18,86519141.0
2020-05-13,PCAR3,63.9,86832193.0
2020-05-14,PCAR3,59.9,247034859.0
2020-05-15,PCAR3,55.15,198008683.0
2020-05-18,PCAR3,55.85,132224212.0
2020-05-19,PCAR3,55.07,98409470.0
2020-05-20,PCAR3,55.0,84833743.0
2020-05-21,PCAR3,56.35,101810843.0
2020-05-22,PCAR3,57.21,147840238.0
2020-05-25,PCAR3,59.47,73407070.0
2020-05-26,PCAR3,59.84,95801352.0
2020-05-27,PCAR3,60.38,84723104.0
2020-05-28,PCAR3,60.85,118568789.0
2020-05-29,PCAR3,62.98,194656170.0
2020-06-01,PCAR3,64.75,162388075.0
2020-06-02,PCAR3,66.68,186657826.0
2020-06-03,PCAR3,67.5,283245517.0
2020-06-04,PCAR3,67.55,231116259.0
2020-06-05,PCAR3,66.84,156011402.0
2020-06-08,PCAR3,67.0,140307861.0
2020-06-09,PCAR3,66.88,120613319.0
2020-06-10,PCAR3,65.21,103816794.0
2020-06-12,PCAR3,64.09,103611135.0
2020-06-15,PCAR3,65.0,109795624.0
2020-06-16,PCAR3,65.4,65050617.0
2020-06-17,PCAR3,66.7,63412401.0
2020-06-18,PCAR3,66.16,84516905.0
2020-06-19,PCAR3,68.42,186975418.0
2020-06-22,PCAR3,68.04,109761291.0
2020-06-23,PCAR3,70.0,93633490.0
2020-06-24,PCAR3,69.28,67399618.0
2020-06-25,PCAR3,71.19,79761688.0
2020-06-26,PCAR3,68.81,61422056.0
2020-06-29,PCAR3,72.9,112377266.0
2020-06-30,PCAR3,70.98,118801891.0
2020-07-01,PCAR3,72.63,85809083.0
2020-07-02,PCAR3,71.32,95089984.0
2020-07-03,PCAR3,72.54,60294665.0
2020-07-06,PCAR3,72.77,71704661.0
2020-07-07,PCAR3,70.9,92307921.0
2020-07-08,PCAR3,72.3,79873572.0
2020-07-09,PCAR3,71.53,80362413.0
2020-07-10,PCAR3,70.7,67658742.0
2020-07-13,PCAR3,68.57,91890551.0
2020-07-14,PCAR3,69.87,86767883.0
2020-07-15,PCAR3,70.32,106407046.0
2020-07-16,PCAR3,69.57,92195584.0
2020-07-17,PCAR3,71.1,91107565.0
2020-07-20,PCAR3,72.0,85118442.0
2020-07-21,PCAR3,76.99,232330669.0
2020-07-22,PCAR3,75.87,126166755.0
2020-07-23,PCAR3,74.21,44577793.0
2020-07-24,PCAR3,74.9,74882184.0
2020-07-27,PCAR3,75.3,79780466.0
2020-07-28,PCAR3,77.72,310481048.0
2020-07-29,PCAR3,78.64,252240674.0
2020-07-30,PCAR3,73.71,330574425.0
2020-07-31,PCAR3,71.0,361522643.0
2020-09-02,PCAR3,64.46,46102129.0
2020-09-03,PCAR3,62.77,124037453.0
2020-09-04,PCAR3,63.27,93639371.0
2020-09-08,PCAR3,62.49,59501700.0
2020-09-09,PCAR3,62.15,68124065.0
2020-09-10,PCAR3,71.35,1327416836.0
2020-09-11,PCAR3,74.18,385338762.0
2020-09-14,PCAR3,73.89,245673941.0
2020-09-15,PCAR3,73.84,91390847.0
2020-09-16,PCAR3,75.07,138992465.0
2020-09-17,PCAR3,76.24,151999101.0
2020-09-18,PCAR3,75.3,135804661.0
2020-09-21,PCAR3,74.55,150063936.0
2020-09-22,PCAR3,75.18,92374589.0
2020-09-23,PCAR3,72.18,132302403.0
2020-09-24,PCAR3,74.83,184015082.0
2020-09-25,PCAR3,74.04,80168564.0
2020-09-28,PCAR3,70.87,151113069.0
2020-09-29,PCAR3,70.62,131410127.0
2020-09-30,PCAR3,69.74,106356606.0
2020-10-01,PCAR3,70.24,88442543.0
2020-10-02,PCAR3,68.57,83032091.0
2020-10-05,PCAR3,68.16,77288934.0
2020-10-06,PCAR3,68.5,95114969.0
2020-10-07,PCAR3,69.21,116196085.0
2020-10-08,PCAR3,68.7,145018170.0
2020-10-09,PCAR3,67.65,127375988.0
2020-10-13,PCAR3,66.3,139477313.0
2020-10-14,PCAR3,66.1,85096549.0
2020-10-15,PCAR3,65.48,182898304.0
2020-10-16,PCAR3,66.58,93543449.0
2020-10-19,PCAR3,66.28,140423982.0
2020-10-20,PCAR3,67.35,60391004.0
2020-10-21,PCAR3,66.71,41288455.0
2020-10-22,PCAR3,66.85,69792129.0
2020-10-23,PCAR3,66.38,44888180.0
2020-10-26,PCAR3,66.67,42749614.0
2020-10-27,PCAR3,65.58,70110745.0
2020-10-28,PCAR3,63.08,104241160.0
2020-10-29,PCAR3,62.78,119704397.0
2020-10-30,PCAR3,61.95,133173737.0
2020-11-03,PCAR3,62.21,81720785.0
2020-11-04,PCAR3,64.32,88927274.0
2020-11-05,PCAR3,65.45,84931215.0
2020-11-06,PCAR3,65.69,80134804.0
2020-11-09,PCAR3,65.9,143095418.0
2020-11-10,PCAR3,67.08,161572477.0
2020-11-11,PCAR3,66.05,64106513.0
2020-11-12,PCAR3,66.38,103597809.0
2020-11-13,PCAR3,69.6,98729056.0
2020-11-16,PCAR3,69.08,116993266.0
2020-11-17,PCAR3,68.65,55200801.0
2020-11-18,PCAR3,69.2,81758822.0
2020-11-19,PCAR3,69.82,93213666.0
2020-11-20,PCAR3,73.0,232341669.0
2020-11-23,PCAR3,70.1,111827777.0
2020-11-24,PCAR3,71.31,107850102.0
2020-11-25,PCAR3,70.45,61898363.0
2020-11-26,PCAR3,69.0,124905732.0
2020-11-27,PCAR3,69.45,48232019.0
2020-11-30,PCAR3,69.25,242081576.0
2020-12-01,PCAR3,67.83,144958821.0
2020-12-02,PCAR3,66.77,135258370.0
2019-01-04,PCAR4,83.0,89946739.0
2019-01-07,PCAR4,83.5,89144756.0
2019-01-08,PCAR4,84.01,84116829.0
2019-01-09,PCAR4,85.11,94778398.0
2019-01-10,PCAR4,85.76,131176183.0
2019-01-11,PCAR4,88.87,139272489.0
2019-01-14,PCAR4,90.11,101253777.0
2019-01-15,PCAR4,90.47,92114096.0
2019-01-16,PCAR4,90.53,107537872.0
2019-01-17,PCAR4,89.75,131729837.0
2019-01-18,PCAR4,89.65,107991143.0
2019-01-21,PCAR4,90.0,40982389.0
2019-01-22,PCAR4,89.9,99576665.0
2019-01-23,PCAR4,93.59,181222543.0
2019-01-24,PCAR4,94.78,178736868.0
2019-01-28,PCAR4,97.92,205525454.0
2019-01-29,PCAR4,95.99,178448598.0
2019-01-30,PCAR4,98.14,109989370.0
2019-01-31,PCAR4,97.28,193669181.0
2019-02-01,PCAR4,96.6,158003811.0
2019-02-04,PCAR4,96.15,133977478.0
2019-02-05,PCAR4,97.07,99912016.0
2019-02-06,PCAR4,94.5,202939106.0
2019-02-07,PCAR4,93.98,117705433.0
2019-02-08,PCAR4,93.58,119665087.0
2019-02-11,PCAR4,93.0,109733906.0
2019-02-12,PCAR4,96.39,152881025.0
2019-02-13,PCAR4,94.99,117795327.0
2019-02-14,PCAR4,97.0,103733097.0
2019-02-15,PCAR4,96.65,103171403.0
2019-02-18,PCAR4,96.56,90356764.0
2019-02-19,PCAR4,98.1,109816646.0
2019-02-20,PCAR4,96.97,176832493.0
2019-02-21,PCAR4,96.0,169959347.0
2019-02-22,PCAR4,95.33,118641540.0
2019-02-25,PCAR4,95.84,101139265.0
2019-02-26,PCAR4,94.8,97594528.0
2019-02-27,PCAR4,94.08,91081860.0
2019-02-28,PCAR4,93.11,117490340.0
2019-03-01,PCAR4,93.45,97855198.0
2019-03-06,PCAR4,91.89,69879000.0
2019-03-07,PCAR4,90.78,82228354.0
2019-03-08,PCAR4,92.3,126005109.0
2019-03-11,PCAR4,93.82,113550320.0
2019-03-12,PCAR4,92.6,119265540.0
2019-03-13,PCAR4,93.55,87521492.0
2019-03-14,PCAR4,93.8,127841149.0
2019-03-15,PCAR4,93.07,109396207.0
2019-03-18,PCAR4,95.25,122722685.0
2019-03-19,PCAR4,96.7,183003348.0
2019-03-20,PCAR4,95.5,123320361.0
2019-03-21,PCAR4,93.65,108217005.0
2019-03-22,PCAR4,91.69,175480223.0
2019-03-25,PCAR4,91.7,61827547.0
2019-03-26,PCAR4,93.06,111069143.0
2019-03-27,PCAR4,88.04,154415881.0
2019-03-28,PCAR4,91.24,144211754.0
2019-03-29,PCAR4,91.46,138226722.0
2019-04-01,PCAR4,91.59,102375257.0
2019-04-02,PCAR4,92.54,74243737.0
2019-05-03,PCAR4,95.4,131100414.0
2019-05-06,PCAR4,94.99,91936841.0
2019-05-07,PCAR4,94.83,165679405.0
2019-05-08,PCAR4,87.78,298509231.0
2019-05-09,PCAR4,83.99,597257053.0
2019-05-10,PCAR4,83.74,196930071.0
2019-05-13,PCAR4,80.41,211588096.0
2019-05-14,PCAR4,82.9,245058367.0
2019-05-15,PCAR4,82.4,109986096.0
2019-05-16,PCAR4,80.04,171443162.0
2019-05-17,PCAR4,79.14,112185966.0
2019-05-20,PCAR4,81.12,175103090.0
2019-05-21,PCAR4,83.34,145508009.0
2019-05-22,PCAR4,84.74,218833331.0
2019-05-23,PCAR4,84.07,460730602.0
2019-05-24,PCAR4,83.0,212334265.0
2019-05-27,PCAR4,83.76,69439575.0
2019-05-28,PCAR4,85.86,189501503.0
2019-05-29,PCAR4,85.16,96893121.0
2019-05-30,PCAR4,86.75,112972940.0
2019-05-31,PCAR4,87.21,117340202.0
2019-06-03,PCAR4,87.76,169192939.0
2019-06-04,PCAR4,89.45,144677596.0
2019-06-05,PCAR4,88.07,151798623.0
2019-06-06,PCAR4,88.0,74127202.0
2019-06-07,PCAR4,87.25,126886474.0
2019-06-10,PCAR4,87.0,74911820.0
2019-06-11,PCAR4,86.85,105427459.0
2019-06-12,PCAR4,87.2,174087066.0
2019-06-13,PCAR4,88.2,97932908.0
2019-06-14,PCAR4,86.36,118680779.0
2019-06-17,PCAR4,87.11,98444192.0
2019-06-18,PCAR4,86.77,91840422.0
2019-06-19,PCAR4,87.37,90539223.0
2019-06-21,PCAR4,88.11,144700792.0
2019-06-24,PCAR4,87.3,69804408.0
2019-06-25,PCAR4,85.9,74793125.0
2019-06-26,PCAR4,84.61,117816626.0
2019-06-27,PCAR4,94.14,726082573.0
2019-06-28,PCAR4,94.68,183252614.0
2019-07-01,PCAR4,93.7,140229829.0
2019-07-02,PCAR4,91.5,145365738.0
2019-07-03,PCAR4,92.48,185635923.0
2019-07-04,PCAR4,92.68,345063533.0
2019-07-05,PCAR4,92.2,314512466.0
2019-07-08,PCAR4,91.47,157036259.0
2019-07-10,PCAR4,92.56,223149309.0
2019-07-11,PCAR4,93.22,148870641.0
2019-07-12,PCAR4,93.95,180179331.0
2019-07-15,PCAR4,92.55,111356453.0
2019-07-16,PCAR4,92.0,101729003.0
2019-07-17,PCAR4,92.75,70948219.0
2019-07-18,PCAR4,92.0,96842939.0
2019-07-19,PCAR4,91.14,62018308.0
2019-07-22,PCAR4,90.2,102368107.0
2019-07-23,PCAR4,88.24,178109317.0
2019-07-24,PCAR4,88.0,134954919.0
2019-07-25,PCAR4,92.9,498800131.0
2019-07-26,PCAR4,90.91,147777969.0
2019-07-29,PCAR4,90.71,170000533.0
2019-07-30,PCAR4,94.21,179569091.0
2019-07-31,PCAR4,93.55,179242695.0
2019-08-01,PCAR4,93.46,184787688.0
2019-08-02,PCAR4,94.5,77406801.0
2019-09-02,PCAR4,86.6,72438496.0
2019-09-03,PCAR4,85.48,94662204.0
2019-09-04,PCAR4,86.7,110887661.0
2019-09-05,PCAR4,87.1,130738002.0
2019-09-06,PCAR4,84.1,187979224.0
2019-09-09,PCAR4,83.23,217446939.0
2019-09-10,PCAR4,83.3,162523317.0
2019-09-11,PCAR4,88.35,277009097.0
2019-09-12,PCAR4,87.8,112604449.0
2019-09-13,PCAR4,86.6,104915563.0
2019-09-16,PCAR4,86.9,143496649.0
2019-09-17,PCAR4,85.75,173134653.0
2019-09-18,PCAR4,85.26,98186295.0
2019-09-19,PCAR4,83.78,178478442.0
2019-09-20,PCAR4,83.0,235025677.0
2019-09-23,PCAR4,82.45,159663035.0
2019-09-24,PCAR4,83.7,198686973.0
2019-09-25,PCAR4,82.5,71115475.0
2019-09-26,PCAR4,81.51,204173176.0
2019-09-27,PCAR4,80.5,145357962.0
2019-09-30,PCAR4,79.8,114469367.0
2019-10-01,PCAR4,80.72,105855935.0
2019-10-02,PCAR4,79.47,175816119.0
2019-10-03,PCAR4,79.57,160182728.0
2019-10-04,PCAR4,80.53,155224772.0
2019-10-07,PCAR4,79.98,117845498.0
2019-10-08,PCAR4,78.95,118383177.0
2019-10-09,PCAR4,79.2,84412034.0
2019-10-10,PCAR4,79.63,102709429.0
2019-10-11,PCAR4,80.79,121214304.0
2019-10-14,PCAR4,81.49,76582736.0
2019-10-15,PCAR4,81.67,91020662.0
2019-10-16,PCAR4,82.69,113626194.0
2019-10-17,PCAR4,83.57,135596645.0
2019-10-18,PCAR4,82.55,65441782.0
2019-10-21,PCAR4,84.81,132536868.0
2019-10-22,PCAR4,84.78,146969374.0
2019-10-23,PCAR4,82.8,99175325.0
2019-10-24,PCAR4,82.39,85658489.0
2019-10-25,PCAR4,84.09,76519068.0
2019-10-28,PCAR4,84.31,63494570.0
2019-10-29,PCAR4,81.9,123122089.0
2019-10-30,PCAR4,83.07,69576535.0
2019-10-31,PCAR4,82.99,107641501.0
2019-11-01,PCAR4,84.76,105519860.0
2019-11-04,PCAR4,84.24,152030766.0
2019-11-05,PCAR4,83.6,65397197.0
2019-11-06,PCAR4,83.74,55818662.0
2019-11-07,PCAR4,84.2,58851886.0
2019-11-08,PCAR4,81.09,112639921.0
2019-11-11,PCAR4,81.16,79807370.0
2019-11-12,PCAR4,79.78,90958677.0
2019-11-13,PCAR4,78.0,178140210.0
2019-11-14,PCAR4,78.04,87866013.0
2019-11-18,PCAR4,79.0,72900013.0
2019-11-19,PCAR4,79.47,79222909.0
2019-11-21,PCAR4,79.06,109442048.0
2019-11-22,PCAR4,78.87,85442796.0
2019-11-25,PCAR4,79.16,64763605.0
2019-11-26,PCAR4,79.85,125373537.0
2019-11-27,PCAR4,78.8,86609736.0
2019-11-28,PCAR4,80.27,50463768.0
2019-11-29,PCAR4,80.16,69776649.0
2019-12-02,PCAR4,79.6,83882561.0
2020-01-02,PCAR4,89.8,86733178.0
2020-01-03,PCAR4,89.66,100547998.0
2020-01-06,PCAR4,89.05,142487627.0
2020-01-07,PCAR4,88.85,141020286.0
2020-01-08,PCAR4,90.62,85482619.0
2020-01-09,PCAR4,91.7,143336944.0
2020-01-10,PCAR4,90.58,93540103.0
2020-01-13,PCAR4,89.59,117856513.0
2020-01-14,PCAR4,90.1,156762003.0
2020-01-15,PCAR4,88.8,167658980.0
2020-01-16,PCAR4,90.5,141215336.0
2020-01-17,PCAR4,90.04,112045054.0
2020-01-20,PCAR4,91.7,74584871.0
2020-01-21,PCAR4,90.08,241053012.0
2020-01-22,PCAR4,89.7,125253045.0
2020-01-23,PCAR4,89.79,129898905.0
2020-01-24,PCAR4,88.7,105164063.0
2020-01-27,PCAR4,84.02,159320298.0
2020-01-28,PCAR4,85.9,91039074.0
2020-01-29,PCAR4,85.6,91653733.0
2020-01-30,PCAR4,85.08,258829690.0
2020-01-31,PCAR4,85.08,184902716.0
2020-02-03,PCAR4,85.26,76602117.0
2020-02-04,PCAR4,86.2,89955022.0
2020-02-05,PCAR4,85.68,105783617.0
2020-02-06,PCAR4,84.25,65740007.0
2020-02-07,PCAR4,81.95,99680789.0
2020-02-10,PCAR4,81.29,94126619.0
2020-02-11,PCAR4,82.31,98645999.0
2020-02-12,PCAR4,86.91,209380261.0
2020-02-13,PCAR4,85.6,89585380.0
2020-02-14,PCAR4,85.5,57570566.0
2020-02-17,PCAR4,87.0,59905774.0
2020-02-18,PCAR4,87.2,84285312.0
2020-02-19,PCAR4,87.63,72351470.0
2020-02-20,PCAR4,81.21,454369250.0
2020-02-21,PCAR4,80.21,122424754.0
2020-02-26,PCAR4,77.06,173886606.0
2020-02-27,PCAR4,72.04,168560771.0
2020-02-28,PCAR4,72.11,219353832.0
2019-01-04,PETR3,27.51,296922901.0
2019-01-07,PETR3,28.4,459081028.0
2019-01-08,PETR3,28.25,357334823.0
2019-01-09,PETR3,28.82,268408406.0
2019-01-10,PETR3,28.68,219629742.0
2019-01-11,PETR3,28.5,184408565.0
2019-01-14,PETR3,28.4,177612925.0
2019-01-15,PETR3,28.31,180403838.0
2019-01-16,PETR3,28.54,182349103.0
2019-01-17,PETR3,28.78,184271099.0
2019-01-18,PETR3,29.15,237611842.0
2019-01-21,PETR3,29.29,113503629.0
2019-01-22,PETR3,28.85,193489232.0
2019-01-23,PETR3,29.15,177366293.0
2019-01-24,PETR3,29.46,205728737.0
2019-01-28,PETR3,28.42,492872304.0
2019-01-29,PETR3,29.04,213076271.0
2019-01-30,PETR3,29.44,256017620.0
2019-01-31,PETR3,29.55,360869384.0
2019-02-01,PETR3,30.02,220237707.0
2019-02-04,PETR3,30.36,316328108.0
2019-02-05,PETR3,30.55,161740766.0
2019-02-06,PETR3,30.01,268891053.0
2019-02-07,PETR3,29.48,282115085.0
2019-02-08,PETR3,29.27,241487414.0
2019-02-11,PETR3,28.9,131356984.0
2019-02-12,PETR3,29.94,296517477.0
2019-02-13,PETR3,30.65,345619284.0
2019-02-14,PETR3,31.29,261279835.0
2019-02-15,PETR3,31.05,201250354.0
2019-02-18,PETR3,30.69,131221451.0
2019-02-19,PETR3,31.26,234554130.0
2019-02-20,PETR3,31.26,349750213.0
2019-02-21,PETR3,31.43,190492914.0
2019-02-22,PETR3,31.25,222899422.0
2019-02-25,PETR3,30.5,271300614.0
2019-02-26,PETR3,30.51,239516046.0
2019-02-27,PETR3,30.67,299754705.0
2019-02-28,PETR3,29.86,925310463.0
2019-03-01,PETR3,29.2,216723795.0
2019-03-06,PETR3,29.48,167959645.0
2019-03-07,PETR3,29.22,189382795.0
2019-03-08,PETR3,29.0,281836065.0
2019-03-11,PETR3,30.64,415538522.0
2019-03-12,PETR3,30.13,254352551.0
2019-03-13,PETR3,30.94,404045720.0
2019-03-14,PETR3,31.29,328213702.0
2019-03-15,PETR3,31.62,536406892.0
2019-03-18,PETR3,32.26,399560323.0
2019-03-19,PETR3,32.77,399762014.0
2019-03-20,PETR3,32.97,438579493.0
2019-03-21,PETR3,32.31,606780167.0
2019-03-22,PETR3,30.77,614656004.0
2019-03-25,PETR3,30.65,390050921.0
2019-03-26,PETR3,31.93,433040104.0
2019-03-27,PETR3,30.45,379765888.0
2019-03-28,PETR3,30.96,393681871.0
2019-03-29,PETR3,31.15,278528159.0
2019-04-01,PETR3,30.87,391270329.0
2019-04-02,PETR3,31.0,239270802.0
2019-05-03,PETR3,29.56,163372419.0
2019-05-06,PETR3,29.54,161361226.0
2019-05-07,PETR3,29.22,392805344.0
2019-05-08,PETR3,30.22,351798140.0
2019-05-09,PETR3,29.36,346790192.0
2019-05-10,PETR3,29.35,198787122.0
2019-05-13,PETR3,28.51,286993998.0
2019-05-14,PETR3,28.52,162031287.0
2019-05-15,PETR3,28.32,296000710.0
2019-05-16,PETR3,27.78,298045372.0
2019-05-17,PETR3,27.56,375673961.0
2019-05-20,PETR3,28.07,149776921.0
2019-05-21,PETR3,28.8,234385003.0
2019-05-22,PETR3,28.77,181988071.0
2019-05-23,PETR3,28.27,192716862.0
2019-05-24,PETR3,28.33,129869502.0
2019-05-27,PETR3,28.74,92687304.0
2019-05-28,PETR3,29.13,446051026.0
2019-05-29,PETR3,28.9,184510891.0
2019-05-30,PETR3,28.85,293362892.0
2019-05-31,PETR3,28.23,306509183.0
2019-06-03,PETR3,28.85,326099944.0
2019-06-04,PETR3,29.02,183844258.0
2019-06-05,PETR3,28.61,187189229.0
2019-06-06,PETR3,29.06,170646020.0
2019-06-07,PETR3,29.85,353910812.0
2019-06-10,PETR3,29.35,346644935.0
2019-06-11,PETR3,29.95,409469140.0
2019-06-12,PETR3,29.51,246087954.0
2019-06-13,PETR3,29.91,222325508.0
2019-06-14,PETR3,30.19,457916486.0
2019-06-17,PETR3,30.15,176778197.0
2019-06-18,PETR3,30.61,215857058.0
2019-06-19,PETR3,30.84,253571497.0
2019-06-21,PETR3,31.79,490678859.0
2019-06-24,PETR3,31.66,277415302.0
2019-06-25,PETR3,30.7,471947510.0
2019-06-26,PETR3,30.55,2070631550.0
2019-06-27,PETR3,29.89,1219360684.0
2019-06-28,PETR3,30.02,457659671.0
2019-07-01,PETR3,29.92,595956640.0
2019-07-02,PETR3,29.47,579843417.0
2019-07-03,PETR3,29.77,238213833.0
2019-07-04,PETR3,30.16,192892176.0
2019-07-05,PETR3,30.03,281672936.0
2019-07-08,PETR3,30.61,262541999.0
2019-07-10,PETR3,30.72,684582961.0
2019-07-11,PETR3,31.3,422453895.0
2019-07-12,PETR3,31.5,316291667.0
2019-07-15,PETR3,30.97,200996787.0
2019-07-16,PETR3,30.6,234033059.0
2019-07-17,PETR3,30.4,196659904.0
2019-07-18,PETR3,30.07,268954478.0
2019-07-19,PETR3,30.06,225762152.0
2019-07-22,PETR3,30.1,135992586.0
2019-07-23,PETR3,30.25,270376096.0
2019-07-24,PETR3,30.0,227062805.0
2019-07-25,PETR3,29.46,176226843.0
2019-07-26,PETR3,28.54,362310829.0
2019-07-29,PETR3,28.89,177590486.0
2019-07-30,PETR3,28.7,188758466.0
2019-07-31,PETR3,28.79,240598053.0
2019-08-01,PETR3,28.35,333617340.0
2019-08-02,PETR3,29.21,389909554.0
2019-09-02,PETR3,27.97,122376633.0
2019-09-03,PETR3,28.11,280492767.0
2019-09-04,PETR3,28.82,201897497.0
2019-09-05,PETR3,29.0,200902502.0
2019-09-06,PETR3,29.19,141868924.0
2019-09-09,PETR3,29.77,190292217.0
2019-09-10,PETR3,30.0,240578442.0
2019-09-11,PETR3,29.47,302217569.0
2019-09-12,PETR3,29.83,268374091.0
2019-09-13,PETR3,29.66,115778655.0
2019-09-16,PETR3,31.0,436050175.0
2019-09-17,PETR3,30.52,228125731.0
2019-09-18,PETR3,30.02,151374498.0
2019-09-19,PETR3,30.24,173019553.0
2019-09-20,PETR3,30.32,513827346.0
2019-09-23,PETR3,30.45,175182897.0
2019-09-24,PETR3,30.06,135968518.0
2019-09-25,PETR3,30.1,134163655.0
2019-09-26,PETR3,30.35,138293615.0
2019-09-27,PETR3,30.42,215134394.0
2019-09-30,PETR3,30.15,161606009.0
2019-10-01,PETR3,29.98,248646636.0
2019-10-02,PETR3,28.9,254480105.0
2019-10-03,PETR3,29.12,217707113.0
2019-10-04,PETR3,28.85,266235266.0
2019-10-07,PETR3,28.4,198895747.0
2019-10-08,PETR3,28.22,209952439.0
2019-10-09,PETR3,28.93,213309098.0
2019-10-10,PETR3,29.07,161411567.0
2019-10-11,PETR3,29.5,226220885.0
2019-10-14,PETR3,29.67,118551479.0
2019-10-15,PETR3,30.07,215956499.0
2019-10-16,PETR3,30.49,260598836.0
2019-10-17,PETR3,30.2,183930719.0
2019-10-18,PETR3,29.95,234523340.0
2019-10-21,PETR3,30.35,166321916.0
2019-10-22,PETR3,31.28,367994776.0
2019-10-23,PETR3,31.43,237388333.0
2019-10-24,PETR3,30.81,364993616.0
2019-10-25,PETR3,31.71,429248223.0
2019-10-28,PETR3,31.95,167801882.0
2019-10-29,PETR3,32.24,297140541.0
2019-10-30,PETR3,32.63,310228417.0
2019-10-31,PETR3,32.7,384446954.0
2019-11-01,PETR3,32.74,525099072.0
2019-11-04,PETR3,32.97,683643486.0
2019-11-05,PETR3,32.55,558482571.0
2019-11-06,PETR3,32.41,613313593.0
2019-11-07,PETR3,33.45,431580877.0
2019-11-08,PETR3,32.91,523396369.0
2019-11-11,PETR3,33.14,233268698.0
2019-11-12,PETR3,32.52,309363054.0
2019-11-13,PETR3,32.4,274220676.0
2019-11-14,PETR3,31.71,255751599.0
2019-11-18,PETR3,31.7,292259268.0
2019-11-19,PETR3,31.25,154952466.0
2019-11-21,PETR3,32.08,459924942.0
2019-11-22,PETR3,32.22,274144943.0
2019-11-25,PETR3,32.02,213395177.0
2019-11-26,PETR3,31.39,465884225.0
2019-11-27,PETR3,31.45,187902854.0
2019-11-28,PETR3,31.59,159480203.0
2019-11-29,PETR3,31.2,163175351.0
2019-12-02,PETR3,31.16,211979228.0
2020-01-02,PETR3,32.8,216655522.0
2020-01-03,PETR3,31.99,657177553.0
2020-01-06,PETR3,33.03,575269428.0
2020-01-07,PETR3,32.58,178740507.0
2020-01-08,PETR3,32.05,321310622.0
2020-01-09,PETR3,32.23,495553219.0
2020-01-10,PETR3,32.1,124398095.0
2020-01-13,PETR3,32.09,213685654.0
2020-01-14,PETR3,31.83,214214909.0
2020-01-15,PETR3,31.12,222478190.0
2020-01-16,PETR3,31.22,207112602.0
2020-01-17,PETR3,31.85,436811845.0
2020-01-20,PETR3,31.98,163736706.0
2020-01-21,PETR3,31.02,240845899.0
2020-01-22,PETR3,31.02,368544095.0
2020-01-23,PETR3,31.23,460490180.0
2020-01-24,PETR3,31.11,745036997.0
2020-01-27,PETR3,29.8,360586820.0
2020-01-28,PETR3,30.5,500744515.0
2020-01-29,PETR3,30.36,444844036.0
2020-01-30,PETR3,30.99,412133141.0
2020-01-31,PETR3,30.35,366453257.0
2020-02-03,PETR3,30.01,266266545.0
2020-02-04,PETR3,30.75,578672270.0
2020-02-05,PETR3,30.48,1019454820.0
2020-02-06,PETR3,31.3,2873696991.0
2020-02-07,PETR3,31.46,1912944007.0
2020-02-10,PETR3,31.58,4318597583.0
2020-02-11,PETR3,32.01,1446111823.0
2020-02-12,PETR3,32.55,1261048562.0
2020-02-13,PETR3,31.93,558132102.0
2020-02-14,PETR3,31.62,429052488.0
2020-02-17,PETR3,31.7,274973936.0
2020-02-18,PETR3,31.94,419888068.0
2020-02-19,PETR3,32.57,378316367.0
2020-02-20,PETR3,31.75,737431378.0
2020-02-21,PETR3,30.85,582556565.0
2020-02-26,PETR3,27.78,1072233069.0
2020-02-27,PETR3,26.83,1090106358.0
2020-02-28,PETR3,27.15,1026120192.0
2020-03-02,PETR3,28.1,745520094.0
2020-03-03,PETR3,27.5,1001827073.0
2020-03-04,PETR3,28.22,725623537.0
2020-03-05,PETR3,26.81,741503041.0
2020-03-06,PETR3,24.06,1386206047.0
2020-03-09,PETR3,16.92,1967611922.0
2020-03-10,PETR3,18.36,1496383554.0
2020-03-11,PETR3,16.37,951960977.0
2020-03-12,PETR3,12.92,661204208.0
2020-03-13,PETR3,15.86,856116414.0
2020-03-16,PETR3,13.13,545127904.0
2020-03-17,PETR3,13.08,708136965.0
2020-03-18,PETR3,11.05,828752737.0
2020-03-19,PETR3,12.45,809697391.0
2020-03-20,PETR3,12.22,495417448.0
2020-03-23,PETR3,11.62,345564603.0
2020-03-24,PETR3,13.47,446322917.0
2020-03-25,PETR3,14.55,572755864.0
2020-03-26,PETR3,14.6,573886153.0
2020-03-27,PETR3,13.03,665893772.0
2020-03-30,PETR3,13.44,626821649.0
2020-03-31,PETR3,14.14,659920581.0
2020-04-01,PETR3,14.21,402970177.0
2020-04-02,PETR3,15.43,906441638.0
2020-05-04,PETR3,18.05,323773457.0
2020-05-05,PETR3,18.67,353752929.0
2020-05-06,PETR3,17.94,361518523.0
2020-05-07,PETR3,18.3,595386094.0
2020-05-08,PETR3,19.55,407867519.0
2020-05-11,PETR3,19.03,444140537.0
2020-05-12,PETR3,18.87,397142568.0
2020-05-13,PETR3,18.13,378976702.0
2020-05-14,PETR3,17.69,580570827.0
2020-05-15,PETR3,17.7,635392472.0
2020-05-18,PETR3,19.42,493835285.0
2020-05-19,PETR3,19.3,353226120.0
2020-05-20,PETR3,19.88,293477751.0
2020-05-21,PETR3,19.95,390647270.0
2020-05-22,PETR3,19.52,279399506.0
2020-05-25,PETR3,20.34,138256836.0
2020-05-26,PETR3,20.55,420112513.0
2020-05-27,PETR3,20.65,356716821.0
2020-05-28,PETR3,20.56,307936912.0
2020-05-29,PETR3,20.84,838545287.0
2020-06-01,PETR3,20.95,353667452.0
2020-06-02,PETR3,21.86,353074644.0
2020-06-03,PETR3,22.06,416115346.0
2020-06-04,PETR3,22.16,540679900.0
2020-06-05,PETR3,22.85,613847448.0
2020-06-08,PETR3,23.35,458995854.0
2020-06-09,PETR3,22.69,421030568.0
2020-06-10,PETR3,22.02,587926265.0
2020-06-12,PETR3,21.24,559824360.0
2020-06-15,PETR3,21.32,442261217.0
2020-06-16,PETR3,22.2,496279931.0
2020-06-17,PETR3,22.25,306706754.0
2020-06-18,PETR3,22.6,231248677.0
2020-06-19,PETR3,22.28,544569124.0
2020-06-22,PETR3,21.87,195535415.0
2020-06-23,PETR3,22.51,299746045.0
2020-06-24,PETR3,21.91,240408291.0
2020-06-25,PETR3,22.37,262679697.0
2020-06-26,PETR3,21.88,308285924.0
2020-06-29,PETR3,22.56,232756308.0
2020-06-30,PETR3,22.34,450899570.0
2020-07-01,PETR3,22.36,403187362.0
2020-07-02,PETR3,22.64,304578672.0
2020-07-03,PETR3,22.5,72307295.0
2020-07-06,PETR3,23.15,355175838.0
2020-07-07,PETR3,22.76,228672269.0
2020-07-08,PETR3,23.32,271374698.0
2020-07-09,PETR3,22.65,265126624.0
2020-07-10,PETR3,23.0,192096297.0
2020-07-13,PETR3,22.85,257504735.0
2020-07-14,PETR3,23.64,383644623.0
2020-07-15,PETR3,24.2,290802711.0
2020-07-16,PETR3,23.63,293379632.0
2020-07-17,PETR3,23.65,324627216.0
2020-07-20,PETR3,23.5,279896082.0
2020-07-21,PETR3,23.99,592966733.0
2020-07-22,PETR3,23.74,372946200.0
2020-07-23,PETR3,23.23,360380653.0
2020-07-24,PETR3,23.33,262230040.0
2020-07-27,PETR3,23.77,235337139.0
2020-07-28,PETR3,23.39,223098525.0
2020-07-29,PETR3,23.83,213909368.0
2020-07-30,PETR3,23.32,318575867.0
2020-07-31,PETR3,22.7,582050774.0
2020-09-02,PETR3,23.3,361497198.0
2020-09-03,PETR3,23.3,597976787.0
2020-09-04,PETR3,23.33,920072485.0
2020-09-08,PETR3,22.52,568007260.0
2020-09-09,PETR3,23.02,386615332.0
2020-09-10,PETR3,22.15,523573800.0
2020-09-11,PETR3,22.04,722928475.0
2020-09-14,PETR3,21.82,375034299.0
2020-09-15,PETR3,21.87,256828103.0
2020-09-16,PETR3,21.95,336560835.0
2020-09-17,PETR3,22.44,433819732.0
2020-09-18,PETR3,21.94,632979195.0
2020-09-21,PETR3,21.28,389585348.0
2020-09-22,PETR3,21.27,344852919.0
2020-09-23,PETR3,20.75,427491303.0
2020-09-24,PETR3,20.9,411858708.0
2020-09-25,PETR3,20.68,223565941.0
2020-09-28,PETR3,20.18,429888543.0
2020-09-29,PETR3,19.61,351355158.0
2020-09-30,PETR3,19.77,453830896.0
2020-10-01,PETR3,19.95,597645883.0
2020-10-02,PETR3,19.18,458230603.0
2020-10-05,PETR3,20.12,459806356.0
2020-10-06,PETR3,19.99,330071213.0
2020-10-07,PETR3,19.91,276801115.0
2020-10-08,PETR3,20.59,517576070.0
2020-10-09,PETR3,19.91,394321104.0
2020-10-13,PETR3,20.13,280965966.0
2020-10-14,PETR3,20.01,279402402.0
2020-10-15,PETR3,19.79,313982472.0
2020-10-16,PETR3,19.3,268480475.0
2020-10-19,PETR3,19.51,321330407.0
2020-10-20,PETR3,20.18,383254159.0
2020-10-21,PETR3,20.17,319455019.0
2020-10-22,PETR3,20.81,412612999.0
2020-10-23,PETR3,20.49,428016423.0
2020-10-26,PETR3,20.2,242210534.0
2020-10-27,PETR3,19.86,312188402.0
2020-10-28,PETR3,18.64,590675167.0
2020-10-29,PETR3,19.33,441760632.0
2020-10-30,PETR3,19.0,377163862.0
2020-11-03,PETR3,19.75,387360300.0
2020-11-04,PETR3,19.84,350326877.0
2020-11-05,PETR3,19.94,227990931.0
2020-11-06,PETR3,19.87,273072071.0
2020-11-09,PETR3,21.9,872512290.0
2020-11-10,PETR3,23.64,1232283259.0
2020-11-11,PETR3,23.62,653143454.0
2020-11-12,PETR3,22.65,452048974.0
2020-11-13,PETR3,23.18,553808627.0
2020-11-16,PETR3,23.93,537747548.0
2020-11-17,PETR3,24.2,535265984.0
2020-11-18,PETR3,24.23,587385401.0
2020-11-19,PETR3,24.45,339905407.0
2020-11-20,PETR3,24.3,249884886.0
2020-11-23,PETR3,25.48,572385516.0
2020-11-24,PETR3,26.84,613395813.0
2020-11-25,PETR3,26.66,417628524.0
2020-11-26,PETR3,26.25,308514045.0
2020-11-27,PETR3,25.9,376614128.0
2020-11-30,PETR3,25.55,866221359.0
2020-12-01,PETR3,26.3,334619073.0
2020-12-02,PETR3,26.66,435307104.0
2019-01-04,PETR4,24.72,1782609975.0
2019-01-07,PETR4,25.11,3070184795.0
2019-01-08,PETR4,24.96,1725902680.0
2019-01-09,PETR4,25.48,1781209443.0
2019-01-10,PETR4,25.26,1383280382.0
2019-01-11,PETR4,24.99,1348153490.0
2019-01-14,PETR4,24.85,1158984570.0
2019-01-15,PETR4,24.83,1339552572.0
2019-01-16,PETR4,24.82,1002161356.0
2019-01-17,PETR4,25.16,1259777617.0
2019-01-18,PETR4,25.4,1704746071.0
2019-01-21,PETR4,25.53,1146612236.0
2019-01-22,PETR4,25.13,1548912066.0
2019-01-23,PETR4,25.43,1343565923.0
2019-01-24,PETR4,25.54,1020492470.0
2019-01-28,PETR4,24.77,1628595538.0
2019-01-29,PETR4,25.37,1505599832.0
2019-01-30,PETR4,25.62,1608146708.0
2019-01-31,PETR4,25.58,1631159016.0
2019-02-01,PETR4,25.8,1232867813.0
2019-02-04,PETR4,26.03,1392963242.0
2019-02-05,PETR4,26.05,1063998690.0
2019-02-06,PETR4,25.49,1651372597.0
2019-02-07,PETR4,25.09,1403456093.0
2019-02-08,PETR4,25.13,1005355455.0
2019-02-11,PETR4,24.84,984308444.0
2019-02-12,PETR4,25.72,1857791399.0
2019-02-13,PETR4,26.05,1798494276.0
2019-02-14,PETR4,26.95,2148710313.0
2019-02-15,PETR4,26.84,1717170938.0
2019-02-18,PETR4,26.76,1154936941.0
2019-02-19,PETR4,27.38,1578101911.0
2019-02-20,PETR4,27.04,1504636740.0
2019-02-21,PETR4,27.4,1264381765.0
2019-02-22,PETR4,27.13,1001740240.0
2019-02-25,PETR4,26.7,1452986208.0
2019-02-26,PETR4,26.58,1248082537.0
2019-02-27,PETR4,27.08,1326653748.0
2019-02-28,PETR4,27.06,2516682170.0
2019-03-01,PETR4,26.7,1128627159.0
2019-03-06,PETR4,26.76,490497762.0
2019-03-07,PETR4,26.77,878062747.0
2019-03-08,PETR4,26.67,1312227932.0
2019-03-11,PETR4,27.75,1840843339.0
2019-03-12,PETR4,27.5,1779008098.0
2019-03-13,PETR4,28.1,1700242304.0
2019-03-14,PETR4,28.19,1201784174.0
2019-03-15,PETR4,28.25,1723776090.0
2019-03-18,PETR4,28.74,2617810915.0
2019-03-19,PETR4,29.2,2012004046.0
2019-03-20,PETR4,28.97,2016501074.0
2019-03-21,PETR4,28.56,2280837131.0
2019-03-22,PETR4,27.0,2876528960.0
2019-03-25,PETR4,27.34,2844196346.0
2019-03-26,PETR4,28.63,2587182701.0
2019-03-27,PETR4,27.34,1844107013.0
2019-03-28,PETR4,28.06,1920184265.0
2019-03-29,PETR4,28.06,1456006387.0
2019-04-01,PETR4,28.0,1189125916.0
2019-04-02,PETR4,28.29,1079774045.0
2019-05-03,PETR4,26.85,898135782.0
2019-05-06,PETR4,26.77,843583520.0
2019-05-07,PETR4,26.35,1382331974.0
2019-05-08,PETR4,27.37,1951036003.0
2019-05-09,PETR4,26.83,1252168228.0
2019-05-10,PETR4,26.68,888724609.0
2019-05-13,PETR4,25.9,1125759366.0
2019-05-14,PETR4,26.0,911180016.0
2019-05-15,PETR4,25.88,955502862.0
2019-05-16,PETR4,25.27,1194217141.0
2019-05-17,PETR4,24.68,1682836536.0
2019-05-20,PETR4,25.52,1368918552.0
2019-05-21,PETR4,26.49,1504427090.0
2019-05-22,PETR4,26.29,1271711910.0
2019-05-23,PETR4,25.84,1275748126.0
2019-05-24,PETR4,26.09,938507303.0
2019-05-27,PETR4,26.24,893680286.0
2019-05-28,PETR4,26.8,1617095191.0
2019-05-29,PETR4,26.5,1142247756.0
2019-05-30,PETR4,26.15,1897814161.0
2019-05-31,PETR4,25.55,1630263256.0
2019-06-03,PETR4,25.99,1395186256.0
2019-06-04,PETR4,26.2,976834264.0
2019-06-05,PETR4,25.86,1691699223.0
2019-06-06,PETR4,26.28,2297678486.0
2019-06-07,PETR4,26.76,1392443208.0
2019-06-10,PETR4,26.65,1057764782.0
2019-06-11,PETR4,27.16,1414079873.0
2019-06-12,PETR4,26.85,1167566976.0
2019-06-13,PETR4,27.18,1334875134.0
2019-06-14,PETR4,27.06,1157602180.0
2019-06-17,PETR4,27.11,1343194373.0
2019-06-18,PETR4,27.45,858864390.0
2019-06-19,PETR4,27.52,912325275.0
2019-06-21,PETR4,28.28,1650739307.0
2019-06-24,PETR4,28.25,773328022.0
2019-06-25,PETR4,27.51,1567829341.0
2019-06-26,PETR4,27.67,1355348212.0
2019-06-27,PETR4,27.23,1503930048.0
2019-06-28,PETR4,27.41,1101216719.0
2019-07-01,PETR4,27.26,1290287966.0
2019-07-02,PETR4,26.82,1557749672.0
2019-07-03,PETR4,27.13,919676874.0
2019-07-04,PETR4,27.39,784780797.0
2019-07-05,PETR4,27.4,751600997.0
2019-07-08,PETR4,27.65,699458966.0
2019-07-10,PETR4,28.07,1428422095.0
2019-07-11,PETR4,28.4,1365836351.0
2019-07-12,PETR4,28.53,1168800981.0
2019-07-15,PETR4,28.18,1038696214.0
2019-07-16,PETR4,27.83,1530995635.0
2019-07-17,PETR4,27.68,802850096.0
2019-07-18,PETR4,27.51,987017790.0
2019-07-19,PETR4,27.44,780860555.0
2019-07-22,PETR4,27.49,614081936.0
2019-07-23,PETR4,27.52,581465220.0
2019-07-24,PETR4,27.35,767609422.0
2019-07-25,PETR4,26.89,727238210.0
2019-07-26,PETR4,26.14,1988825785.0
2019-07-29,PETR4,26.38,694310864.0
2019-07-30,PETR4,26.24,1005016059.0
2019-07-31,PETR4,26.08,1046705070.0
2019-08-01,PETR4,25.6,2365617130.0
2019-08-02,PETR4,26.52,1705085466.0
2019-09-02,PETR4,25.3,483402841.0
2019-09-03,PETR4,25.6,1212197236.0
2019-09-04,PETR4,26.26,1473946583.0
2019-09-05,PETR4,26.39,1291236552.0
2019-09-06,PETR4,26.52,1287989659.0
2019-09-09,PETR4,26.93,1003409699.0
2019-09-10,PETR4,27.1,1195197107.0
2019-09-11,PETR4,26.87,1395541276.0
2019-09-12,PETR4,27.06,1103561328.0
2019-09-13,PETR4,26.88,666742194.0
2019-09-16,PETR4,28.06,4694020960.0
2019-09-17,PETR4,27.69,1854639631.0
2019-09-18,PETR4,27.22,1109670881.0
2019-09-19,PETR4,27.29,1161374364.0
2019-09-20,PETR4,27.0,1409606204.0
2019-09-23,PETR4,27.48,891663920.0
2019-09-24,PETR4,27.27,999762936.0
2019-09-25,PETR4,27.34,785782062.0
2019-09-26,PETR4,27.7,926329883.0
2019-09-27,PETR4,27.66,884359915.0
2019-09-30,PETR4,27.55,637132028.0
2019-10-01,PETR4,27.51,892375022.0
2019-10-02,PETR4,26.72,1377523710.0
2019-10-03,PETR4,26.74,1223845847.0
2019-10-04,PETR4,26.51,1271130916.0
2019-10-07,PETR4,26.17,691176195.0
2019-10-08,PETR4,26.02,795689859.0
2019-10-09,PETR4,26.52,929474123.0
2019-10-10,PETR4,26.74,829622025.0
2019-10-11,PETR4,27.26,1007454149.0
2019-10-14,PETR4,27.31,565009870.0
2019-10-15,PETR4,27.6,842503718.0
2019-10-16,PETR4,27.93,869823488.0
2019-10-17,PETR4,27.66,871589768.0
2019-10-18,PETR4,27.6,1002249304.0
2019-10-21,PETR4,27.77,1201602861.0
2019-10-22,PETR4,28.57,1827282209.0
2019-10-23,PETR4,28.95,1325159353.0
2019-10-24,PETR4,28.32,1730604226.0
2019-10-25,PETR4,29.25,2184632216.0
2019-10-28,PETR4,29.6,1102395075.0
2019-10-29,PETR4,29.82,1479469146.0
2019-10-30,PETR4,30.08,1885648464.0
2019-10-31,PETR4,30.39,2020477006.0
2019-11-01,PETR4,30.43,3111844029.0
2019-11-04,PETR4,30.36,2465303938.0
2019-11-05,PETR4,29.65,2778937556.0
2019-11-06,PETR4,29.71,4551830728.0
2019-11-07,PETR4,30.9,2937407982.0
2019-11-08,PETR4,30.02,1865303830.0
2019-11-11,PETR4,30.45,925033408.0
2019-11-12,PETR4,30.02,1259895891.0
2019-11-13,PETR4,29.9,1248816002.0
2019-11-14,PETR4,29.3,1321528932.0
2019-11-18,PETR4,29.08,1600904559.0
2019-11-19,PETR4,28.78,977725951.0
2019-11-21,PETR4,29.85,1557099866.0
2019-11-22,PETR4,29.98,1042893732.0
2019-11-25,PETR4,29.73,891230661.0
2019-11-26,PETR4,29.19,1585234739.0
2019-11-27,PETR4,29.33,972181219.0
2019-11-28,PETR4,29.53,1360690311.0
2019-11-29,PETR4,29.15,1099104853.0
2019-12-02,PETR4,29.07,916047295.0
2020-01-02,PETR4,30.7,1154777493.0
2020-01-03,PETR4,30.45,2204408350.0
2020-01-06,PETR4,30.81,2513704170.0
2020-01-07,PETR4,30.69,1006115924.0
2020-01-08,PETR4,30.5,1469849247.0
2020-01-09,PETR4,30.4,1098306380.0
2020-01-10,PETR4,30.27,769809370.0
2020-01-13,PETR4,30.33,930388940.0
2020-01-14,PETR4,30.0,1193480941.0
2020-01-15,PETR4,29.55,1021085805.0
2020-01-16,PETR4,29.52,854981650.0
2020-01-17,PETR4,29.85,1036358681.0
2020-01-20,PETR4,30.0,936421997.0
2020-01-21,PETR4,29.62,848043297.0
2020-01-22,PETR4,29.29,956905020.0
2020-01-23,PETR4,29.6,1578665956.0
2020-01-24,PETR4,29.3,1084122650.0
2020-01-27,PETR4,28.03,1863998544.0
2020-01-28,PETR4,28.8,1362031513.0
2020-01-29,PETR4,28.85,1221095226.0
2020-01-30,PETR4,28.94,1264085445.0
2020-01-31,PETR4,28.45,1579174537.0
2020-02-03,PETR4,28.18,1119626917.0
2020-02-04,PETR4,28.63,1658729084.0
2020-02-05,PETR4,28.39,1954532761.0
2020-02-06,PETR4,29.18,3657205038.0
2020-02-07,PETR4,28.93,1585585036.0
2020-02-10,PETR4,29.13,1311167970.0
2020-02-11,PETR4,29.48,1106170281.0
2020-02-12,PETR4,30.13,1948802524.0
2020-02-13,PETR4,29.72,1647980649.0
2020-02-14,PETR4,29.42,900765942.0
2020-02-17,PETR4,29.36,1140199146.0
2020-02-18,PETR4,29.75,995599312.0
2020-02-19,PETR4,30.55,1334158551.0
2020-02-20,PETR4,29.92,2217255681.0
2020-02-21,PETR4,29.14,1399519406.0
2020-02-26,PETR4,26.21,2382449277.0
2020-02-27,PETR4,25.3,2567056467.0
2020-02-28,PETR4,25.34,2230361951.0
2020-03-02,PETR4,26.53,1875920976.0
2020-03-03,PETR4,26.05,2311434732.0
2020-03-04,PETR4,26.89,1128906036.0
2020-03-05,PETR4,25.29,1801983379.0
2020-03-06,PETR4,22.83,3216798052.0
2020-03-09,PETR4,16.05,4339259441.0
2020-03-10,PETR4,17.56,2966156647.0
2020-03-11,PETR4,15.85,2130023027.0
2020-03-12,PETR4,12.6,1905967832.0
2020-03-13,PETR4,15.4,2435798739.0
2020-03-16,PETR4,13.09,1684154606.0
2020-03-17,PETR4,13.0,1983266212.0
2020-03-18,PETR4,11.29,1854574419.0
2020-03-19,PETR4,12.21,1879160124.0
2020-03-20,PETR4,12.0,1889537741.0
2020-03-23,PETR4,11.5,1243522332.0
2020-03-24,PETR4,13.25,1477574316.0
2020-03-25,PETR4,14.32,2190487130.0
2020-03-26,PETR4,14.39,1897164195.0
2020-03-27,PETR4,13.3,1362146283.0
2020-03-30,PETR4,13.38,1476847064.0
2020-03-31,PETR4,13.99,2191604870.0
2020-04-01,PETR4,14.3,1604825129.0
2020-04-02,PETR4,15.51,3722541681.0
2020-05-04,PETR4,17.38,1047749435.0
2020-05-05,PETR4,17.94,1366237854.0
2020-05-06,PETR4,17.28,1192747690.0
2020-05-07,PETR4,17.44,1430954030.0
2020-05-08,PETR4,18.48,1521911739.0
2020-05-11,PETR4,18.15,1199972646.0
2020-05-12,PETR4,18.14,1326849239.0
2020-05-13,PETR4,17.59,1550341306.0
2020-05-14,PETR4,17.4,2045329017.0
2020-05-15,PETR4,17.15,2368028330.0
2020-05-18,PETR4,18.54,2143996080.0
2020-05-19,PETR4,18.68,1501118208.0
2020-05-20,PETR4,19.3,1436863111.0
2020-05-21,PETR4,19.19,1577812570.0
2020-05-22,PETR4,18.67,1327294041.0
2020-05-25,PETR4,19.48,740067024.0
2020-05-26,PETR4,19.67,1355353611.0
2020-05-27,PETR4,19.93,1460267347.0
2020-05-28,PETR4,19.77,1284843025.0
2020-05-29,PETR4,20.34,2561442593.0
2020-06-01,PETR4,20.33,1762319667.0
2020-06-02,PETR4,21.4,1617023358.0
2020-06-03,PETR4,21.47,1865141161.0
2020-06-04,PETR4,21.43,2298677240.0
2020-06-05,PETR4,22.1,2547716478.0
2020-06-08,PETR4,22.53,1839883511.0
2020-06-09,PETR4,21.72,2105086295.0
2020-06-10,PETR4,21.4,2188886078.0
2020-06-12,PETR4,20.6,2395775424.0
2020-06-15,PETR4,20.7,2023204135.0
2020-06-16,PETR4,21.37,2035732557.0
2020-06-17,PETR4,21.44,1359572369.0
2020-06-18,PETR4,21.6,1222376978.0
2020-06-19,PETR4,21.47,1967653319.0
2020-06-22,PETR4,20.95,960224455.0
2020-06-23,PETR4,21.65,1706992938.0
2020-06-24,PETR4,21.0,1376390369.0
2020-06-25,PETR4,21.47,996517069.0
2020-06-26,PETR4,20.84,1168438102.0
2020-06-29,PETR4,21.66,1281272806.0
2020-06-30,PETR4,21.55,1399052603.0
2020-07-01,PETR4,21.71,1730519595.0
2020-07-02,PETR4,22.06,1244210839.0
2020-07-03,PETR4,21.98,529780156.0
2020-07-06,PETR4,22.51,1310144423.0
2020-07-07,PETR4,22.23,1039028142.0
2020-07-08,PETR4,22.65,1111178746.0
2020-07-09,PETR4,22.14,1275669294.0
2020-07-10,PETR4,22.51,1286356291.0
2020-07-13,PETR4,22.16,1244190590.0
2020-07-14,PETR4,22.9,2023362536.0
2020-07-15,PETR4,23.34,1353822133.0
2020-07-16,PETR4,22.72,1590042062.0
2020-07-17,PETR4,22.74,1136886422.0
2020-07-20,PETR4,22.74,1108611850.0
2020-07-21,PETR4,23.37,2382072006.0
2020-07-22,PETR4,23.05,996892720.0
2020-07-23,PETR4,22.57,1463923883.0
2020-07-24,PETR4,22.73,987001199.0
2020-07-27,PETR4,23.2,1294601339.0
2020-07-28,PETR4,22.8,1109462947.0
2020-07-29,PETR4,23.17,1017431622.0
2020-07-30,PETR4,22.82,1315012357.0
2020-07-31,PETR4,22.2,1698545136.0
2020-09-02,PETR4,22.8,1220474169.0
2020-09-03,PETR4,22.88,2001901959.0
2020-09-04,PETR4,22.92,1194122269.0
2020-09-08,PETR4,22.26,1649889186.0
2020-09-09,PETR4,22.73,954718155.0
2020-09-10,PETR4,22.12,1301783958.0
2020-09-11,PETR4,21.88,1559304360.0
2020-09-14,PETR4,21.68,1004174369.0
2020-09-15,PETR4,21.67,1274611618.0
2020-09-16,PETR4,21.73,1098786147.0
2020-09-17,PETR4,22.15,1322901985.0
2020-09-18,PETR4,21.65,1400786073.0
2020-09-21,PETR4,20.9,1542499017.0
2020-09-22,PETR4,20.8,990210978.0
2020-09-23,PETR4,20.23,1175323444.0
2020-09-24,PETR4,20.4,1549591224.0
2020-09-25,PETR4,20.13,806202503.0
2020-09-28,PETR4,19.63,978983941.0
2020-09-29,PETR4,19.31,1030741125.0
2020-09-30,PETR4,19.61,1373637620.0
2020-10-01,PETR4,19.85,1521386327.0
2020-10-02,PETR4,19.02,1649009217.0
2020-10-05,PETR4,20.03,1446645324.0
2020-10-06,PETR4,19.93,1565545455.0
2020-10-07,PETR4,19.79,1059888378.0
2020-10-08,PETR4,20.44,1574790277.0
2020-10-09,PETR4,19.8,1360560316.0
2020-10-13,PETR4,20.13,1104757504.0
2020-10-14,PETR4,19.97,898461132.0
2020-10-15,PETR4,19.75,1118702126.0
2020-10-16,PETR4,19.33,971469057.0
2020-10-19,PETR4,19.52,2113276706.0
2020-10-20,PETR4,20.18,1366674095.0
2020-10-21,PETR4,20.16,1215286054.0
2020-10-22,PETR4,20.84,2039342395.0
2020-10-23,PETR4,20.57,1282296473.0
2020-10-26,PETR4,20.25,1179848162.0
2020-10-27,PETR4,19.88,977927178.0
2020-10-28,PETR4,18.67,1507805335.0
2020-10-29,PETR4,19.29,1616986168.0
2020-10-30,PETR4,18.94,1227368928.0
2020-11-03,PETR4,19.65,1300334321.0
2020-11-04,PETR4,19.72,1293673897.0
2020-11-05,PETR4,19.89,812147767.0
2020-11-06,PETR4,19.75,736571992.0
2020-11-09,PETR4,21.61,3580095773.0
2020-11-10,PETR4,23.08,3722933489.0
2020-11-11,PETR4,22.88,2115770248.0
2020-11-12,PETR4,21.91,1714848318.0
2020-11-13,PETR4,22.63,1484286956.0
2020-11-16,PETR4,23.29,2374205762.0
2020-11-17,PETR4,23.69,2228588485.0
2020-11-18,PETR4,23.55,1637514658.0
2020-11-19,PETR4,23.82,1546763533.0
2020-11-20,PETR4,23.65,903627848.0
2020-11-23,PETR4,25.1,3091939810.0
2020-11-24,PETR4,26.22,4009199522.0
2020-11-25,PETR4,26.25,1931451020.0
2020-11-26,PETR4,25.82,1079657760.0
2020-11-27,PETR4,25.5,1286405487.0
2020-11-30,PETR4,24.9,2278333176.0
2020-12-01,PETR4,25.6,1501854917.0
2020-12-02,PETR4,25.91,2288391710.0
2020-09-02,PRIO3,43.38,158419316.0
2020-09-03,PRIO3,43.37,181069759.0
2020-09-04,PRIO3,44.05,433100072.0
2020-09-08,PRIO3,41.37,238336244.0
2020-09-09,PRIO3,41.31,134764346.0
2020-09-10,PRIO3,39.59,138211904.0
2020-09-11,PRIO3,39.61,132958052.0
2020-09-14,PRIO3,39.0,81176230.0
2020-09-15,PRIO3,38.99,87934763.0
2020-09-16,PRIO3,38.77,81702151.0
2020-09-17,PRIO3,39.16,81530617.0
2020-09-18,PRIO3,38.11,91824506.0
2020-09-21,PRIO3,37.11,65888055.0
2020-09-22,PRIO3,36.5,54300454.0
2020-09-23,PRIO3,34.85,75715374.0
2020-09-24,PRIO3,36.5,116771270.0
2020-09-25,PRIO3,35.5,77135175.0
2020-09-28,PRIO3,34.8,68977531.0
2020-09-29,PRIO3,34.34,74427252.0
2020-09-30,PRIO3,34.89,53888612.0
2020-10-01,PRIO3,35.53,80842585.0
2020-10-02,PRIO3,34.27,65346731.0
2020-10-05,PRIO3,36.53,117611732.0
2020-10-06,PRIO3,35.73,130387174.0
2020-10-07,PRIO3,36.48,115844041.0
2020-10-08,PRIO3,36.2,125947087.0
2020-10-09,PRIO3,35.57,68228332.0
2020-10-13,PRIO3,35.53,85453946.0
2020-10-14,PRIO3,38.38,188535405.0
2020-10-15,PRIO3,36.23,209125533.0
2020-10-16,PRIO3,35.45,86361361.0
2020-10-19,PRIO3,35.86,140805184.0
2020-10-20,PRIO3,35.85,80972071.0
2020-10-21,PRIO3,35.91,76649901.0
2020-10-22,PRIO3,37.68,190418935.0
2020-10-23,PRIO3,36.3,130977154.0
2020-10-26,PRIO3,35.5,86756637.0
2020-10-27,PRIO3,34.7,78602258.0
2020-10-28,PRIO3,32.14,136299771.0
2020-10-29,PRIO3,33.0,123155403.0
2020-10-30,PRIO3,31.32,85835437.0
2020-11-03,PRIO3,32.43,95101158.0
2020-11-04,PRIO3,32.2,101746670.0
2020-11-05,PRIO3,32.35,83334583.0
2020-11-06,PRIO3,34.0,163284649.0
2020-11-09,PRIO3,35.24,195866032.0
2020-11-10,PRIO3,34.53,294924380.0
2020-11-11,PRIO3,33.38,162087041.0
2020-11-12,PRIO3,32.06,171669094.0
2020-11-13,PRIO3,34.0,127458945.0
2020-11-16,PRIO3,34.65,184545583.0
2020-11-17,PRIO3,35.27,141458745.0
2020-11-18,PRIO3,35.4,161831991.0
2020-11-19,PRIO3,46.0,1372621659.0
2020-11-20,PRIO3,43.21,537379886.0
2020-11-23,PRIO3,46.51,425312775.0
2020-11-24,PRIO3,45.3,350152738.0
2020-11-25,PRIO3,48.0,451773476.0
2020-11-26,PRIO3,50.48,285892423.0
2020-11-27,PRIO3,51.75,402416677.0
2020-11-30,PRIO3,50.17,230712685.0
2020-12-01,PRIO3,53.45,311813423.0
2020-12-02,PRIO3,50.89,271392083.0
2019-01-04,QUAL3,13.48,24468020.0
2019-01-07,QUAL3,13.08,15565207.0
2019-01-08,QUAL3,13.3,22997334.0
2019-01-09,QUAL3,13.64,19540775.0
2019-01-10,QUAL3,13.68,20093370.0
2019-01-11,QUAL3,14.2,48174990.0
2019-01-14,QUAL3,14.8,86458000.0
2019-01-15,QUAL3,14.65,45308300.0
2019-01-16,QUAL3,14.41,24596504.0
2019-01-17,QUAL3,15.28,66836768.0
2019-01-18,QUAL3,15.6,73839170.0
2019-01-21,QUAL3,15.87,27958277.0
2019-01-22,QUAL3,15.66,48058286.0
2019-01-23,QUAL3,15.89,44702067.0
2019-01-24,QUAL3,15.85,54755686.0
2019-01-28,QUAL3,15.33,61139265.0
2019-01-29,QUAL3,15.64,31452590.0
2019-01-30,QUAL3,15.78,26149193.0
2019-01-31,QUAL3,15.85,46015897.0
2019-02-01,QUAL3,16.21,33072231.0
2019-02-04,QUAL3,16.19,36668694.0
2019-02-05,QUAL3,16.45,23089065.0
2019-02-06,QUAL3,16.09,28015598.0
2019-02-07,QUAL3,15.61,36996022.0
2019-02-08,QUAL3,15.16,47206137.0
2019-02-11,QUAL3,14.84,65145128.0
2019-02-12,QUAL3,15.25,53430567.0
2019-02-13,QUAL3,15.47,35445711.0
2019-02-14,QUAL3,15.64,67401997.0
2019-02-15,QUAL3,15.62,49367176.0
2019-02-18,QUAL3,15.15,36989052.0
2019-02-19,QUAL3,15.52,43735146.0
2019-02-20,QUAL3,15.23,61039667.0
2019-02-21,QUAL3,15.0,31696010.0
2019-02-22,QUAL3,15.07,20482918.0
2019-02-25,QUAL3,15.12,17125658.0
2019-02-26,QUAL3,15.01,17470084.0
2019-02-27,QUAL3,15.51,27714407.0
2019-02-28,QUAL3,15.49,25724750.0
2019-03-01,QUAL3,15.25,37451941.0
2019-03-06,QUAL3,14.92,25049809.0
2019-03-07,QUAL3,14.9,16896692.0
2019-03-08,QUAL3,15.56,26390301.0
2019-03-11,QUAL3,15.55,25804131.0
2019-03-12,QUAL3,15.82,33158246.0
2019-03-13,QUAL3,16.28,25066869.0
2019-03-14,QUAL3,16.29,22062198.0
2019-03-15,QUAL3,16.2,75221221.0
2019-03-18,QUAL3,16.3,48044279.0
2019-03-19,QUAL3,16.19,71833447.0
2019-03-20,QUAL3,16.1,34250642.0
2019-03-21,QUAL3,15.95,50309394.0
2019-03-22,QUAL3,15.35,30283414.0
2019-03-25,QUAL3,15.15,25908982.0
2019-03-26,QUAL3,15.47,27106817.0
2019-03-27,QUAL3,14.57,38983197.0
2019-03-28,QUAL3,15.34,25806627.0
2019-03-29,QUAL3,15.68,44338511.0
2019-04-01,QUAL3,15.59,18971710.0
2019-04-02,QUAL3,15.72,22808421.0
2019-05-03,QUAL3,17.25,34870101.0
2019-05-06,QUAL3,17.04,29952288.0
2019-05-07,QUAL3,17.27,69459401.0
2019-05-08,QUAL3,17.71,50726488.0
2019-05-09,QUAL3,17.97,30880135.0
2019-05-10,QUAL3,18.04,45600468.0
2019-05-13,QUAL3,17.45,37037657.0
2019-05-14,QUAL3,17.68,43140132.0
2019-05-15,QUAL3,18.24,68772916.0
2019-05-16,QUAL3,18.24,38582021.0
2019-05-17,QUAL3,18.21,50422167.0
2019-05-20,QUAL3,18.75,62001081.0
2019-05-21,QUAL3,19.41,80661884.0
2019-05-22,QUAL3,19.74,161739351.0
2019-05-23,QUAL3,19.64,44094596.0
2019-05-24,QUAL3,19.55,37005314.0
2019-05-27,QUAL3,19.53,34026826.0
2019-05-28,QUAL3,19.38,42799234.0
2019-05-29,QUAL3,19.2,45023346.0
2019-05-30,QUAL3,19.84,57957756.0
2019-05-31,QUAL3,20.15,77416348.0
2019-06-03,QUAL3,20.34,73591879.0
2019-06-04,QUAL3,20.38,57644849.0
2019-06-05,QUAL3,20.49,49622913.0
2019-06-06,QUAL3,20.45,33029868.0
2019-06-07,QUAL3,20.29,29747662.0
2019-06-10,QUAL3,20.61,26153669.0
2019-06-11,QUAL3,20.4,38581099.0
2019-06-12,QUAL3,20.96,107359576.0
2019-06-13,QUAL3,21.39,52840264.0
2019-06-14,QUAL3,21.89,64829534.0
2019-06-17,QUAL3,21.7,37529280.0
2019-06-18,QUAL3,22.08,74304177.0
2019-06-19,QUAL3,22.35,42897466.0
2019-06-21,QUAL3,22.3,77691321.0
2019-06-24,QUAL3,22.57,51826480.0
2019-06-25,QUAL3,22.15,82414472.0
2019-06-26,QUAL3,22.44,75360112.0
2019-06-27,QUAL3,22.68,24777437.0
2019-06-28,QUAL3,22.97,56744328.0
2019-07-01,QUAL3,22.21,57458599.0
2019-07-02,QUAL3,22.83,59283140.0
2019-07-03,QUAL3,22.68,24175725.0
2019-07-04,QUAL3,23.28,22172130.0
2019-07-05,QUAL3,23.26,41233595.0
2019-07-08,QUAL3,23.78,31796647.0
2019-07-10,QUAL3,23.4,53492764.0
2019-07-11,QUAL3,23.52,37717447.0
2019-07-12,QUAL3,22.95,28601342.0
2019-07-15,QUAL3,23.0,32318222.0
2019-07-16,QUAL3,23.05,44098229.0
2019-07-17,QUAL3,22.81,27959715.0
2019-07-18,QUAL3,22.99,42746945.0
2019-07-19,QUAL3,22.74,63594098.0
2019-07-22,QUAL3,23.1,52989884.0
2019-07-23,QUAL3,22.48,58887839.0
2019-07-24,QUAL3,22.65,31147357.0
2019-07-25,QUAL3,22.36,39791970.0
2019-07-26,QUAL3,22.33,39726543.0
2019-07-29,QUAL3,22.14,19680190.0
2019-07-30,QUAL3,22.51,33915392.0
2019-07-31,QUAL3,22.22,42041123.0
2019-08-01,QUAL3,22.18,35325502.0
2019-08-02,QUAL3,21.74,33491008.0
2019-09-02,QUAL3,29.5,41586847.0
2019-09-03,QUAL3,28.61,62533125.0
2019-09-04,QUAL3,29.0,71133263.0
2019-09-05,QUAL3,29.05,50907670.0
2019-09-06,QUAL3,28.55,36663503.0
2019-09-09,QUAL3,27.36,61721352.0
2019-09-10,QUAL3,27.88,63301163.0
2019-09-11,QUAL3,28.48,46230430.0
2019-09-12,QUAL3,28.26,50898144.0
2019-09-13,QUAL3,27.62,40465023.0
2019-09-16,QUAL3,28.19,51976497.0
2019-09-17,QUAL3,27.97,55980487.0
2019-09-18,QUAL3,28.44,20462467.0
2019-09-19,QUAL3,28.3,27252302.0
2019-09-20,QUAL3,28.9,60496158.0
2019-09-23,QUAL3,28.88,25052232.0
2019-09-24,QUAL3,28.9,31741040.0
2019-09-25,QUAL3,30.12,77341522.0
2019-09-26,QUAL3,29.52,57150721.0
2019-09-27,QUAL3,30.36,50586722.0
2019-09-30,QUAL3,31.1,82458791.0
2019-10-01,QUAL3,30.99,129620515.0
2019-10-02,QUAL3,30.77,77184556.0
2019-10-03,QUAL3,30.48,61478391.0
2019-10-04,QUAL3,30.6,26447919.0
2019-10-07,QUAL3,29.7,64016571.0
2019-10-08,QUAL3,30.2,67418661.0
2019-10-09,QUAL3,30.97,59573682.0
2019-10-10,QUAL3,30.33,47692973.0
2019-10-11,QUAL3,32.1,64612271.0
2019-10-14,QUAL3,32.46,69117509.0
2019-10-15,QUAL3,32.22,76928887.0
2019-10-16,QUAL3,34.23,425455619.0
2019-10-17,QUAL3,33.77,122764378.0
2019-10-18,QUAL3,33.89,138472337.0
2019-10-21,QUAL3,32.0,119404879.0
2019-10-22,QUAL3,31.41,88405447.0
2019-10-23,QUAL3,31.3,51628218.0
2019-10-24,QUAL3,31.72,124400445.0
2019-10-25,QUAL3,31.95,85159999.0
2019-10-28,QUAL3,31.8,94904534.0
2019-10-29,QUAL3,31.85,72666663.0
2019-10-30,QUAL3,32.6,68360983.0
2019-10-31,QUAL3,31.9,92106707.0
2019-11-01,QUAL3,31.76,56699719.0
2019-11-04,QUAL3,31.8,56881279.0
2019-11-05,QUAL3,31.28,66066658.0
2019-11-06,QUAL3,31.81,56768319.0
2019-11-07,QUAL3,32.69,95937512.0
2019-11-08,QUAL3,32.48,77561254.0
2019-11-11,QUAL3,32.76,70157078.0
2019-11-12,QUAL3,32.49,81968389.0
2019-11-13,QUAL3,32.68,146669641.0
2019-11-14,QUAL3,33.79,173708162.0
2019-11-18,QUAL3,34.25,110466576.0
2019-11-19,QUAL3,34.11,70616968.0
2019-11-21,QUAL3,34.05,158827723.0
2019-11-22,QUAL3,35.32,77838221.0
2019-11-25,QUAL3,36.75,111481226.0
2019-11-26,QUAL3,36.0,146806699.0
2019-11-27,QUAL3,36.0,61851936.0
2019-11-28,QUAL3,36.2,46835926.0
2019-11-29,QUAL3,36.8,131705276.0
2019-12-02,QUAL3,35.8,123977232.0
2020-01-02,QUAL3,39.2,145568169.0
2020-01-03,QUAL3,40.01,215648425.0
2020-01-06,QUAL3,41.65,193109572.0
2020-01-07,QUAL3,40.59,148867715.0
2020-01-08,QUAL3,39.81,127814375.0
2020-01-09,QUAL3,40.1,124766132.0
2020-01-10,QUAL3,40.65,172737106.0
2020-01-13,QUAL3,41.95,121459404.0
2020-01-14,QUAL3,42.96,178196603.0
2020-01-15,QUAL3,42.39,146619008.0
2020-01-16,QUAL3,41.63,119583895.0
2020-01-17,QUAL3,41.81,102957433.0
2020-01-20,QUAL3,42.6,53968839.0
2020-01-21,QUAL3,43.33,106234872.0
2020-01-22,QUAL3,44.49,121279688.0
2020-01-23,QUAL3,44.99,112775224.0
2020-01-24,QUAL3,43.98,142647484.0
2020-01-27,QUAL3,41.86,91666601.0
2020-01-28,QUAL3,43.53,76211290.0
2020-01-29,QUAL3,42.44,102767304.0
2020-01-30,QUAL3,41.7,217035337.0
2020-01-31,QUAL3,41.46,146553053.0
2020-02-03,QUAL3,43.82,194063292.0
2020-02-04,QUAL3,43.72,1115557966.0
2020-02-05,QUAL3,43.6,148244336.0
2020-02-06,QUAL3,43.65,148927008.0
2020-02-07,QUAL3,42.2,280080406.0
2020-02-10,QUAL3,40.4,147953395.0
2020-02-11,QUAL3,42.42,135379183.0
2020-02-12,QUAL3,43.26,152191403.0
2020-02-13,QUAL3,42.45,98029499.0
2020-02-14,QUAL3,41.7,102925288.0
2020-02-17,QUAL3,42.6,47680156.0
2020-02-18,QUAL3,41.28,285614931.0
2020-02-19,QUAL3,41.8,103656908.0
2020-02-20,QUAL3,39.81,167564326.0
2020-02-21,QUAL3,39.19,98049429.0
2020-02-26,QUAL3,35.79,172831893.0
2020-02-27,QUAL3,34.9,175299532.0
2020-02-28,QUAL3,34.25,179150431.0
2020-03-02,QUAL3,35.06,127034478.0
2020-03-03,QUAL3,36.69,295129042.0
2020-03-04,QUAL3,36.0,226495361.0
2020-03-05,QUAL3,33.16,175140694.0
2020-03-06,QUAL3,32.73,155897223.0
2020-03-09,QUAL3,28.6,171452369.0
2020-03-10,QUAL3,30.87,222855147.0
2020-03-11,QUAL3,28.85,136093798.0
2020-03-12,QUAL3,24.56,74885059.0
2020-03-13,QUAL3,26.0,333231120.0
2020-03-16,QUAL3,22.0,189672663.0
2020-03-17,QUAL3,23.32,169759843.0
2020-03-18,QUAL3,20.01,149186140.0
2020-03-19,QUAL3,21.0,110219824.0
2020-03-20,QUAL3,21.49,159577980.0
2020-03-23,QUAL3,20.8,138735530.0
2020-03-24,QUAL3,22.16,96193750.0
2020-03-25,QUAL3,23.6,196403331.0
2020-03-26,QUAL3,25.85,150271855.0
2020-03-27,QUAL3,23.53,115333551.0
2020-03-30,QUAL3,24.08,117373730.0
2020-03-31,QUAL3,23.6,101948276.0
2020-04-01,QUAL3,22.39,116138417.0
2020-04-02,QUAL3,22.61,85430949.0
2020-05-04,QUAL3,24.53,64041794.0
2020-05-05,QUAL3,24.27,43756280.0
2020-05-06,QUAL3,24.17,53696148.0
2020-05-07,QUAL3,23.55,96785130.0
2020-05-08,QUAL3,22.9,85535004.0
2020-05-11,QUAL3,21.73,101208299.0
2020-05-12,QUAL3,20.85,111983527.0
2020-05-13,QUAL3,19.7,145545472.0
2020-05-14,QUAL3,20.04,180876811.0
2020-05-15,QUAL3,19.7,91476063.0
2020-05-18,QUAL3,19.92,97887416.0
2020-05-19,QUAL3,20.48,104507054.0
2020-05-20,QUAL3,21.57,115856385.0
2020-05-21,QUAL3,22.31,105678680.0
2020-05-22,QUAL3,22.31,63771358.0
2020-05-25,QUAL3,23.43,58529888.0
2020-05-26,QUAL3,23.52,71959946.0
2020-05-27,QUAL3,23.83,124489351.0
2020-05-28,QUAL3,23.29,44240678.0
2020-05-29,QUAL3,23.72,86075136.0
2020-06-01,QUAL3,24.23,71629821.0
2020-06-02,QUAL3,24.41,94848159.0
2020-06-03,QUAL3,26.82,160219323.0
2020-06-04,QUAL3,26.15,113930624.0
2020-06-05,QUAL3,26.85,145418012.0
2020-06-08,QUAL3,27.83,116187023.0
2020-06-09,QUAL3,27.09,84869631.0
2020-06-10,QUAL3,26.84,81134403.0
2020-06-12,QUAL3,25.98,112492945.0
2020-06-15,QUAL3,25.8,52135585.0
2020-06-16,QUAL3,25.88,96008835.0
2020-06-17,QUAL3,27.19,142414923.0
2020-06-18,QUAL3,27.7,131667435.0
2020-06-19,QUAL3,29.0,176670587.0
2020-06-22,QUAL3,29.4,205465351.0
2020-06-23,QUAL3,29.1,193100971.0
2020-06-24,QUAL3,27.95,85557696.0
2020-06-25,QUAL3,28.8,79176431.0
2020-06-26,QUAL3,27.68,62120292.0
2020-06-29,QUAL3,28.29,61833832.0
2020-06-30,QUAL3,29.0,92420033.0
2020-07-01,QUAL3,29.2,82370135.0
2020-07-02,QUAL3,28.45,70725153.0
2020-07-03,QUAL3,28.6,36227864.0
2020-07-06,QUAL3,30.71,175538566.0
2020-07-07,QUAL3,30.18,136544070.0
2020-07-08,QUAL3,30.75,134330745.0
2020-07-09,QUAL3,30.42,103374628.0
2020-07-10,QUAL3,29.65,64053042.0
2020-07-13,QUAL3,29.79,122274032.0
2020-07-14,QUAL3,29.2,62061032.0
2020-07-15,QUAL3,29.8,58716264.0
2020-07-16,QUAL3,29.11,45354136.0
2020-07-17,QUAL3,30.66,91781446.0
2020-07-20,QUAL3,31.85,107774271.0
2020-07-21,QUAL3,29.81,361551460.0
2020-07-22,QUAL3,28.1,446976132.0
2020-07-23,QUAL3,28.52,228571337.0
2020-07-24,QUAL3,28.2,145242798.0
2020-07-27,QUAL3,28.6,90839442.0
2020-07-28,QUAL3,28.07,62457808.0
2020-07-29,QUAL3,28.39,58423029.0
2020-07-30,QUAL3,28.73,93136749.0
2020-07-31,QUAL3,28.0,97652842.0
2020-09-02,QUAL3,32.2,122883033.0
2020-09-03,QUAL3,31.53,126813987.0
2020-09-04,QUAL3,33.95,426512604.0
2020-09-08,QUAL3,34.42,202897644.0
2020-09-09,QUAL3,34.5,195556567.0
2020-09-10,QUAL3,33.36,179663298.0
2020-09-11,QUAL3,32.26,167257213.0
2020-09-14,QUAL3,33.15,63157486.0
2020-09-15,QUAL3,32.96,86506397.0
2020-09-16,QUAL3,33.08,74807669.0
2020-09-17,QUAL3,32.64,82117780.0
2020-09-18,QUAL3,31.97,91353629.0
2020-09-21,QUAL3,32.19,122164938.0
2020-09-22,QUAL3,31.96,60911109.0
2020-09-23,QUAL3,31.24,167764612.0
2020-09-24,QUAL3,32.79,198240520.0
2020-09-25,QUAL3,33.25,121293909.0
2020-09-28,QUAL3,32.28,227925888.0
2020-09-29,QUAL3,32.33,95634277.0
2020-09-30,QUAL3,33.99,164627027.0
2020-10-01,QUAL3,32.8,222880902.0
2020-10-02,QUAL3,32.12,113680615.0
2020-10-05,QUAL3,32.77,103276099.0
2020-10-06,QUAL3,32.32,93199733.0
2020-10-07,QUAL3,31.49,111070544.0
2020-10-08,QUAL3,32.13,176455380.0
2020-10-09,QUAL3,31.63,86407671.0
2020-10-13,QUAL3,31.81,92326770.0
2020-10-14,QUAL3,32.87,177540885.0
2020-10-15,QUAL3,32.83,93360437.0
2020-10-16,QUAL3,32.15,85593661.0
2020-10-19,QUAL3,31.75,63249425.0
2020-10-20,QUAL3,32.5,109153436.0
2020-10-21,QUAL3,34.37,434366612.0
2020-10-22,QUAL3,34.5,322464398.0
2020-10-23,QUAL3,33.57,137921112.0
2020-10-26,QUAL3,33.23,54356979.0
2020-10-27,QUAL3,32.49,73077297.0
2020-10-28,QUAL3,31.16,157011831.0
2020-10-29,QUAL3,31.92,156595953.0
2020-10-30,QUAL3,31.83,99239989.0
2020-11-03,QUAL3,31.26,173596945.0
2020-11-04,QUAL3,31.9,133839697.0
2020-11-05,QUAL3,32.8,103296286.0
2020-11-06,QUAL3,33.68,82344392.0
2020-11-09,QUAL3,33.81,128994451.0
2020-11-10,QUAL3,34.02,78789554.0
2020-11-11,QUAL3,33.84,84568313.0
2020-11-12,QUAL3,33.11,115302834.0
2020-11-13,QUAL3,35.03,91513782.0
2020-11-16,QUAL3,34.5,97316101.0
2020-11-17,QUAL3,34.26,152157074.0
2020-11-18,QUAL3,34.22,79134664.0
2020-11-19,QUAL3,34.51,66628959.0
2020-11-20,QUAL3,34.46,44733479.0
2020-11-23,QUAL3,34.65,86412455.0
2020-11-24,QUAL3,34.76,114878248.0
2020-11-25,QUAL3,34.96,75488597.0
2020-11-26,QUAL3,34.46,51561183.0
2020-11-27,QUAL3,34.12,75125722.0
2020-11-30,QUAL3,33.17,93950737.0
2020-12-01,QUAL3,33.18,167567576.0
2020-12-02,QUAL3,33.83,136919525.0
2019-01-04,RADL3,57.38,143771405.0
2019-01-07,RADL3,56.1,47656851.0
2019-01-08,RADL3,58.15,82131317.0
2019-01-09,RADL3,61.11,114971089.0
2019-01-10,RADL3,63.52,88464121.0
2019-01-11,RADL3,64.0,87994961.0
2019-01-14,RADL3,63.77,68410867.0
2019-01-15,RADL3,64.72,61244972.0
2019-01-16,RADL3,64.2,81858083.0
2019-01-17,RADL3,63.02,56447341.0
2019-01-18,RADL3,63.37,52678619.0
2019-01-21,RADL3,62.38,50409677.0
2019-01-22,RADL3,61.45,57120924.0
2019-01-23,RADL3,61.89,55741237.0
2019-01-24,RADL3,62.29,44120222.0
2019-01-28,RADL3,65.11,116686226.0
2019-01-29,RADL3,63.1,126363360.0
2019-01-30,RADL3,62.36,80246970.0
2019-01-31,RADL3,62.0,65592159.0
2019-02-01,RADL3,62.45,67654417.0
2019-02-04,RADL3,62.5,48853631.0
2019-02-05,RADL3,61.32,55177559.0
2019-02-06,RADL3,59.73,61786170.0
2019-02-07,RADL3,60.25,63409542.0
2019-02-08,RADL3,60.23,65615145.0
2019-02-11,RADL3,59.25,45729957.0
2019-02-12,RADL3,59.27,73624812.0
2019-02-13,RADL3,58.06,74745756.0
2019-02-14,RADL3,58.78,64597973.0
2019-02-15,RADL3,58.51,56514523.0
2019-02-18,RADL3,57.58,38395333.0
2019-02-19,RADL3,59.24,73394379.0
2019-02-20,RADL3,58.15,80105103.0
2019-02-21,RADL3,58.95,41201901.0
2019-02-22,RADL3,59.32,69647339.0
2019-02-25,RADL3,59.0,63241965.0
2019-02-26,RADL3,60.94,114708539.0
2019-02-27,RADL3,65.49,451986641.0
2019-02-28,RADL3,65.41,165849157.0
2019-03-01,RADL3,63.85,133315786.0
2019-03-06,RADL3,63.18,53658425.0
2019-03-07,RADL3,62.78,48623412.0
2019-03-08,RADL3,66.8,175692866.0
2019-03-11,RADL3,67.0,97950462.0
2019-03-12,RADL3,67.09,44067170.0
2019-03-13,RADL3,70.1,152047840.0
2019-03-14,RADL3,69.05,72228020.0
2019-03-15,RADL3,68.66,94505621.0
2019-03-18,RADL3,67.92,62411150.0
2019-03-19,RADL3,68.5,87408311.0
2019-03-20,RADL3,66.0,88975129.0
2019-03-21,RADL3,66.5,79112788.0
2019-03-22,RADL3,66.41,79261688.0
2019-03-25,RADL3,65.09,42008536.0
2019-03-26,RADL3,66.16,63285661.0
2019-03-27,RADL3,64.33,95905396.0
2019-03-28,RADL3,65.0,43675182.0
2019-03-29,RADL3,65.3,49927055.0
2019-04-01,RADL3,64.59,50811774.0
2019-04-02,RADL3,65.68,60346903.0
2019-05-03,RADL3,69.26,76866471.0
2019-05-06,RADL3,68.55,43334869.0
2019-05-07,RADL3,68.03,49236294.0
2019-05-08,RADL3,69.12,87420829.0
2019-05-09,RADL3,68.34,50937591.0
2019-05-10,RADL3,68.07,64680471.0
2019-05-13,RADL3,67.55,70286608.0
2019-05-14,RADL3,67.55,49875305.0
2019-05-15,RADL3,66.32,92569805.0
2019-05-16,RADL3,64.34,88700306.0
2019-05-17,RADL3,63.77,60023854.0
2019-05-20,RADL3,65.0,56452483.0
2019-05-21,RADL3,67.0,60076747.0
2019-05-22,RADL3,66.45,34951674.0
2019-05-23,RADL3,65.69,34882789.0
2019-05-24,RADL3,65.6,40646173.0
2019-05-27,RADL3,65.72,32907758.0
2019-05-28,RADL3,67.71,188580082.0
2019-05-29,RADL3,69.4,77245568.0
2019-05-30,RADL3,69.75,58446675.0
2019-05-31,RADL3,69.42,75844892.0
2019-06-03,RADL3,69.6,88146520.0
2019-06-04,RADL3,70.42,58838175.0
2019-06-05,RADL3,69.2,59208095.0
2019-06-06,RADL3,69.6,47160283.0
2019-06-07,RADL3,71.55,72779136.0
2019-06-10,RADL3,72.61,56891165.0
2019-06-11,RADL3,72.87,130093940.0
2019-06-12,RADL3,74.0,118840593.0
2019-06-13,RADL3,73.64,62487832.0
2019-06-14,RADL3,74.3,96490811.0
2019-06-17,RADL3,75.0,71277932.0
2019-06-18,RADL3,74.98,63000048.0
2019-06-19,RADL3,76.0,59909977.0
2019-06-21,RADL3,74.45,93129784.0
2019-06-24,RADL3,75.32,39872052.0
2019-06-25,RADL3,73.0,77849126.0
2019-06-26,RADL3,73.4,95109137.0
2019-06-27,RADL3,75.93,53593742.0
2019-06-28,RADL3,76.1,76142397.0
2019-07-01,RADL3,77.2,177139025.0
2019-07-02,RADL3,76.19,89987814.0
2019-07-03,RADL3,77.0,95273608.0
2019-07-04,RADL3,80.6,78872138.0
2019-07-05,RADL3,81.32,52211998.0
2019-07-08,RADL3,81.5,102219304.0
2019-07-10,RADL3,83.5,130353190.0
2019-07-11,RADL3,83.65,96972514.0
2019-07-12,RADL3,80.13,131954488.0
2019-07-15,RADL3,80.39,39481811.0
2019-07-16,RADL3,78.11,210273969.0
2019-07-17,RADL3,77.55,117843159.0
2019-07-18,RADL3,78.0,76790970.0
2019-07-19,RADL3,77.5,67847671.0
2019-07-22,RADL3,77.59,53689473.0
2019-07-23,RADL3,77.57,52997322.0
2019-07-24,RADL3,79.87,60479214.0
2019-07-25,RADL3,79.81,81606104.0
2019-07-26,RADL3,82.5,133679488.0
2019-07-29,RADL3,84.1,52470884.0
2019-07-30,RADL3,83.5,55596526.0
2019-07-31,RADL3,83.01,88380164.0
2019-08-01,RADL3,84.82,91816538.0
2019-08-02,RADL3,88.0,145467132.0
2019-09-02,RADL3,90.2,59803667.0
2019-09-03,RADL3,90.7,114039926.0
2019-09-04,RADL3,91.5,181766857.0
2019-09-05,RADL3,90.97,79592293.0
2019-09-06,RADL3,90.81,58823012.0
2019-09-09,RADL3,90.82,85484929.0
2019-09-10,RADL3,92.5,103535302.0
2019-09-11,RADL3,94.45,196334047.0
2019-09-12,RADL3,93.62,94629192.0
2019-09-13,RADL3,92.6,71404027.0
2019-09-16,RADL3,92.63,77704043.0
2019-09-17,RADL3,94.07,98167562.0
2019-09-18,RADL3,92.16,89339996.0
2019-09-19,RADL3,93.06,86572260.0
2019-09-20,RADL3,93.61,144406263.0
2019-09-23,RADL3,93.8,44663857.0
2019-09-24,RADL3,96.4,119465453.0
2019-09-25,RADL3,95.92,94204447.0
2019-09-26,RADL3,96.08,58036672.0
2019-09-27,RADL3,96.15,90627454.0
2019-09-30,RADL3,95.81,99742313.0
2019-10-01,RADL3,95.93,128024466.0
2019-10-02,RADL3,95.2,120172732.0
2019-10-03,RADL3,95.56,97822354.0
2019-10-04,RADL3,101.5,290865063.0
2019-10-07,RADL3,102.13,140742876.0
2019-10-08,RADL3,100.01,138071001.0
2019-10-09,RADL3,101.46,121500680.0
2019-10-10,RADL3,100.71,130217973.0
2019-10-11,RADL3,100.98,122753414.0
2019-10-14,RADL3,101.05,57848235.0
2019-10-15,RADL3,101.12,147661514.0
2019-10-16,RADL3,102.88,145760756.0
2019-10-17,RADL3,101.45,159067632.0
2019-10-18,RADL3,103.63,131576703.0
2019-10-21,RADL3,105.55,104203986.0
2019-10-22,RADL3,106.21,114303059.0
2019-10-23,RADL3,103.38,136586012.0
2019-10-24,RADL3,105.5,125088303.0
2019-10-25,RADL3,107.05,80457417.0
2019-10-28,RADL3,107.0,185354649.0
2019-10-29,RADL3,109.4,134886939.0
2019-10-30,RADL3,109.3,281981086.0
2019-10-31,RADL3,110.0,202947175.0
2019-11-01,RADL3,112.97,180897949.0
2019-11-04,RADL3,113.8,124493471.0
2019-11-05,RADL3,111.89,164968714.0
2019-11-06,RADL3,112.64,121576276.0
2019-11-07,RADL3,112.05,70186291.0
2019-11-08,RADL3,111.5,92077841.0
2019-11-11,RADL3,112.0,120378632.0
2019-11-12,RADL3,109.99,98087792.0
2019-11-13,RADL3,108.49,232632341.0
2019-11-14,RADL3,112.2,151297983.0
2019-11-18,RADL3,111.35,114249602.0
2019-11-19,RADL3,111.8,95080550.0
2019-11-21,RADL3,112.7,183633464.0
2019-11-22,RADL3,113.75,94908734.0
2019-11-25,RADL3,111.54,88511350.0
2019-11-26,RADL3,111.9,242134663.0
2019-11-27,RADL3,113.55,84074654.0
2019-11-28,RADL3,114.6,90573453.0
2019-11-29,RADL3,112.99,91961829.0
2019-12-02,RADL3,110.0,170231263.0
2020-01-02,RADL3,114.83,119201495.0
2020-01-03,RADL3,112.27,170105777.0
2020-01-06,RADL3,110.06,114269090.0
2020-01-07,RADL3,108.55,96166293.0
2020-01-08,RADL3,110.0,62774201.0
2020-01-09,RADL3,113.31,126526196.0
2020-01-10,RADL3,109.8,93803952.0
2020-01-13,RADL3,112.37,70528319.0
2020-01-14,RADL3,114.05,109137176.0
2020-01-15,RADL3,114.39,109031113.0
2020-01-16,RADL3,113.82,80029477.0
2020-01-17,RADL3,115.68,72685131.0
2020-01-20,RADL3,119.11,147887505.0
2020-01-21,RADL3,125.5,339626110.0
2020-01-22,RADL3,125.75,177749241.0
2020-01-23,RADL3,123.49,202896945.0
2020-01-24,RADL3,124.0,81481283.0
2020-01-27,RADL3,125.0,212156699.0
2020-01-28,RADL3,124.87,156309514.0
2020-01-29,RADL3,128.59,113649439.0
2020-01-30,RADL3,125.3,204244067.0
2020-01-31,RADL3,124.22,137097713.0
2020-02-03,RADL3,123.81,94410135.0
2020-02-04,RADL3,123.12,154314014.0
2020-02-05,RADL3,121.81,179988445.0
2020-02-06,RADL3,121.25,107313972.0
2020-02-07,RADL3,120.5,139213894.0
2020-02-10,RADL3,119.72,137541033.0
2020-02-11,RADL3,121.29,87020062.0
2020-02-12,RADL3,122.16,142997564.0
2020-02-13,RADL3,120.0,73584765.0
2020-02-14,RADL3,122.18,97853816.0
2020-02-17,RADL3,120.75,46939106.0
2020-02-18,RADL3,119.9,99263460.0
2020-02-19,RADL3,120.24,82928166.0
2020-02-20,RADL3,119.09,205385166.0
2020-02-21,RADL3,122.67,152606672.0
2020-02-26,RADL3,119.19,278729886.0
2020-02-27,RADL3,113.26,313320968.0
2020-02-28,RADL3,119.9,347056431.0
2020-03-02,RADL3,124.57,289765317.0
2020-03-03,RADL3,124.89,203042737.0
2020-03-04,RADL3,124.9,162956207.0
2020-03-05,RADL3,124.21,359753733.0
2020-03-06,RADL3,123.15,281883489.0
2020-03-09,RADL3,115.89,254452790.0
2020-03-10,RADL3,116.8,308159568.0
2020-03-11,RADL3,115.0,296792740.0
2020-03-12,RADL3,100.24,231002611.0
2020-03-13,RADL3,104.99,383998151.0
2020-03-16,RADL3,95.0,317865393.0
2020-03-17,RADL3,103.26,427110202.0
2020-03-18,RADL3,100.8,461503349.0
2020-03-19,RADL3,107.17,332481017.0
2020-03-20,RADL3,112.36,386820405.0
2020-03-23,RADL3,114.9,328121910.0
2020-03-24,RADL3,108.22,473893305.0
2020-03-25,RADL3,112.89,346529324.0
2020-03-26,RADL3,110.46,366359246.0
2020-03-27,RADL3,107.16,244279641.0
2020-03-30,RADL3,104.34,206953142.0
2020-03-31,RADL3,101.85,234055066.0
2020-04-01,RADL3,103.4,246969935.0
2020-04-02,RADL3,104.85,146807146.0
2020-05-04,RADL3,104.56,182294523.0
2020-05-05,RADL3,104.11,207202081.0
2020-05-06,RADL3,103.52,170617224.0
2020-05-07,RADL3,103.69,270456148.0
2020-05-08,RADL3,104.68,139084195.0
2020-05-11,RADL3,105.0,242156026.0
2020-05-12,RADL3,108.27,219340791.0
2020-05-13,RADL3,105.6,179547163.0
2020-05-14,RADL3,105.54,245618895.0
2020-05-15,RADL3,102.83,217882116.0
2020-05-18,RADL3,105.93,168693672.0
2020-05-19,RADL3,103.02,202336088.0
2020-05-20,RADL3,102.95,239486117.0
2020-05-21,RADL3,107.41,209939818.0
2020-05-22,RADL3,105.56,182616299.0
2020-05-25,RADL3,106.96,134893581.0
2020-05-26,RADL3,109.11,183193871.0
2020-05-27,RADL3,111.96,175210177.0
2020-05-28,RADL3,109.47,175861226.0
2020-05-29,RADL3,109.44,468245237.0
2020-06-01,RADL3,109.75,171396279.0
2020-06-02,RADL3,113.37,142887508.0
2020-06-03,RADL3,111.97,207103328.0
2020-06-04,RADL3,111.8,189871979.0
2020-06-05,RADL3,111.0,191626076.0
2020-06-08,RADL3,110.65,101707104.0
2020-06-09,RADL3,110.45,131805573.0
2020-06-10,RADL3,111.6,236987707.0
2020-06-12,RADL3,108.3,193213838.0
2020-06-15,RADL3,108.77,162771632.0
2020-06-16,RADL3,109.0,164002954.0
2020-06-17,RADL3,111.36,138174058.0
2020-06-18,RADL3,109.1,172765258.0
2020-06-19,RADL3,114.23,254746197.0
2020-06-22,RADL3,107.88,297923635.0
2020-06-23,RADL3,109.25,155487914.0
2020-06-24,RADL3,108.0,103748523.0
2020-06-25,RADL3,110.09,126471301.0
2020-06-26,RADL3,108.52,123239285.0
2020-06-29,RADL3,110.24,80389950.0
2020-06-30,RADL3,110.62,221573608.0
2020-07-01,RADL3,115.97,236725569.0
2020-07-02,RADL3,114.53,140973376.0
2020-07-03,RADL3,114.62,44018530.0
2020-07-06,RADL3,114.7,96210975.0
2020-07-07,RADL3,112.74,97729152.0
2020-07-08,RADL3,112.49,90911291.0
2020-07-09,RADL3,112.5,68620274.0
2020-07-10,RADL3,110.6,160457140.0
2020-07-13,RADL3,109.53,108918190.0
2020-07-14,RADL3,110.15,135700702.0
2020-07-15,RADL3,112.37,145329521.0
2020-07-16,RADL3,112.0,98225062.0
2020-07-17,RADL3,112.58,111930737.0
2020-07-20,RADL3,115.92,111545905.0
2020-07-21,RADL3,117.12,180511150.0
2020-07-22,RADL3,117.95,139132383.0
2020-07-23,RADL3,114.4,245752745.0
2020-07-24,RADL3,114.15,111723027.0
2020-07-27,RADL3,117.66,139364919.0
2020-07-28,RADL3,117.5,164304598.0
2020-07-29,RADL3,120.6,235239990.0
2020-07-30,RADL3,125.27,292469094.0
2020-07-31,RADL3,124.1,352769337.0
2020-09-02,RADL3,112.62,126829617.0
2020-09-03,RADL3,111.58,206881917.0
2020-09-04,RADL3,112.34,197178960.0
2020-09-08,RADL3,114.68,201029964.0
2020-09-09,RADL3,113.42,164139783.0
2020-09-10,RADL3,112.6,117936775.0
2020-09-11,RADL3,113.48,143189318.0
2020-09-14,RADL3,113.93,108445534.0
2020-09-15,RADL3,113.98,80356498.0
2020-09-16,RADL3,114.31,169763132.0
2020-09-17,RADL3,114.0,95515421.0
2020-09-18,RADL3,115.47,211867556.0
2020-09-21,RADL3,22.86,166534225.0
2020-09-22,RADL3,23.11,129634018.0
2020-09-23,RADL3,22.83,112133134.0
2020-09-24,RADL3,23.4,133896517.0
2020-09-25,RADL3,23.05,77797284.0
2020-09-28,RADL3,22.12,188287269.0
2020-09-29,RADL3,21.93,212583959.0
2020-09-30,RADL3,23.42,291534185.0
2020-10-01,RADL3,24.09,191331823.0
2020-10-02,RADL3,23.9,145262361.0
2020-10-05,RADL3,24.56,189615301.0
2020-10-06,RADL3,24.64,150980344.0
2020-10-07,RADL3,24.91,233354508.0
2020-10-08,RADL3,25.32,129860631.0
2020-10-09,RADL3,25.25,137927934.0
2020-10-13,RADL3,25.69,196549705.0
2020-10-14,RADL3,26.39,198478378.0
2020-10-15,RADL3,25.99,238603657.0
2020-10-16,RADL3,25.91,173099705.0
2020-10-19,RADL3,25.29,201601891.0
2020-10-20,RADL3,26.2,154746613.0
2020-10-21,RADL3,26.16,141354310.0
2020-10-22,RADL3,25.64,204321509.0
2020-10-23,RADL3,25.68,114418886.0
2020-10-26,RADL3,25.57,129494793.0
2020-10-27,RADL3,26.08,180680936.0
2020-10-28,RADL3,24.2,304946768.0
2020-10-29,RADL3,24.39,134539843.0
2020-10-30,RADL3,24.06,165778781.0
2020-11-03,RADL3,23.5,203835999.0
2020-11-04,RADL3,24.49,94792946.0
2020-11-05,RADL3,25.58,166930376.0
2020-11-06,RADL3,25.31,99309207.0
2020-11-09,RADL3,25.17,149410478.0
2020-11-10,RADL3,25.59,136025425.0
2020-11-11,RADL3,26.05,118468964.0
2020-11-12,RADL3,25.33,186748185.0
2020-11-13,RADL3,27.03,241212102.0
2020-11-16,RADL3,27.03,130803791.0
2020-11-17,RADL3,26.47,174928498.0
2020-11-18,RADL3,26.07,151287650.0
2020-11-19,RADL3,25.86,126813559.0
2020-11-20,RADL3,26.65,312028010.0
2020-11-23,RADL3,26.32,135069816.0
2020-11-24,RADL3,25.7,129124531.0
2020-11-25,RADL3,25.63,125839239.0
2020-11-26,RADL3,25.35,102354707.0
2020-11-27,RADL3,25.68,95201203.0
2020-11-30,RADL3,25.85,251174204.0
2020-12-01,RADL3,24.98,283386668.0
2020-12-02,RADL3,24.33,206173922.0
2019-01-04,RAIL3,17.2,131386375.0
2019-01-07,RAIL3,16.9,94597792.0
2019-01-08,RAIL3,17.12,137581382.0
2019-01-09,RAIL3,17.2,118009971.0
2019-01-10,RAIL3,17.47,74443223.0
2019-01-11,RAIL3,17.42,91319099.0
2019-01-14,RAIL3,18.0,222500643.0
2019-01-15,RAIL3,17.85,111368861.0
2019-01-16,RAIL3,18.22,149912273.0
2019-01-17,RAIL3,18.81,242962942.0
2019-01-18,RAIL3,18.57,445951975.0
2019-01-21,RAIL3,18.6,55948546.0
2019-01-22,RAIL3,18.6,81194584.0
2019-01-23,RAIL3,18.66,105471514.0
2019-01-24,RAIL3,19.31,204441345.0
2019-01-28,RAIL3,19.75,198222736.0
2019-01-29,RAIL3,19.55,185583986.0
2019-01-30,RAIL3,19.78,139757307.0
2019-01-31,RAIL3,19.65,197303512.0
2019-02-01,RAIL3,19.34,211170348.0
2019-02-04,RAIL3,19.34,188764387.0
2019-02-05,RAIL3,19.51,99438863.0
2019-02-06,RAIL3,18.96,199869899.0
2019-02-07,RAIL3,18.82,122018015.0
2019-02-08,RAIL3,19.44,150115928.0
2019-02-11,RAIL3,19.3,94342926.0
2019-02-12,RAIL3,19.6,206674723.0
2019-02-13,RAIL3,19.06,553641466.0
2019-02-14,RAIL3,19.64,124078235.0
2019-02-15,RAIL3,19.77,163848157.0
2019-02-18,RAIL3,19.87,71910415.0
2019-02-19,RAIL3,19.63,130849418.0
2019-02-20,RAIL3,19.41,168854444.0
2019-02-21,RAIL3,19.44,124911808.0
2019-02-22,RAIL3,19.7,103221909.0
2019-02-25,RAIL3,19.33,168422864.0
2019-02-26,RAIL3,19.31,134615852.0
2019-02-27,RAIL3,19.2,134910929.0
2019-02-28,RAIL3,19.46,176779005.0
2019-03-01,RAIL3,19.1,174756523.0
2019-03-06,RAIL3,19.27,110561875.0
2019-03-07,RAIL3,19.43,167916888.0
2019-03-08,RAIL3,19.72,199008768.0
2019-03-11,RAIL3,19.78,118364579.0
2019-03-12,RAIL3,19.78,76207175.0
2019-03-13,RAIL3,20.16,368363602.0
2019-03-14,RAIL3,20.3,81855563.0
2019-03-15,RAIL3,20.54,155334212.0
2019-03-18,RAIL3,20.46,130699326.0
2019-03-19,RAIL3,19.46,549739655.0
2019-03-20,RAIL3,19.35,368040265.0
2019-03-21,RAIL3,19.3,255088717.0
2019-03-22,RAIL3,18.52,187558769.0
2019-03-25,RAIL3,18.55,128460534.0
2019-03-26,RAIL3,18.43,225295493.0
2019-03-27,RAIL3,17.95,177377067.0
2019-03-28,RAIL3,18.64,252133962.0
2019-03-29,RAIL3,19.15,324328562.0
2019-04-01,RAIL3,18.73,166252324.0
2019-04-02,RAIL3,19.16,152023129.0
2019-05-03,RAIL3,17.65,119707792.0
2019-05-06,RAIL3,17.61,121784424.0
2019-05-07,RAIL3,17.6,93964623.0
2019-05-08,RAIL3,17.63,154511937.0
2019-05-09,RAIL3,17.35,143865758.0
2019-05-10,RAIL3,17.28,114974502.0
2019-05-13,RAIL3,17.11,135053498.0
2019-05-14,RAIL3,17.15,160933680.0
2019-05-15,RAIL3,16.94,203156893.0
2019-05-16,RAIL3,16.72,162595495.0
2019-05-17,RAIL3,16.9,141848236.0
2019-05-20,RAIL3,17.1,98014737.0
2019-05-21,RAIL3,17.49,185995766.0
2019-05-22,RAIL3,17.59,119356359.0
2019-05-23,RAIL3,17.81,118457139.0
2019-05-24,RAIL3,18.1,89963959.0
2019-05-27,RAIL3,18.3,56448860.0
2019-05-28,RAIL3,18.51,218712649.0
2019-05-29,RAIL3,19.17,204619666.0
2019-05-30,RAIL3,19.36,162583855.0
2019-05-31,RAIL3,19.36,149567751.0
2019-06-03,RAIL3,19.52,121651991.0
2019-06-04,RAIL3,19.3,127022085.0
2019-06-05,RAIL3,18.94,99578695.0
2019-06-06,RAIL3,19.04,128793436.0
2019-06-07,RAIL3,19.1,170424831.0
2019-06-10,RAIL3,19.13,85301299.0
2019-06-11,RAIL3,19.28,131070268.0
2019-06-12,RAIL3,19.3,133792614.0
2019-06-13,RAIL3,19.84,199712852.0
2019-06-14,RAIL3,19.77,105072544.0
2019-06-17,RAIL3,19.31,163326094.0
2019-06-18,RAIL3,19.75,199323988.0
2019-06-19,RAIL3,20.48,194419527.0
2019-06-21,RAIL3,20.88,289537353.0
2019-06-24,RAIL3,20.75,223440571.0
2019-06-25,RAIL3,20.29,139826574.0
2019-06-26,RAIL3,20.0,85582848.0
2019-06-27,RAIL3,20.4,219333070.0
2019-06-28,RAIL3,20.73,238410042.0
2019-07-01,RAIL3,20.65,126823272.0
2019-07-02,RAIL3,20.65,259483576.0
2019-07-03,RAIL3,21.19,109498374.0
2019-07-04,RAIL3,21.42,103705618.0
2019-07-05,RAIL3,21.59,164545560.0
2019-07-08,RAIL3,21.7,128716358.0
2019-07-10,RAIL3,21.97,225775516.0
2019-07-11,RAIL3,21.7,181851530.0
2019-07-12,RAIL3,21.49,132562394.0
2019-07-15,RAIL3,21.66,127354356.0
2019-07-16,RAIL3,21.76,118407107.0
2019-07-17,RAIL3,22.01,104533753.0
2019-07-18,RAIL3,22.46,115373069.0
2019-07-19,RAIL3,22.38,108592890.0
2019-07-22,RAIL3,22.27,142147483.0
2019-07-23,RAIL3,22.16,154730310.0
2019-07-24,RAIL3,22.21,134252265.0
2019-07-25,RAIL3,21.91,174277606.0
2019-07-26,RAIL3,22.12,99053265.0
2019-07-29,RAIL3,22.16,59845879.0
2019-07-30,RAIL3,22.1,108045820.0
2019-07-31,RAIL3,21.92,222879506.0
2019-08-01,RAIL3,21.65,197304854.0
2019-08-02,RAIL3,21.95,198967411.0
2019-09-02,RAIL3,22.76,204105781.0
2019-09-03,RAIL3,22.38,188310884.0
2019-09-04,RAIL3,22.88,146291413.0
2019-09-05,RAIL3,23.24,190479076.0
2019-09-06,RAIL3,23.32,133671898.0
2019-09-09,RAIL3,23.16,250877360.0
2019-09-10,RAIL3,23.18,161556697.0
2019-09-11,RAIL3,23.58,196467130.0
2019-09-12,RAIL3,23.75,120182921.0
2019-09-13,RAIL3,23.49,84310657.0
2019-09-16,RAIL3,23.02,140817605.0
2019-09-17,RAIL3,23.12,153477587.0
2019-09-18,RAIL3,23.56,89948541.0
2019-09-19,RAIL3,23.51,111012374.0
2019-09-20,RAIL3,24.02,218702277.0
2019-09-23,RAIL3,23.92,95543437.0
2019-09-24,RAIL3,23.59,113589354.0
2019-09-25,RAIL3,23.66,112631218.0
2019-09-26,RAIL3,23.6,76576661.0
2019-09-27,RAIL3,23.91,142462246.0
2019-09-30,RAIL3,24.5,256588769.0
2019-10-01,RAIL3,24.5,233685149.0
2019-10-02,RAIL3,23.87,173843159.0
2019-10-03,RAIL3,24.25,136881511.0
2019-10-04,RAIL3,24.49,155952385.0
2019-10-07,RAIL3,23.89,131627397.0
2019-10-08,RAIL3,23.86,304910619.0
2019-10-09,RAIL3,23.95,60979243.0
2019-10-10,RAIL3,23.64,251521710.0
2019-10-11,RAIL3,24.17,131131180.0
2019-10-14,RAIL3,24.25,155073215.0
2019-10-15,RAIL3,23.69,236046427.0
2019-10-16,RAIL3,23.47,173196373.0
2019-10-17,RAIL3,23.1,186038722.0
2019-10-18,RAIL3,22.98,153927055.0
2019-10-21,RAIL3,22.98,108671170.0
2019-10-22,RAIL3,23.0,128091911.0
2019-10-23,RAIL3,23.0,113486601.0
2019-10-24,RAIL3,22.65,281009709.0
2019-10-25,RAIL3,22.82,244456671.0
2019-10-28,RAIL3,22.85,91008739.0
2019-10-29,RAIL3,22.92,161641056.0
2019-10-30,RAIL3,23.1,108062845.0
2019-10-31,RAIL3,22.8,85459807.0
2019-11-01,RAIL3,22.91,130067851.0
2019-11-04,RAIL3,22.78,459395571.0
2019-11-05,RAIL3,22.97,209572392.0
2019-11-06,RAIL3,23.56,161167176.0
2019-11-07,RAIL3,23.78,102076478.0
2019-11-08,RAIL3,23.49,120878579.0
2019-11-11,RAIL3,23.82,85697603.0
2019-11-12,RAIL3,23.05,244376990.0
2019-11-13,RAIL3,23.25,249285724.0
2019-11-14,RAIL3,24.02,130710288.0
2019-11-18,RAIL3,23.81,118242088.0
2019-11-19,RAIL3,23.8,96457364.0
2019-11-21,RAIL3,24.04,192331065.0
2019-11-22,RAIL3,24.19,155492047.0
2019-11-25,RAIL3,24.17,87965459.0
2019-11-26,RAIL3,24.14,171133898.0
2019-11-27,RAIL3,24.15,173764967.0
2019-11-28,RAIL3,23.91,151101361.0
2019-11-29,RAIL3,24.43,183104029.0
2019-12-02,RAIL3,25.19,220613951.0
2020-01-02,RAIL3,26.4,549334990.0
2020-01-03,RAIL3,25.63,323674978.0
2020-01-06,RAIL3,24.9,516017635.0
2020-01-07,RAIL3,25.27,260900434.0
2020-01-08,RAIL3,25.6,622994674.0
2020-01-09,RAIL3,25.93,166468398.0
2020-01-10,RAIL3,25.67,181030303.0
2020-01-13,RAIL3,25.95,132293055.0
2020-01-14,RAIL3,25.8,99737877.0
2020-01-15,RAIL3,24.97,253024847.0
2020-01-16,RAIL3,24.34,402309050.0
2020-01-17,RAIL3,24.3,206621992.0
2020-01-20,RAIL3,24.69,114851062.0
2020-01-21,RAIL3,24.23,153110438.0
2020-01-22,RAIL3,24.32,90387053.0
2020-01-23,RAIL3,24.79,267697671.0
2020-01-24,RAIL3,24.33,120211010.0
2020-01-27,RAIL3,23.9,191762952.0
2020-01-28,RAIL3,23.9,113800633.0
2020-01-29,RAIL3,23.65,131760575.0
2020-01-30,RAIL3,23.22,201007773.0
2020-01-31,RAIL3,23.2,219908926.0
2020-02-03,RAIL3,23.26,134783132.0
2020-02-04,RAIL3,23.73,182435554.0
2020-02-05,RAIL3,23.7,213061486.0
2020-02-06,RAIL3,23.56,88113571.0
2020-02-07,RAIL3,23.2,75305539.0
2020-02-10,RAIL3,22.7,112793652.0
2020-02-11,RAIL3,23.75,172328036.0
2020-02-12,RAIL3,24.44,216681351.0
2020-02-13,RAIL3,23.8,143649716.0
2020-02-14,RAIL3,23.02,301712186.0
2020-02-17,RAIL3,22.72,91523757.0
2020-02-18,RAIL3,23.19,146744763.0
2020-02-19,RAIL3,24.07,214698536.0
2020-02-20,RAIL3,24.13,174678067.0
2020-02-21,RAIL3,23.89,174742505.0
2020-02-26,RAIL3,21.98,255913874.0
2020-02-27,RAIL3,21.36,340600095.0
2020-02-28,RAIL3,21.12,353766497.0
2020-03-02,RAIL3,21.71,200954738.0
2020-03-03,RAIL3,21.03,308425768.0
2020-03-04,RAIL3,21.29,266289105.0
2020-03-05,RAIL3,20.9,352312210.0
2020-03-06,RAIL3,19.3,472086588.0
2020-03-09,RAIL3,17.35,524358644.0
2020-03-10,RAIL3,18.55,654302027.0
2020-03-11,RAIL3,17.12,246428247.0
2020-03-12,RAIL3,14.29,225931770.0
2020-03-13,RAIL3,17.45,300138296.0
2020-03-16,RAIL3,14.56,264516271.0
2020-03-17,RAIL3,16.6,582733845.0
2020-03-18,RAIL3,15.32,553797728.0
2020-03-19,RAIL3,18.0,562831984.0
2020-03-20,RAIL3,18.41,341183687.0
2020-03-23,RAIL3,17.6,260792504.0
2020-03-24,RAIL3,19.01,271328320.0
2020-03-25,RAIL3,19.55,328861013.0
2020-03-26,RAIL3,21.03,320203053.0
2020-03-27,RAIL3,19.15,279260365.0
2020-03-30,RAIL3,19.8,310989675.0
2020-03-31,RAIL3,19.65,218522519.0
2020-04-01,RAIL3,19.56,215673514.0
2020-04-02,RAIL3,20.34,213744322.0
2020-05-04,RAIL3,19.7,125217689.0
2020-05-05,RAIL3,19.65,119806196.0
2020-05-06,RAIL3,20.14,154499801.0
2020-05-07,RAIL3,19.65,320785708.0
2020-05-08,RAIL3,20.3,154248787.0
2020-05-11,RAIL3,19.97,84121232.0
2020-05-12,RAIL3,19.52,90093899.0
2020-05-13,RAIL3,19.6,109753870.0
2020-05-14,RAIL3,20.54,216926659.0
2020-05-15,RAIL3,19.66,185981561.0
2020-05-18,RAIL3,20.84,168245329.0
2020-05-19,RAIL3,20.12,101071142.0
2020-05-20,RAIL3,20.33,111717368.0
2020-05-21,RAIL3,20.61,112696188.0
2020-05-22,RAIL3,20.89,163547261.0
2020-05-25,RAIL3,21.3,140898020.0
2020-05-26,RAIL3,21.41,207435827.0
2020-05-27,RAIL3,23.45,306472760.0
2020-05-28,RAIL3,23.17,271169329.0
2020-05-29,RAIL3,22.53,441563035.0
2020-06-01,RAIL3,22.62,173051698.0
2020-06-02,RAIL3,22.65,166340034.0
2020-06-03,RAIL3,23.15,178041025.0
2020-06-04,RAIL3,22.36,272141712.0
2020-06-05,RAIL3,23.11,415847410.0
2020-06-08,RAIL3,24.17,258082116.0
2020-06-09,RAIL3,24.31,149619556.0
2020-06-10,RAIL3,24.17,271698390.0
2020-06-12,RAIL3,24.07,206843151.0
2020-06-15,RAIL3,23.53,161631021.0
2020-06-16,RAIL3,23.67,183872437.0
2020-06-17,RAIL3,24.1,374098814.0
2020-06-18,RAIL3,23.46,155146286.0
2020-06-19,RAIL3,23.83,322797660.0
2020-06-22,RAIL3,23.39,107663221.0
2020-06-23,RAIL3,23.8,140533684.0
2020-06-24,RAIL3,23.08,196608081.0
2020-06-25,RAIL3,23.41,119397262.0
2020-06-26,RAIL3,22.79,138145115.0
2020-06-29,RAIL3,22.68,155174780.0
2020-06-30,RAIL3,22.49,252097923.0
2020-07-01,RAIL3,22.97,211710730.0
2020-07-02,RAIL3,22.46,167941030.0
2020-07-03,RAIL3,22.49,62961413.0
2020-07-06,RAIL3,23.28,301560544.0
2020-07-07,RAIL3,23.2,120198491.0
2020-07-08,RAIL3,23.13,198283332.0
2020-07-09,RAIL3,22.85,153011445.0
2020-07-10,RAIL3,22.84,119333761.0
2020-07-13,RAIL3,22.23,125770559.0
2020-07-14,RAIL3,22.24,164753333.0
2020-07-15,RAIL3,22.64,166210743.0
2020-07-16,RAIL3,22.65,227182229.0
2020-07-17,RAIL3,23.47,217827449.0
2020-07-20,RAIL3,23.92,193350217.0
2020-07-21,RAIL3,23.52,306794402.0
2020-07-22,RAIL3,23.22,261541051.0
2020-07-23,RAIL3,22.75,128256659.0
2020-07-24,RAIL3,22.3,132219623.0
2020-07-27,RAIL3,22.73,190359143.0
2020-07-28,RAIL3,22.81,177975485.0
2020-07-29,RAIL3,22.45,114371530.0
2020-07-30,RAIL3,22.73,143733465.0
2020-07-31,RAIL3,22.22,149866193.0
2020-09-02,RAIL3,22.16,145804889.0
2020-09-03,RAIL3,22.18,275055876.0
2020-09-04,RAIL3,22.34,473886029.0
2020-09-08,RAIL3,22.06,151514032.0
2020-09-09,RAIL3,22.08,167184044.0
2020-09-10,RAIL3,21.45,150152426.0
2020-09-11,RAIL3,21.02,194457273.0
2020-09-14,RAIL3,21.49,122437229.0
2020-09-15,RAIL3,21.29,188841036.0
2020-09-16,RAIL3,21.5,196188153.0
2020-09-17,RAIL3,21.78,130033420.0
2020-09-18,RAIL3,21.35,218305607.0
2020-09-21,RAIL3,20.44,176001559.0
2020-09-22,RAIL3,20.61,200359438.0
2020-09-23,RAIL3,20.79,168237205.0
2020-09-24,RAIL3,20.7,130486859.0
2020-09-25,RAIL3,20.84,81555371.0
2020-09-28,RAIL3,19.89,161835760.0
2020-09-29,RAIL3,19.14,271634377.0
2020-09-30,RAIL3,19.06,293914709.0
2020-10-01,RAIL3,19.53,258751444.0
2020-10-02,RAIL3,18.95,137554752.0
2020-10-05,RAIL3,18.87,118765900.0
2020-10-06,RAIL3,18.8,321549085.0
2020-10-07,RAIL3,18.43,152286581.0
2020-10-08,RAIL3,18.47,114161615.0
2020-10-09,RAIL3,18.02,342362242.0
2020-10-13,RAIL3,17.94,201119273.0
2020-10-14,RAIL3,18.93,316390555.0
2020-10-15,RAIL3,19.0,257260719.0
2020-10-16,RAIL3,18.75,211236211.0
2020-10-19,RAIL3,18.67,130900116.0
2020-10-20,RAIL3,18.48,111229226.0
2020-10-21,RAIL3,18.35,113994995.0
2020-10-22,RAIL3,18.62,129165722.0
2020-10-23,RAIL3,18.13,112256094.0
2020-10-26,RAIL3,18.02,113036788.0
2020-10-27,RAIL3,18.05,162943725.0
2020-10-28,RAIL3,17.53,146944087.0
2020-10-29,RAIL3,18.33,207499005.0
2020-10-30,RAIL3,18.34,257099320.0
2020-11-03,RAIL3,18.36,211115565.0
2020-11-04,RAIL3,19.04,145563318.0
2020-11-05,RAIL3,19.86,223623660.0
2020-11-06,RAIL3,19.21,183656320.0
2020-11-09,RAIL3,20.45,386639734.0
2020-11-10,RAIL3,20.07,239050267.0
2020-11-11,RAIL3,20.04,240508453.0
2020-11-12,RAIL3,19.0,387885304.0
2020-11-13,RAIL3,19.3,202623410.0
2020-11-16,RAIL3,18.93,204352135.0
2020-11-17,RAIL3,18.8,240734244.0
2020-11-18,RAIL3,18.37,178702604.0
2020-11-19,RAIL3,18.6,152419991.0
2020-11-20,RAIL3,18.5,135571215.0
2020-11-23,RAIL3,19.2,242155808.0
2020-11-24,RAIL3,18.94,412414629.0
2020-11-25,RAIL3,19.16,190256856.0
2020-11-26,RAIL3,19.46,87870487.0
2020-11-27,RAIL3,19.37,109443988.0
2020-11-30,RAIL3,18.96,231682776.0
2020-12-01,RAIL3,19.67,313287174.0
2020-12-02,RAIL3,20.0,265849691.0
2019-01-04,RENT3,30.05,132468453.0
2019-01-07,RENT3,29.49,108394602.0
2019-01-08,RENT3,29.51,151032407.0
2019-01-09,RENT3,30.2,94493795.0
2019-01-10,RENT3,30.05,145854243.0
2019-01-11,RENT3,29.48,121083506.0
2019-01-14,RENT3,29.37,118859746.0
2019-01-15,RENT3,28.83,178545261.0
2019-01-16,RENT3,29.04,217486857.0
2019-01-17,RENT3,30.86,453358018.0
2019-01-18,RENT3,31.18,151640839.0
2019-01-21,RENT3,32.3,272771924.0
2019-01-22,RENT3,31.8,182975026.0
2019-01-23,RENT3,32.08,102987522.0
2019-01-24,RENT3,32.22,133375286.0
2019-01-28,RENT3,32.01,144426026.0
2019-01-29,RENT3,31.9,156452954.0
2019-01-30,RENT3,33.2,170117136.0
2019-01-31,RENT3,33.3,158874670.0
2019-02-01,RENT3,32.8,396745475.0
2019-02-04,RENT3,32.85,317733381.0
2019-02-05,RENT3,32.2,241835859.0
2019-02-06,RENT3,31.36,282066714.0
2019-02-07,RENT3,31.76,440481039.0
2019-02-08,RENT3,33.28,269696204.0
2019-02-11,RENT3,32.71,200143867.0
2019-02-12,RENT3,33.27,244115111.0
2019-02-13,RENT3,33.46,261623268.0
2019-02-14,RENT3,34.39,239365693.0
2019-02-15,RENT3,34.18,112660643.0
2019-02-18,RENT3,34.29,104428400.0
2019-02-19,RENT3,34.17,172491459.0
2019-02-20,RENT3,33.57,155570052.0
2019-02-21,RENT3,34.0,137589857.0
2019-02-22,RENT3,34.67,186226825.0
2019-02-25,RENT3,34.84,209524447.0
2019-02-26,RENT3,35.1,117119866.0
2019-02-27,RENT3,34.61,113234870.0
2019-02-28,RENT3,34.55,153522024.0
2019-03-01,RENT3,33.6,197168929.0
2019-03-06,RENT3,33.75,133628457.0
2019-03-07,RENT3,33.12,127190410.0
2019-03-08,RENT3,33.85,113770947.0
2019-03-11,RENT3,35.19,201389984.0
2019-03-12,RENT3,34.98,93504602.0
2019-03-13,RENT3,34.35,252360787.0
2019-03-14,RENT3,34.66,130871205.0
2019-03-15,RENT3,34.4,168501569.0
2019-03-18,RENT3,34.6,126769696.0
2019-03-19,RENT3,34.25,150033749.0
2019-03-20,RENT3,33.6,142431129.0
2019-03-21,RENT3,33.14,133453998.0
2019-03-22,RENT3,32.23,174744225.0
2019-03-25,RENT3,32.37,85826690.0
2019-03-26,RENT3,32.62,108106072.0
2019-03-27,RENT3,31.39,176392741.0
2019-03-28,RENT3,32.39,161889838.0
2019-03-29,RENT3,33.06,122368540.0
2019-04-01,RENT3,33.04,83982481.0
2019-04-02,RENT3,33.15,129330823.0
2019-05-03,RENT3,35.85,120321813.0
2019-05-06,RENT3,35.3,78267324.0
2019-05-07,RENT3,35.03,147789883.0
2019-05-08,RENT3,36.7,153011465.0
2019-05-09,RENT3,36.32,88698119.0
2019-05-10,RENT3,36.74,89977047.0
2019-05-13,RENT3,35.0,231254298.0
2019-05-14,RENT3,35.97,114838772.0
2019-05-15,RENT3,35.99,127179823.0
2019-05-16,RENT3,35.7,174944866.0
2019-05-17,RENT3,34.86,163020456.0
2019-05-20,RENT3,36.4,167255155.0
2019-05-21,RENT3,36.31,90030607.0
2019-05-22,RENT3,36.0,71206239.0
2019-05-23,RENT3,36.36,69936185.0
2019-05-24,RENT3,36.35,100554933.0
2019-05-27,RENT3,37.22,119400344.0
2019-05-28,RENT3,37.83,232577914.0
2019-05-29,RENT3,38.13,149789606.0
2019-05-30,RENT3,38.16,139778131.0
2019-05-31,RENT3,38.04,118611645.0
2019-06-03,RENT3,38.28,128477746.0
2019-06-04,RENT3,38.0,124451302.0
2019-06-05,RENT3,37.55,107057014.0
2019-06-06,RENT3,38.3,318162483.0
2019-06-07,RENT3,38.8,72830288.0
2019-06-10,RENT3,38.73,89731805.0
2019-06-11,RENT3,39.3,144341990.0
2019-06-12,RENT3,38.99,319304003.0
2019-06-13,RENT3,39.42,214561812.0
2019-06-14,RENT3,39.38,86615955.0
2019-06-17,RENT3,39.75,175811616.0
2019-06-18,RENT3,40.12,157071535.0
2019-06-19,RENT3,40.96,175637208.0
2019-06-21,RENT3,40.9,158830971.0
2019-06-24,RENT3,41.57,58016884.0
2019-06-25,RENT3,40.29,148968190.0
2019-06-26,RENT3,40.34,123745736.0
2019-06-27,RENT3,40.27,120724040.0
2019-06-28,RENT3,40.98,114793276.0
2019-07-01,RENT3,40.8,95905931.0
2019-07-02,RENT3,41.09,127008079.0
2019-07-03,RENT3,41.81,152381430.0
2019-07-04,RENT3,42.65,125683805.0
2019-07-05,RENT3,42.88,146918129.0
2019-07-08,RENT3,43.5,173060827.0
2019-07-10,RENT3,44.13,211793776.0
2019-07-11,RENT3,43.11,202108841.0
2019-07-12,RENT3,42.25,309021089.0
2019-07-15,RENT3,41.98,189595788.0
2019-07-16,RENT3,43.0,162392211.0
2019-07-17,RENT3,43.19,224773544.0
2019-07-18,RENT3,43.6,78215134.0
2019-07-19,RENT3,42.86,77062810.0
2019-07-22,RENT3,43.07,135035457.0
2019-07-23,RENT3,42.5,111785756.0
2019-07-24,RENT3,43.22,168427005.0
2019-07-25,RENT3,43.3,133767646.0
2019-07-26,RENT3,43.23,95779167.0
2019-07-29,RENT3,43.8,66272329.0
2019-07-30,RENT3,44.0,99090153.0
2019-07-31,RENT3,44.0,171282208.0
2019-08-01,RENT3,44.88,292699583.0
2019-08-02,RENT3,45.71,295073117.0
2019-09-02,RENT3,46.9,85785076.0
2019-09-03,RENT3,46.56,183974624.0
2019-09-04,RENT3,47.18,122319887.0
2019-09-05,RENT3,47.25,149896749.0
2019-09-06,RENT3,46.83,90512730.0
2019-09-09,RENT3,45.52,283499030.0
2019-09-10,RENT3,44.89,433538074.0
2019-09-11,RENT3,45.65,207549823.0
2019-09-12,RENT3,45.45,150057079.0
2019-09-13,RENT3,43.84,384916203.0
2019-09-16,RENT3,44.24,192962880.0
2019-09-17,RENT3,44.5,238052958.0
2019-09-18,RENT3,45.13,222004239.0
2019-09-19,RENT3,45.87,236516069.0
2019-09-20,RENT3,45.97,238463893.0
2019-09-23,RENT3,44.44,243749219.0
2019-09-24,RENT3,43.6,237322093.0
2019-09-25,RENT3,44.64,187093072.0
2019-09-26,RENT3,44.37,89243506.0
2019-09-27,RENT3,44.16,92484116.0
2019-09-30,RENT3,45.46,214617212.0
2019-10-01,RENT3,44.41,206541140.0
2019-10-02,RENT3,42.7,266581153.0
2019-10-03,RENT3,43.14,343419271.0
2019-10-04,RENT3,43.85,130900427.0
2019-10-07,RENT3,43.2,120194887.0
2019-10-08,RENT3,42.95,144828621.0
2019-10-09,RENT3,43.08,76139074.0
2019-10-10,RENT3,42.07,258691777.0
2019-10-11,RENT3,43.3,234374422.0
2019-10-14,RENT3,44.06,88648379.0
2019-10-15,RENT3,44.91,186456812.0
2019-10-16,RENT3,44.29,256189492.0
2019-10-17,RENT3,44.24,94802568.0
2019-10-18,RENT3,44.93,96162652.0
2019-10-21,RENT3,44.6,156758930.0
2019-10-22,RENT3,44.69,174850251.0
2019-10-23,RENT3,44.38,213303535.0
2019-10-24,RENT3,41.64,1077862978.0
2019-10-25,RENT3,41.77,655866780.0
2019-10-28,RENT3,41.43,238383048.0
2019-10-29,RENT3,41.43,253560464.0
2019-10-30,RENT3,42.93,281092182.0
2019-10-31,RENT3,43.18,205238214.0
2019-11-01,RENT3,43.3,261796799.0
2019-11-04,RENT3,42.25,263460326.0
2019-11-05,RENT3,42.18,224784697.0
2019-11-06,RENT3,42.19,227156540.0
2019-11-07,RENT3,42.35,352481502.0
2019-11-08,RENT3,41.55,178212169.0
2019-11-11,RENT3,42.13,177194182.0
2019-11-12,RENT3,41.29,199482856.0
2019-11-13,RENT3,41.16,181261075.0
2019-11-14,RENT3,41.75,135902230.0
2019-11-18,RENT3,41.15,152129714.0
2019-11-19,RENT3,41.02,181055986.0
2019-11-21,RENT3,43.32,229707999.0
2019-11-22,RENT3,44.27,199497183.0
2019-11-25,RENT3,44.06,172701425.0
2019-11-26,RENT3,43.52,263651464.0
2019-11-27,RENT3,43.27,87911553.0
2019-11-28,RENT3,44.75,180414722.0
2019-11-29,RENT3,45.04,147414106.0
2019-12-02,RENT3,44.56,148393718.0
2020-01-02,RENT3,49.62,151286984.0
2020-01-03,RENT3,48.9,247715300.0
2020-01-06,RENT3,48.33,177700942.0
2020-01-07,RENT3,48.8,211315620.0
2020-01-08,RENT3,48.56,173652807.0
2020-01-09,RENT3,48.82,153661971.0
2020-01-10,RENT3,47.85,217948150.0
2020-01-13,RENT3,48.0,301087516.0
2020-01-14,RENT3,48.2,269269430.0
2020-01-15,RENT3,48.21,473657917.0
2020-01-16,RENT3,49.15,274699078.0
2020-01-17,RENT3,49.49,131643926.0
2020-01-20,RENT3,49.6,203444460.0
2020-01-21,RENT3,49.2,140642980.0
2020-01-22,RENT3,49.83,118026116.0
2020-01-23,RENT3,51.74,373347025.0
2020-01-24,RENT3,51.41,228109306.0
2020-01-27,RENT3,51.44,197460112.0
2020-01-28,RENT3,52.9,240872267.0
2020-01-29,RENT3,54.25,314118061.0
2020-01-30,RENT3,53.83,314483378.0
2020-01-31,RENT3,53.63,252909856.0
2020-02-03,RENT3,54.46,304020167.0
2020-02-04,RENT3,55.0,180943707.0
2020-02-05,RENT3,55.52,198745385.0
2020-02-06,RENT3,53.84,230304213.0
2020-02-07,RENT3,52.93,256622414.0
2020-02-10,RENT3,52.32,231254839.0
2020-02-11,RENT3,54.1,191778949.0
2020-02-12,RENT3,55.48,305284170.0
2020-02-13,RENT3,55.02,176141218.0
2020-02-14,RENT3,55.0,135045187.0
2020-02-17,RENT3,55.23,217083879.0
2020-02-18,RENT3,55.3,158992898.0
2020-02-19,RENT3,55.05,236538510.0
2020-02-20,RENT3,54.72,190068971.0
2020-02-21,RENT3,54.4,166149926.0
2020-02-26,RENT3,50.63,321610211.0
2020-02-27,RENT3,49.35,326056332.0
2020-02-28,RENT3,49.54,590244857.0
2020-03-02,RENT3,49.85,356884917.0
2020-03-03,RENT3,49.66,419374566.0
2020-03-04,RENT3,50.8,305396186.0
2020-03-05,RENT3,48.25,422225630.0
2020-03-06,RENT3,45.05,637743082.0
2020-03-09,RENT3,39.8,699599305.0
2020-03-10,RENT3,41.95,673633593.0
2020-03-11,RENT3,38.96,567281201.0
2020-03-12,RENT3,33.0,394790729.0
2020-03-13,RENT3,36.0,571016723.0
2020-03-16,RENT3,27.5,391602195.0
2020-03-17,RENT3,27.7,631740885.0
2020-03-18,RENT3,23.87,556376329.0
2020-03-19,RENT3,26.08,389090454.0
2020-03-20,RENT3,27.55,437470185.0
2020-03-23,RENT3,24.1,319916729.0
2020-03-24,RENT3,27.18,467312001.0
2020-03-25,RENT3,34.47,286950419.0
2020-03-26,RENT3,34.69,522260054.0
2020-03-27,RENT3,31.32,388676878.0
2020-03-30,RENT3,28.7,319741045.0
2020-03-31,RENT3,26.3,304648796.0
2020-04-01,RENT3,23.7,297599199.0
2020-04-02,RENT3,26.14,255543983.0
2020-05-04,RENT3,33.41,219168127.0
2020-05-05,RENT3,33.63,226371970.0
2020-05-06,RENT3,32.5,273127557.0
2020-05-07,RENT3,29.77,576871322.0
2020-05-08,RENT3,29.65,260833178.0
2020-05-11,RENT3,28.1,398249987.0
2020-05-12,RENT3,27.51,528656208.0
2020-05-13,RENT3,27.31,258388957.0
2020-05-14,RENT3,29.29,381942133.0
2020-05-15,RENT3,30.2,744016947.0
2020-05-18,RENT3,33.51,446437729.0
2020-05-19,RENT3,35.07,583598085.0
2020-05-20,RENT3,35.3,385273541.0
2020-05-21,RENT3,36.29,438905422.0
2020-05-22,RENT3,36.19,304253003.0
2020-05-25,RENT3,36.7,240842040.0
2020-05-26,RENT3,36.88,277777533.0
2020-05-27,RENT3,39.1,317356694.0
2020-05-28,RENT3,37.32,334789016.0
2020-05-29,RENT3,38.48,378202561.0
2020-06-01,RENT3,37.61,369500031.0
2020-06-02,RENT3,38.25,371941513.0
2020-06-03,RENT3,41.02,562875552.0
2020-06-04,RENT3,40.0,411061615.0
2020-06-05,RENT3,40.84,466799195.0
2020-06-08,RENT3,43.2,350880534.0
2020-06-09,RENT3,42.9,220541821.0
2020-06-10,RENT3,41.1,297629758.0
2020-06-12,RENT3,40.29,432337351.0
2020-06-15,RENT3,40.7,329448898.0
2020-06-16,RENT3,40.17,283923538.0
2020-06-17,RENT3,40.83,384625513.0
2020-06-18,RENT3,41.21,174397436.0
2020-06-19,RENT3,41.9,530394983.0
2020-06-22,RENT3,41.24,203719687.0
2020-06-23,RENT3,41.76,171735447.0
2020-06-24,RENT3,40.98,245417850.0
2020-06-25,RENT3,41.45,165495559.0
2020-06-26,RENT3,40.25,263842264.0
2020-06-29,RENT3,41.21,162479587.0
2020-06-30,RENT3,40.91,244642157.0
2020-07-01,RENT3,42.35,303419271.0
2020-07-02,RENT3,42.39,214515507.0
2020-07-03,RENT3,42.7,106281160.0
2020-07-06,RENT3,43.25,258607666.0
2020-07-07,RENT3,44.01,306735101.0
2020-07-08,RENT3,44.42,268318049.0
2020-07-09,RENT3,43.33,227661103.0
2020-07-10,RENT3,43.54,154826808.0
2020-07-13,RENT3,42.1,199040184.0
2020-07-14,RENT3,43.9,281451501.0
2020-07-15,RENT3,44.74,202759211.0
2020-07-16,RENT3,44.59,141188969.0
2020-07-17,RENT3,45.95,289475968.0
2020-07-20,RENT3,46.21,260588041.0
2020-07-21,RENT3,46.89,266282113.0
2020-07-22,RENT3,46.39,363225343.0
2020-07-23,RENT3,45.88,378354085.0
2020-07-24,RENT3,44.7,320927170.0
2020-07-27,RENT3,45.41,292035421.0
2020-07-28,RENT3,44.89,325458907.0
2020-07-29,RENT3,45.07,228122931.0
2020-07-30,RENT3,49.96,1566990416.0
2020-07-31,RENT3,50.92,1507700306.0
2020-09-02,RENT3,51.05,272954578.0
2020-09-03,RENT3,50.69,240599123.0
2020-09-04,RENT3,50.75,271414732.0
2020-09-08,RENT3,53.73,534481262.0
2020-09-09,RENT3,54.87,423219440.0
2020-09-10,RENT3,51.92,461293673.0
2020-09-11,RENT3,50.54,284504755.0
2020-09-14,RENT3,52.83,218070318.0
2020-09-15,RENT3,52.82,255003945.0
2020-09-16,RENT3,52.68,162832632.0
2020-09-17,RENT3,52.95,167799209.0
2020-09-18,RENT3,52.7,304366864.0
2020-09-21,RENT3,50.81,456451328.0
2020-09-22,RENT3,51.74,120979485.0
2020-09-23,RENT3,58.97,1833190944.0
2020-09-24,RENT3,57.99,453851340.0
2020-09-25,RENT3,59.0,315057245.0
2020-09-28,RENT3,56.65,422435852.0
2020-09-29,RENT3,56.79,331137138.0
2020-09-30,RENT3,56.67,303940457.0
2020-10-01,RENT3,57.12,240926703.0
2020-10-02,RENT3,56.7,244631298.0
2020-10-05,RENT3,57.25,186366116.0
2020-10-06,RENT3,57.31,249661750.0
2020-10-07,RENT3,56.89,269726557.0
2020-10-08,RENT3,59.96,381837145.0
2020-10-09,RENT3,60.15,369628508.0
2020-10-13,RENT3,59.37,280049950.0
2020-10-14,RENT3,61.69,293085516.0
2020-10-15,RENT3,62.38,396278595.0
2020-10-16,RENT3,62.27,294913410.0
2020-10-19,RENT3,61.68,206861551.0
2020-10-20,RENT3,64.47,344918881.0
2020-10-21,RENT3,62.89,344646225.0
2020-10-22,RENT3,64.0,289309227.0
2020-10-23,RENT3,62.56,299826729.0
2020-10-26,RENT3,62.89,148616835.0
2020-10-27,RENT3,64.57,634121505.0
2020-10-28,RENT3,62.55,520944791.0
2020-10-29,RENT3,62.56,386383407.0
2020-10-30,RENT3,60.68,390070155.0
2020-11-03,RENT3,63.77,457208164.0
2020-11-04,RENT3,66.3,349183077.0
2020-11-05,RENT3,67.88,377084802.0
2020-11-06,RENT3,68.0,324023675.0
2020-11-09,RENT3,66.1,535098522.0
2020-11-10,RENT3,66.32,456759020.0
2020-11-11,RENT3,66.22,296747078.0
2020-11-12,RENT3,65.45,280710611.0
2020-11-13,RENT3,67.0,286243382.0
2020-11-16,RENT3,66.82,233705505.0
2020-11-17,RENT3,66.0,313931900.0
2020-11-18,RENT3,64.49,403180060.0
2020-11-19,RENT3,65.48,250322680.0
2020-11-20,RENT3,65.29,165309374.0
2020-11-23,RENT3,65.36,150995967.0
2020-11-24,RENT3,65.6,193442161.0
2020-11-25,RENT3,65.75,196625852.0
2020-11-26,RENT3,65.44,180926955.0
2020-11-27,RENT3,66.44,253138580.0
2020-11-30,RENT3,67.22,500293058.0
2020-12-01,RENT3,65.45,347788632.0
2020-12-02,RENT3,65.57,272756312.0
2019-01-04,SANB11,47.2,105890363.0
2019-01-07,SANB11,47.99,106637220.0
2019-01-08,SANB11,46.36,71534078.0
2019-01-09,SANB11,47.0,81443132.0
2019-01-10,SANB11,47.49,50501237.0
2019-01-11,SANB11,47.39,72649219.0
2019-01-14,SANB11,48.1,79515469.0
2019-01-15,SANB11,47.0,101615507.0
2019-01-16,SANB11,46.7,65084196.0
2019-01-17,SANB11,47.29,61208555.0
2019-01-18,SANB11,48.43,58337420.0
2019-01-21,SANB11,48.35,29735297.0
2019-01-22,SANB11,48.25,73646187.0
2019-01-23,SANB11,49.8,76278999.0
2019-01-24,SANB11,49.57,84855290.0
2019-01-28,SANB11,49.7,88764407.0
2019-01-29,SANB11,49.0,106898004.0
2019-01-30,SANB11,48.0,276442233.0
2019-01-31,SANB11,48.07,186055746.0
2019-02-01,SANB11,48.75,89919081.0
2019-02-04,SANB11,50.34,80579913.0
2019-02-05,SANB11,49.81,89586521.0
2019-02-06,SANB11,47.73,59231239.0
2019-02-07,SANB11,47.82,59732271.0
2019-02-08,SANB11,49.0,86956822.0
2019-02-11,SANB11,48.32,42338828.0
2019-02-12,SANB11,49.05,67482234.0
2019-02-13,SANB11,48.16,115346360.0
2019-02-14,SANB11,49.45,63726002.0
2019-02-15,SANB11,49.2,55499450.0
2019-02-18,SANB11,48.59,41230391.0
2019-02-19,SANB11,49.5,64633658.0
2019-02-20,SANB11,48.52,95478777.0
2019-02-21,SANB11,48.7,42068964.0
2019-02-22,SANB11,48.64,59030279.0
2019-02-25,SANB11,47.67,49941017.0
2019-02-26,SANB11,47.35,37755205.0
2019-02-27,SANB11,46.88,49999214.0
2019-02-28,SANB11,44.94,144901568.0
2019-03-01,SANB11,44.3,70859770.0
2019-03-06,SANB11,43.57,53906189.0
2019-03-07,SANB11,44.01,72909657.0
2019-03-08,SANB11,44.4,65746384.0
2019-03-11,SANB11,46.0,81603764.0
2019-03-12,SANB11,45.7,75754545.0
2019-03-13,SANB11,47.1,110666285.0
2019-03-14,SANB11,46.56,48475376.0
2019-03-15,SANB11,46.78,67211433.0
2019-03-18,SANB11,46.89,33805780.0
2019-03-19,SANB11,46.13,47520100.0
2019-03-20,SANB11,45.18,67368005.0
2019-03-21,SANB11,44.39,81391082.0
2019-03-22,SANB11,43.26,108648682.0
2019-03-25,SANB11,43.76,61481237.0
2019-03-26,SANB11,43.71,94334838.0
2019-03-27,SANB11,41.6,151382334.0
2019-03-28,SANB11,43.14,82421914.0
2019-03-29,SANB11,43.97,48626118.0
2019-04-01,SANB11,44.55,56946898.0
2019-04-02,SANB11,43.91,90218039.0
2019-05-03,SANB11,44.87,42801220.0
2019-05-06,SANB11,44.0,42963851.0
2019-05-07,SANB11,43.7,85974870.0
2019-05-08,SANB11,44.6,67813025.0
2019-05-09,SANB11,43.81,45720881.0
2019-05-10,SANB11,43.44,54703459.0
2019-05-13,SANB11,42.4,74371378.0
2019-05-14,SANB11,43.5,98507062.0
2019-05-15,SANB11,43.07,87851806.0
2019-05-16,SANB11,41.95,86761941.0
2019-05-17,SANB11,41.82,77346269.0
2019-05-20,SANB11,43.07,55862599.0
2019-05-21,SANB11,44.58,62802780.0
2019-05-22,SANB11,43.85,59811071.0
2019-05-23,SANB11,42.6,73765123.0
2019-05-24,SANB11,42.7,49812484.0
2019-05-27,SANB11,43.65,29257978.0
2019-05-28,SANB11,44.59,139818045.0
2019-05-29,SANB11,44.99,71044147.0
2019-05-30,SANB11,46.1,54576192.0
2019-05-31,SANB11,45.7,109662694.0
2019-06-03,SANB11,45.3,94279347.0
2019-06-04,SANB11,45.32,66339720.0
2019-06-05,SANB11,44.35,47607582.0
2019-06-06,SANB11,44.62,45670508.0
2019-06-07,SANB11,45.1,52008842.0
2019-06-10,SANB11,44.2,82975797.0
2019-06-11,SANB11,44.18,75324337.0
2019-06-12,SANB11,44.11,70306152.0
2019-06-13,SANB11,43.52,62007802.0
2019-06-14,SANB11,43.38,49892301.0
2019-06-17,SANB11,43.07,39007008.0
2019-06-18,SANB11,44.17,64001113.0
2019-06-19,SANB11,44.6,57573757.0
2019-06-21,SANB11,45.7,72583347.0
2019-06-24,SANB11,45.89,55931034.0
2019-06-25,SANB11,45.16,41604295.0
2019-06-26,SANB11,45.75,38480297.0
2019-06-27,SANB11,45.58,42225645.0
2019-06-28,SANB11,45.46,46559512.0
2019-07-01,SANB11,45.72,44457020.0
2019-07-02,SANB11,45.96,67016966.0
2019-07-03,SANB11,46.5,73625380.0
2019-07-04,SANB11,47.68,57235450.0
2019-07-05,SANB11,47.41,54024865.0
2019-07-08,SANB11,46.52,47909114.0
2019-07-10,SANB11,46.59,74756165.0
2019-07-11,SANB11,46.5,72780943.0
2019-07-12,SANB11,46.05,80761261.0
2019-07-15,SANB11,46.28,47247878.0
2019-07-16,SANB11,46.37,71869973.0
2019-07-17,SANB11,46.8,93962109.0
2019-07-18,SANB11,47.9,82625262.0
2019-07-19,SANB11,46.66,47456936.0
2019-07-22,SANB11,46.67,86417512.0
2019-07-23,SANB11,46.43,99586615.0
2019-07-24,SANB11,45.93,80352597.0
2019-07-25,SANB11,45.0,76719122.0
2019-07-26,SANB11,45.06,85661942.0
2019-07-29,SANB11,45.15,54270662.0
2019-07-30,SANB11,43.75,78867933.0
2019-07-31,SANB11,42.85,91400576.0
2019-08-01,SANB11,42.76,131092784.0
2019-08-02,SANB11,42.49,89653006.0
2019-09-02,SANB11,42.01,36683716.0
2019-09-03,SANB11,41.11,41836316.0
2019-09-04,SANB11,41.79,39153644.0
2019-09-05,SANB11,42.97,65407657.0
2019-09-06,SANB11,44.0,74239542.0
2019-09-09,SANB11,44.69,89593056.0
2019-09-10,SANB11,44.88,106688624.0
2019-09-11,SANB11,44.23,84900453.0
2019-09-12,SANB11,44.6,49114437.0
2019-09-13,SANB11,45.2,84150373.0
2019-09-16,SANB11,44.48,77354515.0
2019-09-17,SANB11,45.08,54704317.0
2019-09-18,SANB11,44.7,61156256.0
2019-09-19,SANB11,44.29,49804596.0
2019-09-20,SANB11,44.08,140182288.0
2019-09-23,SANB11,43.91,57068534.0
2019-09-24,SANB11,44.0,121286477.0
2019-09-25,SANB11,44.5,75572328.0
2019-09-26,SANB11,45.0,41269610.0
2019-09-27,SANB11,45.83,115471180.0
2019-09-30,SANB11,45.33,64733697.0
2019-10-01,SANB11,45.13,37788980.0
2019-10-02,SANB11,43.76,56245718.0
2019-10-03,SANB11,44.4,95848097.0
2019-10-04,SANB11,44.59,55436548.0
2019-10-07,SANB11,43.59,85999964.0
2019-10-08,SANB11,43.52,61469683.0
2019-10-09,SANB11,44.72,82968772.0
2019-10-10,SANB11,45.72,59025822.0
2019-10-11,SANB11,46.5,82101160.0
2019-10-14,SANB11,46.71,69238364.0
2019-10-15,SANB11,46.01,141803943.0
2019-10-16,SANB11,46.95,55026750.0
2019-10-17,SANB11,46.33,48688340.0
2019-10-18,SANB11,45.72,61596019.0
2019-10-21,SANB11,46.29,42345568.0
2019-10-22,SANB11,47.95,100000806.0
2019-10-23,SANB11,48.95,138665771.0
2019-10-24,SANB11,48.85,90907934.0
2019-10-25,SANB11,49.01,70426643.0
2019-10-28,SANB11,49.45,74764291.0
2019-10-29,SANB11,49.32,59299610.0
2019-10-30,SANB11,48.5,200286685.0
2019-10-31,SANB11,47.06,135740278.0
2019-11-01,SANB11,47.1,115857904.0
2019-11-04,SANB11,47.25,64358723.0
2019-11-05,SANB11,47.94,91228969.0
2019-11-06,SANB11,47.26,78201059.0
2019-11-07,SANB11,47.77,51404492.0
2019-11-08,SANB11,46.59,69028374.0
2019-11-11,SANB11,46.7,73589472.0
2019-11-12,SANB11,45.89,51426706.0
2019-11-13,SANB11,45.15,66318691.0
2019-11-14,SANB11,46.01,55411064.0
2019-11-18,SANB11,45.86,73965840.0
2019-11-19,SANB11,45.48,79243510.0
2019-11-21,SANB11,45.93,103550009.0
2019-11-22,SANB11,46.31,47864581.0
2019-11-25,SANB11,45.77,42730866.0
2019-11-26,SANB11,44.72,112527892.0
2019-11-27,SANB11,44.81,79707474.0
2019-11-28,SANB11,44.02,41267673.0
2019-11-29,SANB11,44.1,40200509.0
2019-12-02,SANB11,44.48,52863798.0
2020-01-02,SANB11,50.93,123410555.0
2020-01-03,SANB11,50.93,232683945.0
2020-01-06,SANB11,47.59,102878972.0
2020-01-07,SANB11,47.3,68039498.0
2020-01-08,SANB11,46.86,46499199.0
2020-01-09,SANB11,46.12,68902219.0
2020-01-10,SANB11,45.73,57240730.0
2020-01-13,SANB11,46.54,93834375.0
2020-01-14,SANB11,46.02,106312522.0
2020-01-15,SANB11,44.96,107521155.0
2020-01-16,SANB11,45.35,66641259.0
2020-01-17,SANB11,46.22,76296290.0
2020-01-20,SANB11,46.0,41189083.0
2020-01-21,SANB11,43.73,134720944.0
2020-01-22,SANB11,43.84,53670913.0
2020-01-23,SANB11,44.7,112981698.0
2020-01-24,SANB11,43.88,44934734.0
2020-01-27,SANB11,43.45,99477880.0
2020-01-28,SANB11,43.59,47674785.0
2020-01-29,SANB11,42.78,120334043.0
2020-01-30,SANB11,43.1,78256809.0
2020-01-31,SANB11,42.07,128192680.0
2020-02-03,SANB11,41.86,108262184.0
2020-02-04,SANB11,42.2,86013971.0
2020-02-05,SANB11,42.44,135791627.0
2020-02-06,SANB11,41.49,83439422.0
2020-02-07,SANB11,42.0,74719726.0
2020-02-10,SANB11,42.61,135647665.0
2020-02-11,SANB11,42.75,161974835.0
2020-02-12,SANB11,42.68,100720264.0
2020-02-13,SANB11,41.85,73084940.0
2020-02-14,SANB11,40.72,46331309.0
2020-02-17,SANB11,40.78,42005205.0
2020-02-18,SANB11,40.95,67445752.0
2020-02-19,SANB11,41.25,53895403.0
2020-02-20,SANB11,41.19,94747317.0
2020-02-21,SANB11,40.87,53137905.0
2020-02-26,SANB11,38.53,134744077.0
2020-02-27,SANB11,38.32,99904708.0
2020-02-28,SANB11,39.86,148223913.0
2020-03-02,SANB11,39.71,142298392.0
2020-03-03,SANB11,38.71,89119447.0
2020-03-04,SANB11,38.54,148942336.0
2020-03-05,SANB11,37.36,107191478.0
2020-03-06,SANB11,36.51,83812945.0
2020-03-09,SANB11,32.89,141051121.0
2020-03-10,SANB11,33.59,111535544.0
2020-03-11,SANB11,30.8,81987839.0
2020-03-12,SANB11,26.65,86409126.0
2020-03-13,SANB11,29.97,127329773.0
2020-03-16,SANB11,26.39,92706246.0
2020-03-17,SANB11,27.6,159609387.0
2020-03-18,SANB11,25.79,91778813.0
2020-03-19,SANB11,25.71,100802188.0
2020-03-20,SANB11,25.75,155365898.0
2020-03-23,SANB11,24.31,96806143.0
2020-03-24,SANB11,27.57,78766434.0
2020-03-25,SANB11,29.53,103991710.0
2020-03-26,SANB11,30.17,61370895.0
2020-03-27,SANB11,27.23,89435596.0
2020-03-30,SANB11,28.2,60517297.0
2020-03-31,SANB11,26.67,72316419.0
2020-04-01,SANB11,24.74,54807200.0
2020-04-02,SANB11,25.51,35522446.0
2020-05-04,SANB11,25.74,62726780.0
2020-05-05,SANB11,25.14,82841604.0
2020-05-06,SANB11,24.91,79327043.0
2020-05-07,SANB11,23.57,98861486.0
2020-05-08,SANB11,24.43,77274761.0
2020-05-11,SANB11,24.51,75344487.0
2020-05-12,SANB11,23.24,91827978.0
2020-05-13,SANB11,22.98,98318826.0
2020-05-14,SANB11,23.94,104476739.0
2020-05-15,SANB11,22.96,69808627.0
2020-05-18,SANB11,24.54,65232615.0
2020-05-19,SANB11,23.51,85867309.0
2020-05-20,SANB11,23.77,59110125.0
2020-05-21,SANB11,25.18,87614517.0
2020-05-22,SANB11,24.61,53285803.0
2020-05-25,SANB11,25.98,42263621.0
2020-05-26,SANB11,25.14,87728685.0
2020-05-27,SANB11,25.9,64784229.0
2020-05-28,SANB11,25.23,78624263.0
2020-05-29,SANB11,25.5,176804156.0
2020-06-01,SANB11,26.54,76828636.0
2020-06-02,SANB11,28.13,134635822.0
2020-06-03,SANB11,29.39,111994616.0
2020-06-04,SANB11,30.44,158769096.0
2020-06-05,SANB11,31.13,131363083.0
2020-06-08,SANB11,32.33,107714117.0
2020-06-09,SANB11,31.89,135444447.0
2020-06-10,SANB11,30.33,125323985.0
2020-06-12,SANB11,29.92,215915889.0
2020-06-15,SANB11,29.3,124835531.0
2020-06-16,SANB11,30.37,119385412.0
2020-06-17,SANB11,30.98,180273287.0
2020-06-18,SANB11,30.71,110590393.0
2020-06-19,SANB11,31.34,201836613.0
2020-06-22,SANB11,30.79,80804196.0
2020-06-23,SANB11,30.16,153062189.0
2020-06-24,SANB11,28.75,212325407.0
2020-06-25,SANB11,29.24,178102340.0
2020-06-26,SANB11,28.34,142270587.0
2020-06-29,SANB11,29.05,194840998.0
2020-06-30,SANB11,28.02,125090447.0
2020-07-01,SANB11,28.41,112501403.0
2020-07-02,SANB11,28.69,129570885.0
2020-07-03,SANB11,28.44,89172703.0
2020-07-06,SANB11,29.83,82794157.0
2020-07-07,SANB11,28.53,118479815.0
2020-07-08,SANB11,29.5,87182928.0
2020-07-09,SANB11,29.0,81164591.0
2020-07-10,SANB11,29.03,62981761.0
2020-07-13,SANB11,28.39,119889310.0
2020-07-14,SANB11,28.8,62117841.0
2020-07-15,SANB11,29.4,98100081.0
2020-07-16,SANB11,29.25,50578282.0
2020-07-17,SANB11,29.81,105442166.0
2020-07-20,SANB11,29.85,63231368.0
2020-07-21,SANB11,30.69,121792217.0
2020-07-22,SANB11,29.57,81661016.0
2020-07-23,SANB11,28.96,58102450.0
2020-07-24,SANB11,29.03,69239516.0
2020-07-27,SANB11,29.52,52473180.0
2020-07-28,SANB11,29.91,104321387.0
2020-07-29,SANB11,30.96,158725983.0
2020-07-30,SANB11,31.05,108852201.0
2020-07-31,SANB11,29.89,81534815.0
2020-09-02,SANB11,28.68,71011436.0
2020-09-03,SANB11,29.65,133616370.0
2020-09-04,SANB11,30.41,142257044.0
2020-09-08,SANB11,29.91,75867412.0
2020-09-09,SANB11,29.71,43650056.0
2020-09-10,SANB11,28.8,70164108.0
2020-09-11,SANB11,28.44,76647579.0
2020-09-14,SANB11,28.63,71156802.0
2020-09-15,SANB11,28.44,48237248.0
2020-09-16,SANB11,28.23,70138231.0
2020-09-17,SANB11,28.06,83359245.0
2020-09-18,SANB11,27.34,106786064.0
2020-09-21,SANB11,27.3,84697743.0
2020-09-22,SANB11,27.49,61313796.0
2020-09-23,SANB11,26.71,47011112.0
2020-09-24,SANB11,27.44,35641347.0
2020-09-25,SANB11,27.2,35474457.0
2020-09-28,SANB11,27.77,184803293.0
2020-09-29,SANB11,27.09,54654341.0
2020-09-30,SANB11,27.96,91720033.0
2020-10-01,SANB11,27.9,56601369.0
2020-10-02,SANB11,28.4,109090504.0
2020-10-05,SANB11,28.47,71051661.0
2020-10-06,SANB11,28.54,54506561.0
2020-10-07,SANB11,28.47,61388125.0
2020-10-08,SANB11,30.78,221709205.0
2020-10-09,SANB11,31.5,191325925.0
2020-10-13,SANB11,31.78,127753687.0
2020-10-14,SANB11,32.17,144284021.0
2020-10-15,SANB11,31.7,92762794.0
2020-10-16,SANB11,30.71,130320323.0
2020-10-19,SANB11,30.94,82899472.0
2020-10-20,SANB11,31.69,144975878.0
2020-10-21,SANB11,31.97,81579944.0
2020-10-22,SANB11,33.3,148042916.0
2020-10-23,SANB11,33.66,202317698.0
2020-10-26,SANB11,34.92,227835338.0
2020-10-27,SANB11,33.27,339279679.0
2020-10-28,SANB11,32.01,174587018.0
2020-10-29,SANB11,33.39,196929258.0
2020-10-30,SANB11,32.05,120568403.0
2020-11-03,SANB11,32.58,130900814.0
2020-11-04,SANB11,31.84,126481817.0
2020-11-05,SANB11,32.3,150668988.0
2020-11-06,SANB11,31.8,103683399.0
2020-11-09,SANB11,34.22,183212415.0
2020-11-10,SANB11,36.84,232857280.0
2020-11-11,SANB11,36.0,124284926.0
2020-11-12,SANB11,35.0,110031553.0
2020-11-13,SANB11,35.73,53148657.0
2020-11-16,SANB11,38.32,178286159.0
2020-11-17,SANB11,39.03,188447074.0
2020-11-18,SANB11,38.77,106983928.0
2020-11-19,SANB11,39.13,137637340.0
2020-11-20,SANB11,37.84,77964295.0
2020-11-23,SANB11,38.82,69892460.0
2020-11-24,SANB11,40.2,169711700.0
2020-11-25,SANB11,40.32,177139544.0
2020-11-26,SANB11,40.35,67195155.0
2020-11-27,SANB11,40.42,98575233.0
2020-11-30,SANB11,39.15,270274780.0
2020-12-01,SANB11,41.95,265685941.0
2020-12-02,SANB11,42.24,115679464.0
2019-01-04,SBSP3,37.86,127499590.0
2019-01-07,SBSP3,37.0,99059580.0
2019-01-08,SBSP3,37.14,102357811.0
2019-01-09,SBSP3,37.6,79159553.0
2019-01-10,SBSP3,37.83,101086067.0
2019-01-11,SBSP3,39.49,214638493.0
2019-01-14,SBSP3,41.6,331524180.0
2019-01-15,SBSP3,41.6,152617088.0
2019-01-16,SBSP3,40.77,110296155.0
2019-01-17,SBSP3,41.18,120702745.0
2019-01-18,SBSP3,40.67,102518420.0
2019-01-21,SBSP3,41.51,43897419.0
2019-01-22,SBSP3,41.37,75656007.0
2019-01-23,SBSP3,42.15,140872908.0
2019-01-24,SBSP3,43.18,165682885.0
2019-01-28,SBSP3,43.79,126476667.0
2019-01-29,SBSP3,44.4,262783941.0
2019-01-30,SBSP3,43.01,153520045.0
2019-01-31,SBSP3,43.37,98631225.0
2019-02-01,SBSP3,44.23,66405761.0
2019-02-04,SBSP3,43.61,96922092.0
2019-02-05,SBSP3,43.06,151598790.0
2019-02-06,SBSP3,41.11,98392671.0
2019-02-07,SBSP3,39.77,240219536.0
2019-02-08,SBSP3,42.19,256777237.0
2019-02-11,SBSP3,38.25,319516945.0
2019-02-12,SBSP3,38.15,478173844.0
2019-02-13,SBSP3,38.32,135562811.0
2019-02-14,SBSP3,40.36,149853218.0
2019-02-15,SBSP3,39.64,132781153.0
2019-02-18,SBSP3,39.23,35021287.0
2019-02-19,SBSP3,38.99,107387831.0
2019-02-20,SBSP3,38.68,137975926.0
2019-02-21,SBSP3,39.75,127316084.0
2019-02-22,SBSP3,40.61,80882240.0
2019-02-25,SBSP3,39.89,60037315.0
2019-02-26,SBSP3,40.17,157789009.0
2019-02-27,SBSP3,40.28,64720399.0
2019-02-28,SBSP3,39.35,70487030.0
2019-03-01,SBSP3,39.4,58180922.0
2019-03-06,SBSP3,39.15,49372913.0
2019-03-07,SBSP3,38.6,109832899.0
2019-03-08,SBSP3,39.21,45802185.0
2019-03-11,SBSP3,40.9,95052027.0
2019-03-12,SBSP3,42.69,187464851.0
2019-03-13,SBSP3,43.02,76662466.0
2019-03-14,SBSP3,43.67,88049591.0
2019-03-15,SBSP3,43.75,139239660.0
2019-03-18,SBSP3,44.01,76899066.0
2019-03-19,SBSP3,43.65,42162945.0
2019-03-20,SBSP3,42.98,52532549.0
2019-03-21,SBSP3,41.95,115002915.0
2019-03-22,SBSP3,40.12,200167959.0
2019-03-25,SBSP3,40.5,59058025.0
2019-03-26,SBSP3,41.54,85930833.0
2019-03-27,SBSP3,40.0,135792205.0
2019-03-28,SBSP3,41.0,116714401.0
2019-03-29,SBSP3,42.0,392737179.0
2019-04-01,SBSP3,42.16,203885728.0
2019-04-02,SBSP3,40.41,183911486.0
2019-05-03,SBSP3,46.7,119383241.0
2019-05-06,SBSP3,46.44,92326999.0
2019-05-07,SBSP3,48.1,208853998.0
2019-05-08,SBSP3,48.2,170744913.0
2019-05-09,SBSP3,47.8,138612136.0
2019-05-10,SBSP3,45.8,140878354.0
2019-05-13,SBSP3,42.6,187366242.0
2019-05-14,SBSP3,43.21,227942788.0
2019-05-15,SBSP3,42.22,154333472.0
2019-05-16,SBSP3,39.85,190466945.0
2019-05-17,SBSP3,40.14,241800493.0
2019-05-20,SBSP3,41.09,161061798.0
2019-05-21,SBSP3,40.9,285591885.0
2019-05-22,SBSP3,42.5,356188413.0
2019-05-23,SBSP3,41.3,158387155.0
2019-05-24,SBSP3,40.37,88242244.0
2019-05-27,SBSP3,42.0,147829007.0
2019-05-28,SBSP3,42.61,342305264.0
2019-05-29,SBSP3,44.44,203519258.0
2019-05-30,SBSP3,44.22,101465620.0
2019-05-31,SBSP3,44.21,112878776.0
2019-06-03,SBSP3,44.06,118383380.0
2019-06-04,SBSP3,48.89,349025445.0
2019-06-05,SBSP3,48.85,114565062.0
2019-06-06,SBSP3,48.66,223122151.0
2019-06-07,SBSP3,47.65,93998888.0
2019-06-10,SBSP3,47.4,77989170.0
2019-06-11,SBSP3,47.14,160053193.0
2019-06-12,SBSP3,46.68,110090675.0
2019-06-13,SBSP3,47.87,96859387.0
2019-06-14,SBSP3,46.64,143431183.0
2019-06-17,SBSP3,47.22,109155548.0
2019-06-18,SBSP3,46.9,93129610.0
2019-06-19,SBSP3,47.89,92164278.0
2019-06-21,SBSP3,46.75,143533216.0
2019-06-24,SBSP3,46.5,91294039.0
2019-06-25,SBSP3,46.2,91802416.0
2019-06-26,SBSP3,45.86,58916251.0
2019-06-27,SBSP3,46.26,105669294.0
2019-06-28,SBSP3,47.27,97090410.0
2019-07-01,SBSP3,48.12,115878756.0
2019-07-02,SBSP3,47.63,105344049.0
2019-07-03,SBSP3,48.17,87624447.0
2019-07-04,SBSP3,49.39,75411501.0
2019-07-05,SBSP3,48.97,67101166.0
2019-07-08,SBSP3,49.21,55787605.0
2019-07-10,SBSP3,49.5,154952584.0
2019-07-11,SBSP3,51.81,219342900.0
2019-07-12,SBSP3,51.86,170964933.0
2019-07-15,SBSP3,51.48,77227156.0
2019-07-16,SBSP3,50.91,77760825.0
2019-07-17,SBSP3,51.68,102681966.0
2019-07-18,SBSP3,53.98,140696873.0
2019-07-19,SBSP3,53.0,135709614.0
2019-07-22,SBSP3,52.7,68080017.0
2019-07-23,SBSP3,52.5,152573793.0
2019-07-24,SBSP3,52.66,83473858.0
2019-07-25,SBSP3,52.16,66143529.0
2019-07-26,SBSP3,52.6,69703987.0
2019-07-29,SBSP3,52.0,77909463.0
2019-07-30,SBSP3,53.45,103161667.0
2019-07-31,SBSP3,53.4,134529634.0
2019-08-01,SBSP3,55.31,200312904.0
2019-08-02,SBSP3,55.93,103613877.0
2019-09-02,SBSP3,51.99,63209909.0
2019-09-03,SBSP3,50.87,69713772.0
2019-09-04,SBSP3,51.53,109691879.0
2019-09-05,SBSP3,52.11,80287368.0
2019-09-06,SBSP3,51.6,99311406.0
2019-09-09,SBSP3,49.56,138923101.0
2019-09-10,SBSP3,50.47,170979555.0
2019-09-11,SBSP3,51.01,127844268.0
2019-09-12,SBSP3,51.5,114078222.0
2019-09-13,SBSP3,51.17,81899498.0
2019-09-16,SBSP3,50.65,65968089.0
2019-09-17,SBSP3,50.23,96868412.0
2019-09-18,SBSP3,50.33,135676497.0
2019-09-19,SBSP3,50.78,118170605.0
2019-09-20,SBSP3,49.01,212380736.0
2019-09-23,SBSP3,49.08,110057608.0
2019-09-24,SBSP3,48.88,54560808.0
2019-09-25,SBSP3,48.19,160273607.0
2019-09-26,SBSP3,48.91,307816457.0
2019-09-27,SBSP3,48.45,73924527.0
2019-09-30,SBSP3,49.6,116799495.0
2019-10-01,SBSP3,49.75,98034834.0
2019-10-02,SBSP3,49.0,94105324.0
2019-10-03,SBSP3,50.45,142083710.0
2019-10-04,SBSP3,50.54,178490328.0
2019-10-07,SBSP3,48.47,161655391.0
2019-10-08,SBSP3,49.28,183100715.0
2019-10-09,SBSP3,50.12,188821808.0
2019-10-10,SBSP3,49.8,236621106.0
2019-10-11,SBSP3,50.43,145535743.0
2019-10-14,SBSP3,50.16,87378628.0
2019-10-15,SBSP3,50.38,138290440.0
2019-10-16,SBSP3,51.64,124842404.0
2019-10-17,SBSP3,50.62,130510398.0
2019-10-18,SBSP3,51.23,210034922.0
2019-10-21,SBSP3,51.57,70204239.0
2019-10-22,SBSP3,52.6,136885224.0
2019-10-23,SBSP3,53.97,162102089.0
2019-10-24,SBSP3,53.3,126771082.0
2019-10-25,SBSP3,52.6,160483072.0
2019-10-28,SBSP3,52.45,66150775.0
2019-10-29,SBSP3,53.05,113880528.0
2019-10-30,SBSP3,54.84,211491429.0
2019-10-31,SBSP3,54.62,193482795.0
2019-11-01,SBSP3,55.2,172021682.0
2019-11-04,SBSP3,55.5,164472547.0
2019-11-05,SBSP3,54.76,121944094.0
2019-11-06,SBSP3,53.93,96979397.0
2019-11-07,SBSP3,54.89,126084306.0
2019-11-08,SBSP3,53.9,143903424.0
2019-11-11,SBSP3,53.18,133587630.0
2019-11-12,SBSP3,52.18,160703913.0
2019-11-13,SBSP3,51.52,203413929.0
2019-11-14,SBSP3,51.88,126081465.0
2019-11-18,SBSP3,52.2,140592553.0
2019-11-19,SBSP3,51.61,117301476.0
2019-11-21,SBSP3,53.82,171823756.0
2019-11-22,SBSP3,55.08,202519530.0
2019-11-25,SBSP3,54.37,107548702.0
2019-11-26,SBSP3,54.26,274318019.0
2019-11-27,SBSP3,54.65,191670119.0
2019-11-28,SBSP3,56.25,106596319.0
2019-11-29,SBSP3,57.4,140734184.0
2019-12-02,SBSP3,58.09,164939117.0
2020-01-02,SBSP3,60.55,113750339.0
2020-01-03,SBSP3,59.51,153658672.0
2020-01-06,SBSP3,58.6,128481847.0
2020-01-07,SBSP3,57.6,165383127.0
2020-01-08,SBSP3,56.75,202728606.0
2020-01-09,SBSP3,57.62,261965989.0
2020-01-10,SBSP3,57.41,125532801.0
2020-01-13,SBSP3,59.91,254730814.0
2020-01-14,SBSP3,61.21,199740153.0
2020-01-15,SBSP3,60.9,152824506.0
2020-01-16,SBSP3,60.55,114749075.0
2020-01-17,SBSP3,60.15,128069045.0
2020-01-20,SBSP3,60.3,112378946.0
2020-01-21,SBSP3,60.33,163682398.0
2020-01-22,SBSP3,61.06,129661045.0
2020-01-23,SBSP3,62.63,212158417.0
2020-01-24,SBSP3,62.47,96638588.0
2020-01-27,SBSP3,61.58,106844092.0
2020-01-28,SBSP3,64.5,272549304.0
2020-01-29,SBSP3,62.4,153262450.0
2020-01-30,SBSP3,62.29,176517213.0
2020-01-31,SBSP3,61.0,159283171.0
2020-02-03,SBSP3,61.76,128133169.0
2020-02-04,SBSP3,62.94,226591396.0
2020-02-05,SBSP3,64.95,211501185.0
2020-02-06,SBSP3,63.8,185468396.0
2020-02-07,SBSP3,63.37,126428145.0
2020-02-10,SBSP3,61.33,150700020.0
2020-02-11,SBSP3,63.04,193062945.0
2020-02-12,SBSP3,63.94,226140081.0
2020-02-13,SBSP3,63.81,80626322.0
2020-02-14,SBSP3,64.44,99400239.0
2020-02-17,SBSP3,65.33,101853103.0
2020-02-18,SBSP3,65.13,140157351.0
2020-02-19,SBSP3,66.47,193779758.0
2020-02-20,SBSP3,65.1,138662149.0
2020-02-21,SBSP3,65.67,114557828.0
2020-02-26,SBSP3,61.4,216775184.0
2020-02-27,SBSP3,59.51,275042971.0
2020-02-28,SBSP3,58.75,291801532.0
2020-03-02,SBSP3,60.14,298107379.0
2020-03-03,SBSP3,60.0,197328209.0
2020-03-04,SBSP3,62.82,153830532.0
2020-03-05,SBSP3,60.16,193520592.0
2020-03-06,SBSP3,57.37,252311930.0
2020-03-09,SBSP3,52.0,213088956.0
2020-03-10,SBSP3,54.72,262430889.0
2020-03-11,SBSP3,50.5,188623771.0
2020-03-12,SBSP3,42.84,140407696.0
2020-03-13,SBSP3,50.32,198979507.0
2020-03-16,SBSP3,47.5,175338512.0
2020-03-17,SBSP3,45.99,449018044.0
2020-03-18,SBSP3,37.79,306595608.0
2020-03-19,SBSP3,36.89,292674601.0
2020-03-20,SBSP3,33.71,222768032.0
2020-03-23,SBSP3,30.55,164187172.0
2020-03-24,SBSP3,32.1,241088963.0
2020-03-25,SBSP3,35.32,218575301.0
2020-03-26,SBSP3,40.01,200574134.0
2020-03-27,SBSP3,40.07,222810731.0
2020-03-30,SBSP3,40.81,134319082.0
2020-03-31,SBSP3,39.11,225964422.0
2020-04-01,SBSP3,36.64,184751102.0
2020-04-02,SBSP3,35.85,189975899.0
2020-05-04,SBSP3,39.91,115604526.0
2020-05-05,SBSP3,41.7,149936844.0
2020-05-06,SBSP3,40.51,98493042.0
2020-05-07,SBSP3,39.45,169281772.0
2020-05-08,SBSP3,41.0,129072220.0
2020-05-11,SBSP3,41.72,152145949.0
2020-05-12,SBSP3,39.81,176189443.0
2020-05-13,SBSP3,39.49,134068660.0
2020-05-14,SBSP3,40.14,154246813.0
2020-05-15,SBSP3,37.8,200178020.0
2020-05-18,SBSP3,41.0,136662113.0
2020-05-19,SBSP3,40.3,163651739.0
2020-05-20,SBSP3,39.32,274043234.0
2020-05-21,SBSP3,42.38,245982899.0
2020-05-22,SBSP3,44.17,227388473.0
2020-05-25,SBSP3,49.9,310795350.0
2020-05-26,SBSP3,50.15,288147451.0
2020-05-27,SBSP3,53.64,386911190.0
2020-05-28,SBSP3,53.09,204602383.0
2020-05-29,SBSP3,54.32,435879997.0
2020-06-01,SBSP3,54.15,194067945.0
2020-06-02,SBSP3,54.62,303304361.0
2020-06-03,SBSP3,54.84,333751055.0
2020-06-04,SBSP3,53.6,208299936.0
2020-06-05,SBSP3,52.99,279162475.0
2020-06-08,SBSP3,54.93,228866254.0
2020-06-09,SBSP3,55.3,284139515.0
2020-06-10,SBSP3,54.5,169516798.0
2020-06-12,SBSP3,53.96,214779152.0
2020-06-15,SBSP3,55.0,185914569.0
2020-06-16,SBSP3,54.47,223887907.0
2020-06-17,SBSP3,56.59,351072114.0
2020-06-18,SBSP3,57.8,313105658.0
2020-06-19,SBSP3,57.66,372383266.0
2020-06-22,SBSP3,60.2,376912989.0
2020-06-23,SBSP3,58.7,294949164.0
2020-06-24,SBSP3,60.07,301913402.0
2020-06-25,SBSP3,59.27,557004980.0
2020-06-26,SBSP3,56.3,292640042.0
2020-06-29,SBSP3,57.2,197247077.0
2020-06-30,SBSP3,57.7,164131601.0
2020-07-01,SBSP3,58.9,237925119.0
2020-07-02,SBSP3,57.59,196266489.0
2020-07-03,SBSP3,57.88,63225313.0
2020-07-06,SBSP3,59.17,132687539.0
2020-07-07,SBSP3,57.69,147768309.0
2020-07-08,SBSP3,58.75,128226142.0
2020-07-09,SBSP3,58.15,189536498.0
2020-07-10,SBSP3,58.72,203890213.0
2020-07-13,SBSP3,56.86,168967261.0
2020-07-14,SBSP3,56.8,184088445.0
2020-07-15,SBSP3,61.38,621457379.0
2020-07-16,SBSP3,60.0,233512388.0
2020-07-17,SBSP3,63.88,296682637.0
2020-07-20,SBSP3,62.61,216685659.0
2020-07-21,SBSP3,62.15,204892725.0
2020-07-22,SBSP3,63.22,144532799.0
2020-07-23,SBSP3,61.2,216134063.0
2020-07-24,SBSP3,61.54,123534098.0
2020-07-27,SBSP3,60.89,208482959.0
2020-07-28,SBSP3,60.12,162216663.0
2020-07-29,SBSP3,58.96,295131612.0
2020-07-30,SBSP3,59.14,156636606.0
2020-07-31,SBSP3,60.85,357703684.0
2020-09-02,SBSP3,50.3,235569730.0
2020-09-03,SBSP3,48.99,206788968.0
2020-09-04,SBSP3,49.16,183397392.0
2020-09-08,SBSP3,49.19,214326787.0
2020-09-09,SBSP3,50.1,139151696.0
2020-09-10,SBSP3,48.12,197601049.0
2020-09-11,SBSP3,46.95,216926492.0
2020-09-14,SBSP3,47.65,104949774.0
2020-09-15,SBSP3,46.8,119982109.0
2020-09-16,SBSP3,46.88,118542026.0
2020-09-17,SBSP3,47.49,216488071.0
2020-09-18,SBSP3,47.47,237392076.0
2020-09-21,SBSP3,47.16,124418327.0
2020-09-22,SBSP3,48.3,176937622.0
2020-09-23,SBSP3,47.77,140835398.0
2020-09-24,SBSP3,48.2,193430742.0
2020-09-25,SBSP3,48.31,170730246.0
2020-09-28,SBSP3,46.7,161876857.0
2020-09-29,SBSP3,46.93,136976294.0
2020-09-30,SBSP3,46.8,214847501.0
2020-10-01,SBSP3,47.09,123970139.0
2020-10-02,SBSP3,45.46,229516493.0
2020-10-05,SBSP3,45.83,148230036.0
2020-10-06,SBSP3,45.69,97837173.0
2020-10-07,SBSP3,45.34,88103319.0
2020-10-08,SBSP3,45.91,99162483.0
2020-10-09,SBSP3,45.25,82709762.0
2020-10-13,SBSP3,46.7,265801273.0
2020-10-14,SBSP3,46.7,134498886.0
2020-10-15,SBSP3,46.0,102694105.0
2020-10-16,SBSP3,45.15,90178544.0
2020-10-19,SBSP3,45.59,138668010.0
2020-10-20,SBSP3,45.77,154455115.0
2020-10-21,SBSP3,45.44,84940797.0
2020-10-22,SBSP3,46.16,151755674.0
2020-10-23,SBSP3,46.03,159817015.0
2020-10-26,SBSP3,46.57,95411846.0
2020-10-27,SBSP3,45.38,135220914.0
2020-10-28,SBSP3,43.5,116425491.0
2020-10-29,SBSP3,43.89,224397839.0
2020-10-30,SBSP3,42.5,183225201.0
2020-11-03,SBSP3,43.2,157489083.0
2020-11-04,SBSP3,43.88,168447516.0
2020-11-05,SBSP3,45.3,136417940.0
2020-11-06,SBSP3,45.76,120173632.0
2020-11-09,SBSP3,46.45,160578681.0
2020-11-10,SBSP3,46.74,171168713.0
2020-11-11,SBSP3,46.35,118444192.0
2020-11-12,SBSP3,44.75,173701455.0
2020-11-13,SBSP3,44.6,187627205.0
2020-11-16,SBSP3,44.74,96880678.0
2020-11-17,SBSP3,44.6,180695061.0
2020-11-18,SBSP3,44.9,220892850.0
2020-11-19,SBSP3,44.36,91790758.0
2020-11-20,SBSP3,43.27,438783904.0
2020-11-23,SBSP3,43.73,134835550.0
2020-11-24,SBSP3,43.57,208746482.0
2020-11-25,SBSP3,43.41,151721689.0
2020-11-26,SBSP3,44.88,105088710.0
2020-11-27,SBSP3,45.4,182731156.0
2020-11-30,SBSP3,44.54,312430394.0
2020-12-01,SBSP3,46.59,221098341.0
2020-12-02,SBSP3,48.34,271392831.0
2019-01-04,SMLS3,43.96,52261644.0
2019-01-07,SMLS3,42.26,44724429.0
2019-01-08,SMLS3,41.87,28542694.0
2019-01-09,SMLS3,41.6,41560884.0
2019-01-10,SMLS3,42.9,26844702.0
2019-01-11,SMLS3,43.0,19450678.0
2019-01-14,SMLS3,43.9,19829067.0
2019-01-15,SMLS3,43.75,21696050.0
2019-01-16,SMLS3,43.08,22791003.0
2019-01-17,SMLS3,43.34,13182371.0
2019-01-18,SMLS3,42.2,50489256.0
2019-01-21,SMLS3,41.79,17992178.0
2019-01-22,SMLS3,41.0,30917223.0
2019-01-23,SMLS3,41.55,31871872.0
2019-01-24,SMLS3,41.9,44819943.0
2019-01-28,SMLS3,41.49,23384196.0
2019-01-29,SMLS3,41.8,19786998.0
2019-01-30,SMLS3,43.4,66004757.0
2019-01-31,SMLS3,44.7,48597654.0
2019-02-01,SMLS3,44.5,42552375.0
2019-02-04,SMLS3,45.23,42974443.0
2019-02-05,SMLS3,46.9,45779512.0
2019-02-06,SMLS3,46.15,36541125.0
2019-02-07,SMLS3,45.37,30936065.0
2019-02-08,SMLS3,46.25,26054614.0
2019-02-11,SMLS3,47.35,57999846.0
2019-02-12,SMLS3,47.29,47444252.0
2019-02-13,SMLS3,47.87,61286326.0
2019-02-14,SMLS3,48.61,27145819.0
2019-02-15,SMLS3,49.0,78307178.0
2019-02-18,SMLS3,49.47,27361441.0
2019-02-19,SMLS3,49.2,48741289.0
2019-02-20,SMLS3,47.31,63338385.0
2019-02-21,SMLS3,49.98,55417492.0
2019-02-22,SMLS3,50.0,48093878.0
2019-02-25,SMLS3,48.5,35107955.0
2019-02-26,SMLS3,49.07,36410586.0
2019-02-27,SMLS3,49.68,61115984.0
2019-02-28,SMLS3,48.0,55585331.0
2019-03-01,SMLS3,47.41,32338885.0
2019-03-06,SMLS3,46.31,32983787.0
2019-03-07,SMLS3,46.54,28456111.0
2019-03-08,SMLS3,47.3,25974147.0
2019-03-11,SMLS3,47.01,45589075.0
2019-03-12,SMLS3,46.78,28282266.0
2019-03-13,SMLS3,47.61,36506083.0
2019-03-14,SMLS3,50.89,66758332.0
2019-03-15,SMLS3,49.55,89698061.0
2019-03-18,SMLS3,49.33,55248791.0
2019-03-19,SMLS3,49.61,42113285.0
2019-03-20,SMLS3,49.65,24474804.0
2019-03-21,SMLS3,49.0,61012543.0
2019-03-22,SMLS3,47.92,55240820.0
2019-03-25,SMLS3,47.41,31286487.0
2019-03-26,SMLS3,48.91,31057148.0
2019-03-27,SMLS3,45.84,42768124.0
2019-03-28,SMLS3,47.34,42561370.0
2019-03-29,SMLS3,47.7,42382985.0
2019-04-01,SMLS3,46.95,24550040.0
2019-04-02,SMLS3,47.83,37506636.0
2019-05-03,SMLS3,48.14,64754648.0
2019-05-06,SMLS3,47.26,26191962.0
2019-05-07,SMLS3,44.45,74478787.0
2019-05-08,SMLS3,44.35,43258573.0
2019-05-09,SMLS3,44.35,28495847.0
2019-05-10,SMLS3,44.4,31331009.0
2019-05-13,SMLS3,42.9,31719921.0
2019-05-14,SMLS3,41.55,88427319.0
2019-05-15,SMLS3,41.07,44360150.0
2019-05-16,SMLS3,39.82,42456423.0
2019-05-17,SMLS3,39.32,34985154.0
2019-05-20,SMLS3,40.62,42272860.0
2019-05-21,SMLS3,41.25,67070306.0
2019-05-22,SMLS3,41.59,57747874.0
2019-05-23,SMLS3,43.97,58330272.0
2019-05-24,SMLS3,45.0,55031351.0
2019-05-27,SMLS3,45.7,35155190.0
2019-05-28,SMLS3,46.82,45819077.0
2019-05-29,SMLS3,46.8,33167881.0
2019-05-30,SMLS3,47.9,55902209.0
2019-05-31,SMLS3,47.65,20795136.0
2019-06-03,SMLS3,48.3,27192948.0
2019-06-04,SMLS3,48.85,22483840.0
2019-06-05,SMLS3,48.7,36149872.0
2019-06-06,SMLS3,48.07,42341311.0
2019-06-07,SMLS3,47.77,28293583.0
2019-06-10,SMLS3,47.41,14230549.0
2019-06-11,SMLS3,47.73,24992147.0
2019-06-12,SMLS3,46.8,29096458.0
2019-06-13,SMLS3,46.55,58811277.0
2019-06-14,SMLS3,46.09,39204559.0
2019-06-17,SMLS3,46.38,30857767.0
2019-06-18,SMLS3,46.1,44114491.0
2019-06-19,SMLS3,44.19,376783450.0
2019-06-21,SMLS3,42.8,186372684.0
2019-06-24,SMLS3,42.59,57357831.0
2019-06-25,SMLS3,41.3,79047587.0
2019-06-26,SMLS3,41.0,89954811.0
2019-06-27,SMLS3,41.85,78591376.0
2019-06-28,SMLS3,42.0,74544408.0
2019-07-01,SMLS3,40.6,72771546.0
2019-07-02,SMLS3,39.98,53242533.0
2019-07-03,SMLS3,40.6,70455206.0
2019-07-04,SMLS3,41.15,38348071.0
2019-07-05,SMLS3,41.65,50848334.0
2019-07-08,SMLS3,40.97,84906987.0
2019-07-10,SMLS3,40.86,58221943.0
2019-07-11,SMLS3,40.64,39216119.0
2019-07-12,SMLS3,40.39,24548071.0
2019-07-15,SMLS3,38.53,78762273.0
2019-07-16,SMLS3,38.36,31785872.0
2019-07-17,SMLS3,37.63,47884421.0
2019-07-18,SMLS3,37.02,35095234.0
2019-07-19,SMLS3,36.55,33507166.0
2019-07-22,SMLS3,36.26,16481845.0
2019-07-23,SMLS3,35.26,33018637.0
2019-07-24,SMLS3,35.34,24097237.0
2019-07-25,SMLS3,35.4,26437098.0
2019-07-26,SMLS3,37.25,61867004.0
2019-07-29,SMLS3,37.28,23340344.0
2019-07-30,SMLS3,37.8,20454605.0
2019-07-31,SMLS3,39.43,90180188.0
2019-08-01,SMLS3,39.01,55497829.0
2019-08-02,SMLS3,38.61,21454475.0
2019-09-02,SMLS3,37.08,11015677.0
2019-09-03,SMLS3,36.5,22162252.0
2019-09-04,SMLS3,37.08,26300739.0
2019-09-05,SMLS3,37.04,21995337.0
2019-09-06,SMLS3,37.4,15634540.0
2019-09-09,SMLS3,36.62,24821132.0
2019-09-10,SMLS3,37.09,17974430.0
2019-09-11,SMLS3,38.17,31952425.0
2019-09-12,SMLS3,38.35,18379361.0
2019-09-13,SMLS3,37.98,14541192.0
2019-09-16,SMLS3,37.63,25636478.0
2019-09-17,SMLS3,37.98,17734232.0
2019-09-18,SMLS3,38.77,20145713.0
2019-09-19,SMLS3,39.14,32001618.0
2019-09-20,SMLS3,38.95,18256071.0
2019-09-23,SMLS3,38.86,11568329.0
2019-09-24,SMLS3,38.29,13281470.0
2019-09-25,SMLS3,38.39,15282335.0
2019-09-26,SMLS3,39.49,16594177.0
2019-09-27,SMLS3,37.5,141958163.0
2019-09-30,SMLS3,38.0,17742883.0
2019-10-01,SMLS3,37.7,20209578.0
2019-10-02,SMLS3,36.77,21337284.0
2019-10-03,SMLS3,37.5,15519930.0
2019-10-04,SMLS3,37.34,14446207.0
2019-10-07,SMLS3,36.76,17114216.0
2019-10-08,SMLS3,36.96,22057768.0
2019-10-09,SMLS3,37.1,13381782.0
2019-10-10,SMLS3,37.21,13419643.0
2019-10-11,SMLS3,37.65,15115698.0
2019-10-14,SMLS3,37.87,19190963.0
2019-10-15,SMLS3,37.9,17419244.0
2019-10-16,SMLS3,37.88,34551984.0
2019-10-17,SMLS3,37.61,18059204.0
2019-10-18,SMLS3,37.62,40857540.0
2019-10-21,SMLS3,36.97,25270295.0
2019-10-22,SMLS3,36.8,76868500.0
2019-10-23,SMLS3,36.9,25300156.0
2019-10-24,SMLS3,37.0,30675715.0
2019-10-25,SMLS3,37.7,23721003.0
2019-10-28,SMLS3,37.23,11054396.0
2019-10-29,SMLS3,36.6,27789777.0
2019-10-30,SMLS3,37.48,28850771.0
2019-10-31,SMLS3,37.0,33390290.0
2019-11-01,SMLS3,36.59,17425469.0
2019-11-04,SMLS3,36.6,17132459.0
2019-11-05,SMLS3,36.45,21067978.0
2019-11-06,SMLS3,36.26,19196513.0
2019-11-07,SMLS3,35.72,22378237.0
2019-11-08,SMLS3,35.0,25182706.0
2019-11-11,SMLS3,35.28,11821056.0
2019-11-12,SMLS3,35.0,15540851.0
2019-11-13,SMLS3,35.1,15897803.0
2019-11-14,SMLS3,35.3,25748365.0
2019-11-18,SMLS3,35.0,22709872.0
2019-11-19,SMLS3,35.24,16696441.0
2019-11-21,SMLS3,35.13,15905069.0
2019-11-22,SMLS3,35.0,28053647.0
2019-11-25,SMLS3,35.11,22102603.0
2019-11-26,SMLS3,34.9,16098388.0
2019-11-27,SMLS3,34.9,25792171.0
2019-11-28,SMLS3,35.04,7214124.0
2019-11-29,SMLS3,34.76,9552538.0
2019-12-02,SMLS3,33.91,29875488.0
2020-01-02,SMLS3,39.99,46570811.0
2020-01-03,SMLS3,39.74,42637208.0
2020-01-06,SMLS3,38.44,34062707.0
2020-01-07,SMLS3,39.09,25963668.0
2020-01-08,SMLS3,39.41,37367405.0
2020-01-09,SMLS3,40.17,18348112.0
2020-01-10,SMLS3,40.24,19763918.0
2020-01-13,SMLS3,40.6,15701468.0
2020-01-14,SMLS3,40.89,19016067.0
2020-01-15,SMLS3,39.88,17554393.0
2020-01-16,SMLS3,39.44,23824158.0
2020-01-17,SMLS3,40.29,34429926.0
2020-01-20,SMLS3,40.37,17533755.0
2020-01-21,SMLS3,39.52,21722133.0
2020-01-22,SMLS3,40.12,23172829.0
2020-01-23,SMLS3,40.93,34017556.0
2020-01-24,SMLS3,40.23,17635984.0
2020-01-27,SMLS3,39.11,16807211.0
2020-01-28,SMLS3,39.36,15197949.0
2020-01-29,SMLS3,39.02,13184444.0
2020-01-30,SMLS3,38.67,45751613.0
2020-01-31,SMLS3,38.48,30942371.0
2020-02-03,SMLS3,38.62,16673242.0
2020-02-04,SMLS3,39.1,22875912.0
2020-02-05,SMLS3,39.58,21489870.0
2020-02-06,SMLS3,39.12,16111380.0
2020-02-07,SMLS3,38.34,26527248.0
2020-02-10,SMLS3,38.27,26984572.0
2020-02-11,SMLS3,38.82,50893933.0
2020-02-12,SMLS3,38.7,42546234.0
2020-02-13,SMLS3,38.11,83209740.0
2020-02-14,SMLS3,38.45,18506494.0
2020-02-17,SMLS3,38.4,9976706.0
2020-02-18,SMLS3,37.44,35213350.0
2020-02-19,SMLS3,37.61,64009727.0
2020-02-20,SMLS3,37.29,51905344.0
2020-02-21,SMLS3,37.25,40383549.0
2020-02-26,SMLS3,34.19,75461429.0
2020-02-27,SMLS3,33.25,57988542.0
2020-02-28,SMLS3,32.78,43355549.0
2020-03-02,SMLS3,33.15,29837053.0
2020-03-03,SMLS3,32.51,68002832.0
2020-03-04,SMLS3,33.0,48998388.0
2020-03-05,SMLS3,30.4,40283824.0
2020-03-06,SMLS3,31.43,59434696.0
2020-03-09,SMLS3,28.73,32053725.0
2020-03-10,SMLS3,30.0,28782236.0
2020-03-11,SMLS3,28.0,31645643.0
2020-03-12,SMLS3,23.85,28901949.0
2020-03-13,SMLS3,25.0,36842788.0
2020-03-16,SMLS3,17.95,73427568.0
2020-03-17,SMLS3,16.56,28310563.0
2020-03-18,SMLS3,10.3,47542516.0
2020-03-19,SMLS3,9.02,76476402.0
2020-03-20,SMLS3,10.07,44487782.0
2020-03-23,SMLS3,10.0,22034480.0
2020-03-24,SMLS3,11.45,20963262.0
2020-03-25,SMLS3,13.74,26744541.0
2020-03-26,SMLS3,14.7,28490064.0
2020-03-27,SMLS3,14.51,22792510.0
2020-03-30,SMLS3,13.65,13299410.0
2020-03-31,SMLS3,12.35,21612114.0
2020-04-01,SMLS3,12.29,16939928.0
2020-04-02,SMLS3,12.0,14374674.0
2020-01-02,SULA11,62.33,237836505.0
2020-01-03,SULA11,64.85,797011612.0
2020-01-06,SULA11,64.41,179653450.0
2020-01-07,SULA11,63.55,202888415.0
2020-01-08,SULA11,63.33,158779393.0
2020-01-09,SULA11,64.92,300870017.0
2020-01-10,SULA11,64.32,251431580.0
2020-01-13,SULA11,62.86,258843648.0
2020-01-14,SULA11,64.39,143512208.0
2020-01-15,SULA11,63.3,139491866.0
2020-01-16,SULA11,64.14,105364004.0
2020-01-17,SULA11,65.0,86489072.0
2020-01-20,SULA11,66.59,100017883.0
2020-01-21,SULA11,66.2,157706247.0
2020-01-22,SULA11,66.99,139423368.0
2020-01-23,SULA11,67.15,170246273.0
2020-01-24,SULA11,66.78,102516785.0
2020-01-27,SULA11,63.0,176100728.0
2020-01-28,SULA11,64.47,92955038.0
2020-01-29,SULA11,64.18,117104700.0
2020-01-30,SULA11,63.33,176688194.0
2020-01-31,SULA11,63.0,225351923.0
2020-02-03,SULA11,62.47,343066906.0
2020-02-04,SULA11,62.3,142730058.0
2020-02-05,SULA11,62.29,166840356.0
2020-02-06,SULA11,61.8,277888803.0
2020-02-07,SULA11,60.86,194348861.0
2020-02-10,SULA11,59.5,238829607.0
2020-02-11,SULA11,61.0,308382453.0
2020-02-12,SULA11,62.19,202020694.0
2020-02-13,SULA11,61.63,117994009.0
2020-02-14,SULA11,61.19,92421010.0
2020-02-17,SULA11,60.15,75225106.0
2020-02-18,SULA11,60.94,88683106.0
2020-02-19,SULA11,62.47,111473883.0
2020-02-20,SULA11,60.0,158618424.0
2020-02-21,SULA11,60.0,285312220.0
2020-02-26,SULA11,55.57,298200694.0
2020-02-27,SULA11,53.59,378335062.0
2020-02-28,SULA11,54.06,387635104.0
2020-03-02,SULA11,53.09,288322483.0
2020-03-03,SULA11,52.4,223680468.0
2020-03-04,SULA11,52.41,209997504.0
2020-03-05,SULA11,50.29,252964204.0
2020-03-06,SULA11,49.0,384523370.0
2020-03-09,SULA11,42.01,247323362.0
2020-03-10,SULA11,45.64,307370027.0
2020-03-11,SULA11,42.46,224232356.0
2020-03-12,SULA11,36.99,120212113.0
2020-03-13,SULA11,38.51,358828093.0
2020-03-16,SULA11,31.75,290533923.0
2020-03-17,SULA11,30.58,284151605.0
2020-03-18,SULA11,26.5,196270044.0
2020-03-19,SULA11,28.7,350120319.0
2020-03-20,SULA11,30.26,231423999.0
2020-03-23,SULA11,29.12,146896692.0
2020-03-24,SULA11,32.61,187355783.0
2020-03-25,SULA11,35.96,212784057.0
2020-03-26,SULA11,38.49,218708107.0
2020-03-27,SULA11,36.0,153318267.0
2020-03-30,SULA11,35.9,85950781.0
2020-03-31,SULA11,33.8,107009626.0
2020-04-01,SULA11,34.34,255356809.0
2020-04-02,SULA11,35.55,228350681.0
2020-05-04,SULA11,42.9,117801399.0
2020-05-05,SULA11,43.98,127630786.0
2020-05-06,SULA11,44.64,128790987.0
2020-05-07,SULA11,44.08,134761231.0
2020-05-08,SULA11,43.41,96216622.0
2020-05-11,SULA11,41.85,90507775.0
2020-05-12,SULA11,40.68,108838770.0
2020-05-13,SULA11,40.68,137285196.0
2020-05-14,SULA11,37.87,507774248.0
2020-05-15,SULA11,36.95,183600754.0
2020-05-18,SULA11,39.0,159073284.0
2020-05-19,SULA11,39.98,140466499.0
2020-05-20,SULA11,40.66,156102182.0
2020-05-21,SULA11,42.67,116421719.0
2020-05-22,SULA11,41.25,120218879.0
2020-05-25,SULA11,43.3,88232242.0
2020-05-26,SULA11,44.09,101258107.0
2020-05-27,SULA11,44.01,115094727.0
2020-05-28,SULA11,43.99,121499532.0
2020-05-29,SULA11,44.85,206555398.0
2020-06-01,SULA11,45.61,128876855.0
2020-06-02,SULA11,46.0,98123910.0
2020-06-03,SULA11,47.54,236360712.0
2020-06-04,SULA11,46.8,133244609.0
2020-06-05,SULA11,46.1,226341147.0
2020-06-08,SULA11,46.3,320849001.0
2020-06-09,SULA11,45.82,150420726.0
2020-06-10,SULA11,45.07,104422691.0
2020-06-12,SULA11,44.76,139198395.0
2020-06-15,SULA11,43.55,129657672.0
2020-06-16,SULA11,42.16,208045926.0
2020-06-17,SULA11,42.0,340173025.0
2020-06-18,SULA11,43.74,176074007.0
2020-06-19,SULA11,45.06,319050637.0
2020-06-22,SULA11,44.63,102962442.0
2020-06-23,SULA11,44.6,119572478.0
2020-06-24,SULA11,44.26,119000619.0
2020-06-25,SULA11,46.47,129796705.0
2020-06-26,SULA11,45.61,125594739.0
2020-06-29,SULA11,45.95,117588024.0
2020-06-30,SULA11,45.07,156783877.0
2020-07-01,SULA11,46.4,140686385.0
2020-07-02,SULA11,46.2,102472144.0
2020-07-03,SULA11,48.5,142451022.0
2020-07-06,SULA11,48.06,132828644.0
2020-07-07,SULA11,47.52,127457026.0
2020-07-08,SULA11,47.44,113707888.0
2020-07-09,SULA11,47.0,230604870.0
2020-07-10,SULA11,48.0,99564732.0
2020-07-13,SULA11,46.98,299281934.0
2020-07-14,SULA11,47.61,119614374.0
2020-07-15,SULA11,46.9,136909517.0
2020-07-16,SULA11,46.58,88267479.0
2020-07-17,SULA11,49.02,102358326.0
2020-07-20,SULA11,51.39,180434532.0
2020-07-21,SULA11,50.79,158905149.0
2020-07-22,SULA11,51.18,135550265.0
2020-07-23,SULA11,50.29,93877173.0
2020-07-24,SULA11,51.03,116152358.0
2020-07-27,SULA11,50.0,102142223.0
2020-07-28,SULA11,49.42,98064142.0
2020-07-29,SULA11,51.43,100887042.0
2020-07-30,SULA11,50.85,144296558.0
2020-07-31,SULA11,50.7,198169024.0
2020-09-02,SULA11,44.17,81774280.0
2020-09-03,SULA11,43.9,103083011.0
2020-09-04,SULA11,44.08,79971180.0
2020-09-08,SULA11,43.5,71053103.0
2020-09-09,SULA11,43.49,98887451.0
2020-09-10,SULA11,41.96,122133299.0
2020-09-11,SULA11,41.42,96548172.0
2020-09-14,SULA11,41.88,68220715.0
2020-09-15,SULA11,41.44,107566361.0
2020-09-16,SULA11,41.25,79310736.0
2020-09-17,SULA11,41.26,65602055.0
2020-09-18,SULA11,39.84,133547819.0
2020-09-21,SULA11,40.98,104301838.0
2020-09-22,SULA11,40.91,73812039.0
2020-09-23,SULA11,40.48,138639302.0
2020-09-24,SULA11,41.23,121283750.0
2020-09-25,SULA11,41.34,82704229.0
2020-09-28,SULA11,39.79,88513935.0
2020-09-29,SULA11,39.44,63048878.0
2020-09-30,SULA11,39.63,117313379.0
2020-10-01,SULA11,41.1,200281425.0
2020-10-02,SULA11,40.91,88119549.0
2020-10-05,SULA11,40.99,84291721.0
2020-10-06,SULA11,41.39,146334053.0
2020-10-07,SULA11,40.69,83123078.0
2020-10-08,SULA11,40.95,55596647.0
2020-10-09,SULA11,40.26,93965754.0
2020-10-13,SULA11,40.71,70859000.0
2020-10-14,SULA11,40.9,84015900.0
2020-10-15,SULA11,40.31,40742188.0
2020-10-16,SULA11,39.98,77426790.0
2020-10-19,SULA11,41.01,84028495.0
2020-10-20,SULA11,41.71,70320864.0
2020-10-21,SULA11,42.9,146127064.0
2020-10-22,SULA11,42.35,79282704.0
2020-10-23,SULA11,41.52,60908396.0
2020-10-26,SULA11,41.77,36875793.0
2020-10-27,SULA11,41.19,59532579.0
2020-10-28,SULA11,40.16,71615886.0
2020-10-29,SULA11,40.01,88821432.0
2020-10-30,SULA11,39.99,123724614.0
2020-11-03,SULA11,38.99,111973712.0
2020-11-04,SULA11,40.54,105151944.0
2020-11-05,SULA11,41.44,78825658.0
2020-11-06,SULA11,42.2,75448495.0
2020-11-09,SULA11,41.49,101789927.0
2020-11-10,SULA11,42.52,142082907.0
2020-11-11,SULA11,41.69,72624575.0
2020-11-12,SULA11,40.63,83895958.0
2020-11-13,SULA11,41.7,160964836.0
2020-11-16,SULA11,42.75,118173606.0
2020-11-17,SULA11,42.8,132401342.0
2020-11-18,SULA11,41.59,136623477.0
2020-11-19,SULA11,41.66,90690896.0
2020-11-20,SULA11,41.97,100835711.0
2020-11-23,SULA11,41.95,89619046.0
2020-11-24,SULA11,43.07,199182862.0
2020-11-25,SULA11,44.02,188137804.0
2020-11-26,SULA11,44.19,88728444.0
2020-11-27,SULA11,43.49,80918963.0
2020-11-30,SULA11,42.82,176435708.0
2020-12-01,SULA11,43.63,108949107.0
2020-12-02,SULA11,44.1,121389582.0
2019-01-04,SUZB3,37.57,217089392.0
2019-01-07,SUZB3,35.85,258430406.0
2019-01-08,SUZB3,36.2,190725437.0
2019-01-09,SUZB3,38.37,248585890.0
2019-01-10,SUZB3,38.86,268272520.0
2019-01-11,SUZB3,38.86,215079850.0
2019-01-14,SUZB3,39.0,231436332.0
2019-01-15,SUZB3,42.3,460030755.0
2019-01-16,SUZB3,44.16,504585527.0
2019-01-17,SUZB3,42.97,447651299.0
2019-01-18,SUZB3,44.37,342426434.0
2019-01-21,SUZB3,45.6,227638248.0
2019-01-22,SUZB3,44.48,363352483.0
2019-01-23,SUZB3,45.84,312327608.0
2019-01-24,SUZB3,47.95,346227043.0
2019-01-28,SUZB3,49.08,403818165.0
2019-01-29,SUZB3,48.01,345009487.0
2019-01-30,SUZB3,46.6,320912125.0
2019-01-31,SUZB3,46.0,469530470.0
2019-02-01,SUZB3,46.61,242986506.0
2019-02-04,SUZB3,47.01,191548638.0
2019-02-05,SUZB3,47.29,212757493.0
2019-02-06,SUZB3,47.85,208088999.0
2019-02-07,SUZB3,48.62,246668203.0
2019-02-08,SUZB3,47.96,321378935.0
2019-02-11,SUZB3,46.69,219531980.0
2019-02-12,SUZB3,45.35,345789196.0
2019-02-13,SUZB3,45.87,263807346.0
2019-02-14,SUZB3,45.05,314117275.0
2019-02-15,SUZB3,45.68,191286345.0
2019-02-18,SUZB3,45.9,90804715.0
2019-02-19,SUZB3,46.55,158296334.0
2019-02-20,SUZB3,46.94,225298249.0
2019-02-21,SUZB3,47.64,194627349.0
2019-02-22,SUZB3,47.5,296355103.0
2019-02-25,SUZB3,48.0,195830780.0
2019-02-26,SUZB3,50.3,438526953.0
2019-02-27,SUZB3,48.12,300868598.0
2019-02-28,SUZB3,47.66,240722339.0
2019-03-01,SUZB3,48.56,223418935.0
2019-03-06,SUZB3,48.19,182628269.0
2019-03-07,SUZB3,48.63,287927245.0
2019-03-08,SUZB3,47.04,348714466.0
2019-03-11,SUZB3,47.35,118489640.0
2019-03-12,SUZB3,46.22,164357332.0
2019-03-13,SUZB3,46.1,147570865.0
2019-03-14,SUZB3,46.0,153438544.0
2019-03-15,SUZB3,46.7,321388900.0
2019-03-18,SUZB3,47.54,165725295.0
2019-03-19,SUZB3,45.38,373477829.0
2019-03-20,SUZB3,43.87,301119980.0
2019-03-21,SUZB3,45.25,323839089.0
2019-03-22,SUZB3,45.79,410194126.0
2019-03-25,SUZB3,46.63,262437708.0
2019-03-26,SUZB3,46.6,371760005.0
2019-03-27,SUZB3,47.47,350848690.0
2019-03-28,SUZB3,46.4,308808064.0
2019-03-29,SUZB3,46.55,197644084.0
2019-04-01,SUZB3,47.87,202817150.0
2019-04-02,SUZB3,48.05,142192180.0
2019-05-03,SUZB3,41.99,400356701.0
2019-05-06,SUZB3,41.33,123838256.0
2019-05-07,SUZB3,40.99,146466648.0
2019-05-08,SUZB3,41.28,121219326.0
2019-05-09,SUZB3,44.16,397195924.0
2019-05-10,SUZB3,40.31,503364364.0
2019-05-13,SUZB3,38.13,346106153.0
2019-05-14,SUZB3,37.45,297320838.0
2019-05-15,SUZB3,36.8,262869115.0
2019-05-16,SUZB3,35.82,296747248.0
2019-05-17,SUZB3,38.0,463101172.0
2019-05-20,SUZB3,37.27,315060126.0
2019-05-21,SUZB3,36.98,408397010.0
2019-05-22,SUZB3,37.35,197033797.0
2019-05-23,SUZB3,36.81,177009960.0
2019-05-24,SUZB3,34.09,673311117.0
2019-05-27,SUZB3,34.41,209113137.0
2019-05-28,SUZB3,34.48,343357912.0
2019-05-29,SUZB3,33.25,293344890.0
2019-05-30,SUZB3,33.3,233034606.0
2019-05-31,SUZB3,32.08,309588073.0
2019-06-03,SUZB3,31.25,316097928.0
2019-06-04,SUZB3,30.74,398996449.0
2019-06-05,SUZB3,30.45,261651049.0
2019-06-06,SUZB3,29.95,242054698.0
2019-06-07,SUZB3,30.36,211773495.0
2019-06-10,SUZB3,30.77,134995326.0
2019-06-11,SUZB3,30.85,224726473.0
2019-06-12,SUZB3,30.26,231874954.0
2019-06-13,SUZB3,31.93,338705713.0
2019-06-14,SUZB3,32.5,239422983.0
2019-06-17,SUZB3,32.9,286565093.0
2019-06-18,SUZB3,33.38,225892792.0
2019-06-19,SUZB3,33.0,270312440.0
2019-06-21,SUZB3,33.76,208227470.0
2019-06-24,SUZB3,34.52,312610529.0
2019-06-25,SUZB3,33.6,229248741.0
2019-06-26,SUZB3,33.39,196893937.0
2019-06-27,SUZB3,33.78,223599133.0
2019-06-28,SUZB3,32.85,344171804.0
2019-07-01,SUZB3,31.57,307269074.0
2019-07-02,SUZB3,31.0,352865301.0
2019-07-03,SUZB3,31.2,196843023.0
2019-07-04,SUZB3,31.75,203556785.0
2019-07-05,SUZB3,32.7,342127241.0
2019-07-08,SUZB3,32.55,188230636.0
2019-07-10,SUZB3,31.5,313160978.0
2019-07-11,SUZB3,31.05,172762196.0
2019-07-12,SUZB3,32.0,198006793.0
2019-07-15,SUZB3,32.9,227413178.0
2019-07-16,SUZB3,33.67,448058942.0
2019-07-17,SUZB3,34.75,471510875.0
2019-07-18,SUZB3,34.48,362793583.0
2019-07-19,SUZB3,33.08,354045974.0
2019-07-22,SUZB3,32.69,161368533.0
2019-07-23,SUZB3,32.07,189108315.0
2019-07-24,SUZB3,32.05,169287966.0
2019-07-25,SUZB3,31.72,184396565.0
2019-07-26,SUZB3,31.2,237598552.0
2019-07-29,SUZB3,30.67,192080752.0
2019-07-30,SUZB3,31.09,139558585.0
2019-07-31,SUZB3,30.67,201251327.0
2019-08-01,SUZB3,30.65,302053656.0
2019-08-02,SUZB3,30.21,429563988.0
2019-09-02,SUZB3,29.14,95282648.0
2019-09-03,SUZB3,28.62,122133969.0
2019-09-04,SUZB3,28.75,164850658.0
2019-09-05,SUZB3,29.55,323203922.0
2019-09-06,SUZB3,29.67,117571380.0
2019-09-09,SUZB3,31.62,358609689.0
2019-09-10,SUZB3,31.29,271519435.0
2019-09-11,SUZB3,30.92,211703803.0
2019-09-12,SUZB3,32.55,267615948.0
2019-09-13,SUZB3,33.3,378754790.0
2019-09-16,SUZB3,34.28,280130095.0
2019-09-17,SUZB3,34.1,176679782.0
2019-09-18,SUZB3,33.79,207878933.0
2019-09-19,SUZB3,32.99,180671735.0
2019-09-20,SUZB3,31.9,577980297.0
2019-09-23,SUZB3,32.99,266138134.0
2019-09-24,SUZB3,32.41,142078318.0
2019-09-25,SUZB3,33.4,172895402.0
2019-09-26,SUZB3,33.34,226190529.0
2019-09-27,SUZB3,33.75,162662340.0
2019-09-30,SUZB3,33.65,171867725.0
2019-10-01,SUZB3,33.65,163444371.0
2019-10-02,SUZB3,32.78,125529306.0
2019-10-03,SUZB3,32.33,141153046.0
2019-10-04,SUZB3,32.83,187365014.0
2019-10-07,SUZB3,32.25,125444048.0
2019-10-08,SUZB3,31.64,123308803.0
2019-10-09,SUZB3,32.23,80725189.0
2019-10-10,SUZB3,33.95,316926521.0
2019-10-11,SUZB3,35.24,373457431.0
2019-10-14,SUZB3,34.82,205554037.0
2019-10-15,SUZB3,35.11,141208256.0
2019-10-16,SUZB3,34.43,192840112.0
2019-10-17,SUZB3,34.09,158232795.0
2019-10-18,SUZB3,33.81,132762853.0
2019-10-21,SUZB3,34.88,162665007.0
2019-10-22,SUZB3,34.92,282921116.0
2019-10-23,SUZB3,34.5,175544899.0
2019-10-24,SUZB3,32.96,272528375.0
2019-10-25,SUZB3,32.7,152881749.0
2019-10-28,SUZB3,32.68,86379711.0
2019-10-29,SUZB3,32.72,79118107.0
2019-10-30,SUZB3,32.3,110517461.0
2019-10-31,SUZB3,32.64,214221678.0
2019-11-01,SUZB3,35.01,762674112.0
2019-11-04,SUZB3,36.44,352984575.0
2019-11-05,SUZB3,37.16,385684704.0
2019-11-06,SUZB3,36.95,304892773.0
2019-11-07,SUZB3,38.26,466366006.0
2019-11-08,SUZB3,38.0,260076862.0
2019-11-11,SUZB3,38.24,223119481.0
2019-11-12,SUZB3,38.24,286802994.0
2019-11-13,SUZB3,37.64,254899405.0
2019-11-14,SUZB3,36.65,199672903.0
2019-11-18,SUZB3,37.82,307245053.0
2019-11-19,SUZB3,37.92,148242881.0
2019-11-21,SUZB3,38.23,141445514.0
2019-11-22,SUZB3,38.31,226835148.0
2019-11-25,SUZB3,38.0,149036991.0
2019-11-26,SUZB3,38.08,337712270.0
2019-11-27,SUZB3,39.1,231752920.0
2019-11-28,SUZB3,38.57,160103845.0
2019-11-29,SUZB3,38.56,185179887.0
2019-12-02,SUZB3,38.8,117215465.0
2020-01-02,SUZB3,40.79,161288487.0
2020-01-03,SUZB3,40.65,182020675.0
2020-01-06,SUZB3,40.58,175148439.0
2020-01-07,SUZB3,41.1,147925113.0
2020-01-08,SUZB3,43.15,412335975.0
2020-01-09,SUZB3,43.04,354454933.0
2020-01-10,SUZB3,43.11,195088421.0
2020-01-13,SUZB3,44.7,395285863.0
2020-01-14,SUZB3,44.25,265475769.0
2020-01-15,SUZB3,44.94,260387724.0
2020-01-16,SUZB3,44.3,232171703.0
2020-01-17,SUZB3,43.78,303968352.0
2020-01-20,SUZB3,42.95,225448399.0
2020-01-21,SUZB3,42.7,226422380.0
2020-01-22,SUZB3,44.85,202097929.0
2020-01-23,SUZB3,44.45,184556834.0
2020-01-24,SUZB3,43.87,161666805.0
2020-01-27,SUZB3,40.93,348169941.0
2020-01-28,SUZB3,41.65,211730798.0
2020-01-29,SUZB3,41.02,172809869.0
2020-01-30,SUZB3,40.51,276477799.0
2020-01-31,SUZB3,39.67,198774995.0
2020-02-03,SUZB3,39.5,283315921.0
2020-02-04,SUZB3,38.89,198647293.0
2020-02-05,SUZB3,38.4,273440377.0
2020-02-06,SUZB3,38.9,190115337.0
2020-02-07,SUZB3,37.64,128684938.0
2020-02-10,SUZB3,37.0,244806017.0
2020-02-11,SUZB3,38.49,188327834.0
2020-02-12,SUZB3,40.0,345502226.0
2020-02-13,SUZB3,41.3,592453127.0
2020-02-14,SUZB3,39.81,331033615.0
2020-02-17,SUZB3,40.0,139962229.0
2020-02-18,SUZB3,40.1,175706926.0
2020-02-19,SUZB3,40.17,141186772.0
2020-02-20,SUZB3,40.19,174364250.0
2020-02-21,SUZB3,41.42,242125375.0
2020-02-26,SUZB3,38.6,340227786.0
2020-02-27,SUZB3,38.13,305237902.0
2020-02-28,SUZB3,38.14,314754515.0
2020-03-02,SUZB3,39.65,181301494.0
2020-03-03,SUZB3,39.94,288620748.0
2020-03-04,SUZB3,43.54,531050801.0
2020-03-05,SUZB3,42.62,414503308.0
2020-03-06,SUZB3,40.03,398404465.0
2020-03-09,SUZB3,37.95,329180863.0
2020-03-10,SUZB3,38.86,364591281.0
2020-03-11,SUZB3,35.46,373596440.0
2020-03-12,SUZB3,29.74,597643649.0
2020-03-13,SUZB3,31.58,512061410.0
2020-03-16,SUZB3,28.37,361793240.0
2020-03-17,SUZB3,28.0,392389395.0
2020-03-18,SUZB3,24.62,237320197.0
2020-03-19,SUZB3,27.33,352980700.0
2020-03-20,SUZB3,27.39,329577309.0
2020-03-23,SUZB3,28.8,341588165.0
2020-03-24,SUZB3,28.9,232456737.0
2020-03-25,SUZB3,29.35,187665394.0
2020-03-26,SUZB3,28.05,284178533.0
2020-03-27,SUZB3,32.87,489752074.0
2020-03-30,SUZB3,33.99,361381001.0
2020-03-31,SUZB3,35.79,356578726.0
2020-04-01,SUZB3,37.38,392568939.0
2020-04-02,SUZB3,39.9,568225870.0
2020-05-04,SUZB3,40.5,263911538.0
2020-05-05,SUZB3,41.6,336223370.0
2020-05-06,SUZB3,41.87,272920554.0
2020-05-07,SUZB3,45.01,1051022727.0
2020-05-08,SUZB3,47.35,470880469.0
2020-05-11,SUZB3,47.6,553796620.0
2020-05-12,SUZB3,48.55,392228338.0
2020-05-13,SUZB3,50.59,587258471.0
2020-05-14,SUZB3,47.54,580981776.0
2020-05-15,SUZB3,45.03,880112133.0
2020-05-18,SUZB3,41.18,766347962.0
2020-05-19,SUZB3,41.76,564344646.0
2020-05-20,SUZB3,40.25,431336446.0
2020-05-21,SUZB3,38.48,495963969.0
2020-05-22,SUZB3,38.61,335171379.0
2020-05-25,SUZB3,37.7,326647791.0
2020-05-26,SUZB3,37.88,433794944.0
2020-05-27,SUZB3,38.41,394607999.0
2020-05-28,SUZB3,38.36,355535111.0
2020-05-29,SUZB3,37.86,565327681.0
2020-06-01,SUZB3,38.45,316072193.0
2020-06-02,SUZB3,38.42,306098278.0
2020-06-03,SUZB3,38.13,359274787.0
2020-06-04,SUZB3,39.85,473120177.0
2020-06-05,SUZB3,38.3,501167472.0
2020-06-08,SUZB3,38.16,424156211.0
2020-06-09,SUZB3,38.17,355747704.0
2020-06-10,SUZB3,38.13,303738691.0
2020-06-12,SUZB3,37.01,416109422.0
2020-06-15,SUZB3,38.49,525225801.0
2020-06-16,SUZB3,38.1,283684632.0
2020-06-17,SUZB3,38.9,180115530.0
2020-06-18,SUZB3,39.55,319119638.0
2020-06-19,SUZB3,39.5,696781414.0
2020-06-22,SUZB3,38.99,207951150.0
2020-06-23,SUZB3,38.04,211873954.0
2020-06-24,SUZB3,38.6,182812440.0
2020-06-25,SUZB3,38.08,172431119.0
2020-06-26,SUZB3,37.88,219668352.0
2020-06-29,SUZB3,37.73,151440950.0
2020-06-30,SUZB3,36.79,360231143.0
2020-07-01,SUZB3,37.14,277090255.0
2020-07-02,SUZB3,36.82,288798685.0
2020-07-03,SUZB3,37.27,142498306.0
2020-07-06,SUZB3,36.9,181592851.0
2020-07-07,SUZB3,36.19,352669124.0
2020-07-08,SUZB3,36.15,241101764.0
2020-07-09,SUZB3,36.47,192017125.0
2020-07-10,SUZB3,36.68,176843805.0
2020-07-13,SUZB3,36.06,197284519.0
2020-07-14,SUZB3,36.66,251037457.0
2020-07-15,SUZB3,38.85,576156638.0
2020-07-16,SUZB3,38.73,281394278.0
2020-07-17,SUZB3,39.85,286838946.0
2020-07-20,SUZB3,40.24,241441449.0
2020-07-21,SUZB3,40.5,319404503.0
2020-07-22,SUZB3,39.5,383400264.0
2020-07-23,SUZB3,40.74,305901795.0
2020-07-24,SUZB3,42.3,502875750.0
2020-07-27,SUZB3,41.67,192734166.0
2020-07-28,SUZB3,42.0,123053850.0
2020-07-29,SUZB3,41.49,183774467.0
2020-07-30,SUZB3,42.22,195668274.0
2020-07-31,SUZB3,42.0,193098160.0
2020-09-02,SUZB3,49.01,320352864.0
2020-09-03,SUZB3,48.0,393350575.0
2020-09-04,SUZB3,47.54,324426324.0
2020-09-08,SUZB3,46.78,199293326.0
2020-09-09,SUZB3,47.05,149884848.0
2020-09-10,SUZB3,46.35,220037338.0
2020-09-11,SUZB3,45.6,186439894.0
2020-09-14,SUZB3,46.12,97941043.0
2020-09-15,SUZB3,48.89,338475875.0
2020-09-16,SUZB3,47.58,221181914.0
2020-09-17,SUZB3,49.02,283627269.0
2020-09-18,SUZB3,50.05,634741358.0
2020-09-21,SUZB3,48.53,273818125.0
2020-09-22,SUZB3,47.37,233558739.0
2020-09-23,SUZB3,46.63,244250507.0
2020-09-24,SUZB3,46.0,201496849.0
2020-09-25,SUZB3,48.14,299777555.0
2020-09-28,SUZB3,47.6,397252014.0
2020-09-29,SUZB3,47.07,329710767.0
2020-09-30,SUZB3,45.55,343774749.0
2020-10-01,SUZB3,46.5,415938675.0
2020-10-02,SUZB3,46.33,786790809.0
2020-10-05,SUZB3,47.4,662020829.0
2020-10-06,SUZB3,47.94,598785718.0
2020-10-07,SUZB3,48.39,1598461871.0
2020-10-08,SUZB3,49.27,475767181.0
2020-10-09,SUZB3,48.95,356231139.0
2020-10-13,SUZB3,48.95,226583096.0
2020-10-14,SUZB3,48.19,403298402.0
2020-10-15,SUZB3,48.36,271886996.0
2020-10-16,SUZB3,50.59,647839428.0
2020-10-19,SUZB3,50.11,378941668.0
2020-10-20,SUZB3,50.69,277685770.0
2020-10-21,SUZB3,50.02,231189833.0
2020-10-22,SUZB3,51.6,335678572.0
2020-10-23,SUZB3,51.21,209605107.0
2020-10-26,SUZB3,51.0,247856353.0
2020-10-27,SUZB3,50.1,230489902.0
2020-10-28,SUZB3,48.52,295267000.0
2020-10-29,SUZB3,50.17,368919664.0
2020-10-30,SUZB3,50.05,846409254.0
2020-11-03,SUZB3,52.68,565198485.0
2020-11-04,SUZB3,51.63,310475295.0
2020-11-05,SUZB3,51.3,377910604.0
2020-11-06,SUZB3,49.9,455770760.0
2020-11-09,SUZB3,48.68,573517110.0
2020-11-10,SUZB3,47.97,513014902.0
2020-11-11,SUZB3,48.35,285491738.0
2020-11-12,SUZB3,48.57,238953861.0
2020-11-13,SUZB3,51.94,756899351.0
2020-11-16,SUZB3,53.09,518992090.0
2020-11-17,SUZB3,51.3,468023296.0
2020-11-18,SUZB3,50.74,387443869.0
2020-11-19,SUZB3,50.21,223566308.0
2020-11-20,SUZB3,51.23,273612160.0
2020-11-23,SUZB3,50.62,233797737.0
2020-11-24,SUZB3,50.1,338366026.0
2020-11-25,SUZB3,50.53,375038237.0
2020-11-26,SUZB3,53.4,417337736.0
2020-11-27,SUZB3,55.53,580138584.0
2020-11-30,SUZB3,56.5,614248451.0
2020-12-01,SUZB3,57.46,835948160.0
2020-12-02,SUZB3,54.58,2120882558.0
2019-01-04,TAEE11,25.24,101458958.0
2019-01-07,TAEE11,24.95,46413379.0
2019-01-08,TAEE11,24.8,30056313.0
2019-01-09,TAEE11,24.8,43163830.0
2019-01-10,TAEE11,25.0,45636235.0
2019-01-11,TAEE11,25.49,60492910.0
2019-01-14,TAEE11,25.4,58265471.0
2019-01-15,TAEE11,25.15,55880619.0
2019-01-16,TAEE11,25.26,52975323.0
2019-01-17,TAEE11,25.06,43662478.0
2019-01-18,TAEE11,25.4,41755528.0
2019-01-21,TAEE11,25.26,14484901.0
2019-01-22,TAEE11,25.4,35971472.0
2019-01-23,TAEE11,25.35,55187008.0
2019-01-24,TAEE11,25.85,69195947.0
2019-01-28,TAEE11,25.75,46174420.0
2019-01-29,TAEE11,25.81,60962595.0
2019-01-30,TAEE11,25.67,33201646.0
2019-01-31,TAEE11,25.72,37814132.0
2019-02-01,TAEE11,25.72,34660184.0
2019-02-04,TAEE11,25.88,31312163.0
2019-02-05,TAEE11,26.25,37550283.0
2019-02-06,TAEE11,25.31,90322286.0
2019-02-07,TAEE11,25.28,36914179.0
2019-02-08,TAEE11,25.8,37676337.0
2019-02-11,TAEE11,25.49,37239912.0
2019-02-12,TAEE11,25.3,37525671.0
2019-02-13,TAEE11,25.67,38028751.0
2019-02-14,TAEE11,25.75,31787469.0
2019-02-15,TAEE11,25.76,34134219.0
2019-02-18,TAEE11,25.6,10616030.0
2019-02-19,TAEE11,25.75,22641411.0
2019-02-20,TAEE11,25.74,55097396.0
2019-02-21,TAEE11,25.07,69390055.0
2019-02-22,TAEE11,25.0,37422640.0
2019-02-25,TAEE11,25.05,30174126.0
2019-02-26,TAEE11,24.99,36781163.0
2019-02-27,TAEE11,25.16,24992219.0
2019-02-28,TAEE11,24.96,34956556.0
2019-03-01,TAEE11,24.61,29700401.0
2019-03-06,TAEE11,24.72,35500816.0
2019-03-07,TAEE11,24.58,41750504.0
2019-03-08,TAEE11,24.96,39333521.0
2019-03-11,TAEE11,25.51,40929862.0
2019-03-12,TAEE11,25.84,54892620.0
2019-03-13,TAEE11,26.18,54223552.0
2019-03-14,TAEE11,25.85,46469972.0
2019-03-15,TAEE11,26.22,57200877.0
2019-03-18,TAEE11,26.17,27347013.0
2019-03-19,TAEE11,25.86,32054688.0
2019-03-20,TAEE11,25.38,34884877.0
2019-03-21,TAEE11,24.9,41874166.0
2019-03-22,TAEE11,24.46,39756181.0
2019-03-25,TAEE11,24.65,36613837.0
2019-03-26,TAEE11,24.68,33636281.0
2019-03-27,TAEE11,24.05,40071350.0
2019-03-28,TAEE11,24.63,58249018.0
2019-03-29,TAEE11,24.8,60971297.0
2019-04-01,TAEE11,24.92,27114894.0
2019-04-02,TAEE11,24.98,17835164.0
2019-05-03,TAEE11,26.2,27844158.0
2019-05-06,TAEE11,25.95,38737272.0
2019-05-07,TAEE11,26.07,33310659.0
2019-05-08,TAEE11,26.39,21646327.0
2019-05-09,TAEE11,26.34,36227325.0
2019-05-10,TAEE11,25.99,35204526.0
2019-05-13,TAEE11,25.38,43638785.0
2019-05-14,TAEE11,25.7,36041014.0
2019-05-15,TAEE11,25.1,45221308.0
2019-05-16,TAEE11,24.8,28111638.0
2019-05-17,TAEE11,24.24,35839904.0
2019-05-20,TAEE11,24.89,35752102.0
2019-05-21,TAEE11,25.05,31512559.0
2019-05-22,TAEE11,25.13,24038298.0
2019-05-23,TAEE11,25.24,20314621.0
2019-05-24,TAEE11,25.1,17148016.0
2019-05-27,TAEE11,25.19,14405163.0
2019-05-28,TAEE11,25.74,36091873.0
2019-05-29,TAEE11,25.6,32477848.0
2019-05-30,TAEE11,25.67,44560123.0
2019-05-31,TAEE11,26.53,41366402.0
2019-06-03,TAEE11,26.44,35229353.0
2019-06-04,TAEE11,26.55,27724253.0
2019-06-05,TAEE11,26.66,26284435.0
2019-06-06,TAEE11,27.21,41649880.0
2019-06-07,TAEE11,27.45,45189502.0
2019-06-10,TAEE11,27.4,28915376.0
2019-06-11,TAEE11,27.09,34477882.0
2019-06-12,TAEE11,26.85,36108308.0
2019-06-13,TAEE11,26.87,40204105.0
2019-06-14,TAEE11,26.58,47125919.0
2019-06-17,TAEE11,26.5,39130414.0
2019-06-18,TAEE11,26.7,43564356.0
2019-06-19,TAEE11,26.95,32946454.0
2019-06-21,TAEE11,26.83,35512863.0
2019-06-24,TAEE11,27.15,22552004.0
2019-06-25,TAEE11,26.8,20729066.0
2019-06-26,TAEE11,26.97,29886956.0
2019-06-27,TAEE11,27.1,38001532.0
2019-06-28,TAEE11,27.16,35780600.0
2019-07-01,TAEE11,27.4,24631450.0
2019-07-02,TAEE11,27.4,26320044.0
2019-07-03,TAEE11,27.67,36456979.0
2019-07-04,TAEE11,27.78,26740098.0
2019-07-05,TAEE11,28.03,16340833.0
2019-07-08,TAEE11,28.34,27924451.0
2019-07-10,TAEE11,28.69,38843824.0
2019-07-11,TAEE11,28.96,42957272.0
2019-07-12,TAEE11,28.48,45532295.0
2019-07-15,TAEE11,28.03,41298678.0
2019-07-16,TAEE11,27.82,27460858.0
2019-07-17,TAEE11,27.88,58023341.0
2019-07-18,TAEE11,28.15,39098626.0
2019-07-19,TAEE11,28.17,35061040.0
2019-07-22,TAEE11,28.42,27499276.0
2019-07-23,TAEE11,28.43,33844331.0
2019-07-24,TAEE11,28.38,21880144.0
2019-07-25,TAEE11,28.1,52790632.0
2019-07-26,TAEE11,27.88,36993370.0
2019-07-29,TAEE11,27.68,81924819.0
2019-07-30,TAEE11,27.97,29303484.0
2019-07-31,TAEE11,27.82,47268118.0
2019-08-01,TAEE11,28.31,44660037.0
2019-08-02,TAEE11,28.3,33829667.0
2019-09-02,TAEE11,27.98,30757108.0
2019-09-03,TAEE11,28.0,43468097.0
2019-09-04,TAEE11,28.5,38033398.0
2019-09-05,TAEE11,28.4,34352598.0
2019-09-06,TAEE11,28.36,19159539.0
2019-09-09,TAEE11,28.1,31595353.0
2019-09-10,TAEE11,27.88,39105678.0
2019-09-11,TAEE11,28.68,50444756.0
2019-09-12,TAEE11,29.0,56284899.0
2019-09-13,TAEE11,28.66,49545646.0
2019-09-16,TAEE11,28.49,57438006.0
2019-09-17,TAEE11,28.84,33552099.0
2019-09-18,TAEE11,29.0,31288363.0
2019-09-19,TAEE11,29.35,68423729.0
2019-09-20,TAEE11,28.8,68585680.0
2019-09-23,TAEE11,28.81,37162439.0
2019-09-24,TAEE11,28.65,34707757.0
2019-09-25,TAEE11,28.52,28787945.0
2019-09-26,TAEE11,28.21,27599713.0
2019-09-27,TAEE11,28.3,34908320.0
2019-09-30,TAEE11,28.8,30885889.0
2019-10-01,TAEE11,28.65,26004036.0
2019-10-02,TAEE11,27.95,34031418.0
2019-10-03,TAEE11,28.19,32751797.0
2019-10-04,TAEE11,28.2,41011217.0
2019-10-07,TAEE11,27.29,62139989.0
2019-10-08,TAEE11,27.45,63113553.0
2019-10-09,TAEE11,27.5,60523548.0
2019-10-10,TAEE11,27.42,52787876.0
2019-10-11,TAEE11,27.97,38017625.0
2019-10-14,TAEE11,28.07,22917295.0
2019-10-15,TAEE11,27.81,28735630.0
2019-10-16,TAEE11,27.77,89971958.0
2019-10-17,TAEE11,27.83,32479994.0
2019-10-18,TAEE11,28.06,70275871.0
2019-10-21,TAEE11,28.28,25677784.0
2019-10-22,TAEE11,28.24,32881369.0
2019-10-23,TAEE11,28.1,35994002.0
2019-10-24,TAEE11,28.0,41804358.0
2019-10-25,TAEE11,27.89,36221434.0
2019-10-28,TAEE11,28.0,35028625.0
2019-10-29,TAEE11,28.0,46175599.0
2019-10-30,TAEE11,28.59,34290437.0
2019-10-31,TAEE11,28.88,29671516.0
2019-11-01,TAEE11,28.66,34330887.0
2019-11-04,TAEE11,29.0,32592008.0
2019-11-05,TAEE11,28.87,31936265.0
2019-11-06,TAEE11,28.74,46139743.0
2019-11-07,TAEE11,28.86,28228729.0
2019-11-08,TAEE11,28.21,47270526.0
2019-11-11,TAEE11,28.13,36785205.0
2019-11-12,TAEE11,28.42,47637515.0
2019-11-13,TAEE11,28.3,28681603.0
2019-11-14,TAEE11,28.0,49111351.0
2019-11-18,TAEE11,28.25,48909995.0
2019-11-19,TAEE11,28.2,41695135.0
2019-11-21,TAEE11,27.83,42656077.0
2019-11-22,TAEE11,28.1,20367732.0
2019-11-25,TAEE11,27.93,27337472.0
2019-11-26,TAEE11,27.92,50060512.0
2019-11-27,TAEE11,28.05,28305204.0
2019-11-28,TAEE11,28.05,19143565.0
2019-11-29,TAEE11,28.3,36770221.0
2019-12-02,TAEE11,28.5,47377160.0
2020-01-02,TAEE11,30.96,60421926.0
2020-01-03,TAEE11,30.97,55144111.0
2020-01-06,TAEE11,31.0,77145116.0
2020-01-07,TAEE11,30.74,78063288.0
2020-01-08,TAEE11,30.12,67598812.0
2020-01-09,TAEE11,30.28,92510151.0
2020-01-10,TAEE11,30.37,41960589.0
2020-01-13,TAEE11,30.71,49899278.0
2020-01-14,TAEE11,30.81,63770310.0
2020-01-15,TAEE11,30.71,56382957.0
2020-01-16,TAEE11,30.85,85387234.0
2020-01-17,TAEE11,31.44,44239787.0
2020-01-20,TAEE11,32.05,94055620.0
2020-01-21,TAEE11,31.85,52814868.0
2020-01-22,TAEE11,31.99,62514687.0
2020-01-23,TAEE11,32.21,47912175.0
2020-01-24,TAEE11,32.02,35832564.0
2020-01-27,TAEE11,31.5,57943274.0
2020-01-28,TAEE11,31.98,48263365.0
2020-01-29,TAEE11,31.77,49260855.0
2020-01-30,TAEE11,31.33,73598656.0
2020-01-31,TAEE11,30.96,65138360.0
2020-02-03,TAEE11,31.15,102376852.0
2020-02-04,TAEE11,31.14,54121419.0
2020-02-05,TAEE11,31.36,49799388.0
2020-02-06,TAEE11,30.85,49169432.0
2020-02-07,TAEE11,30.47,37725669.0
2020-02-10,TAEE11,30.49,47095055.0
2020-02-11,TAEE11,30.81,34995459.0
2020-02-12,TAEE11,31.52,58533181.0
2020-02-13,TAEE11,31.18,48871963.0
2020-02-14,TAEE11,31.04,34387104.0
2020-02-17,TAEE11,31.32,56321496.0
2020-02-18,TAEE11,31.39,45386982.0
2020-02-19,TAEE11,31.47,32414440.0
2020-02-20,TAEE11,30.77,93077641.0
2020-02-21,TAEE11,30.8,49174997.0
2020-02-26,TAEE11,29.7,87747653.0
2020-02-27,TAEE11,29.44,107538915.0
2020-02-28,TAEE11,29.99,141010315.0
2020-03-02,TAEE11,30.27,121614282.0
2020-03-03,TAEE11,30.0,102173360.0
2020-03-04,TAEE11,30.99,89645713.0
2020-03-05,TAEE11,29.91,84444786.0
2020-03-06,TAEE11,29.74,130808018.0
2020-03-09,TAEE11,28.76,202578387.0
2020-03-10,TAEE11,30.29,189374969.0
2020-03-11,TAEE11,29.75,178268948.0
2020-03-12,TAEE11,27.97,136005532.0
2020-03-13,TAEE11,28.59,127901177.0
2020-03-16,TAEE11,26.34,150182304.0
2020-03-17,TAEE11,27.37,120201049.0
2020-03-18,TAEE11,26.29,161485554.0
2020-03-19,TAEE11,25.75,143612823.0
2020-03-20,TAEE11,26.07,95779896.0
2020-03-23,TAEE11,24.54,98806952.0
2020-03-24,TAEE11,24.72,80527505.0
2020-03-25,TAEE11,24.82,96498390.0
2020-03-26,TAEE11,26.0,82783500.0
2020-03-27,TAEE11,25.47,53957369.0
2020-03-30,TAEE11,25.27,50196544.0
2020-03-31,TAEE11,25.83,74508159.0
2020-04-01,TAEE11,25.41,68362835.0
2020-04-02,TAEE11,26.35,97315804.0
2020-05-04,TAEE11,27.4,85785035.0
2020-05-05,TAEE11,27.65,56234285.0
2020-05-06,TAEE11,27.6,48267200.0
2020-05-07,TAEE11,26.81,92169926.0
2020-05-08,TAEE11,27.05,57201429.0
2020-05-11,TAEE11,26.6,53143965.0
2020-05-12,TAEE11,26.35,68457261.0
2020-05-13,TAEE11,26.54,67867920.0
2020-05-14,TAEE11,27.0,50261304.0
2020-05-15,TAEE11,26.9,67267801.0
2020-05-18,TAEE11,27.81,64168515.0
2020-05-19,TAEE11,27.81,69312988.0
2020-05-20,TAEE11,27.09,51314404.0
2020-05-21,TAEE11,27.92,90455236.0
2020-05-22,TAEE11,27.93,56882611.0
2020-05-25,TAEE11,28.15,96920012.0
2020-05-26,TAEE11,28.11,130716098.0
2020-05-27,TAEE11,28.38,84509163.0
2020-05-28,TAEE11,28.5,64587723.0
2020-05-29,TAEE11,28.54,81475139.0
2020-06-01,TAEE11,28.89,52768357.0
2020-06-02,TAEE11,28.97,61819981.0
2020-06-03,TAEE11,28.47,98240609.0
2020-06-04,TAEE11,28.26,64674024.0
2020-06-05,TAEE11,28.71,79791712.0
2020-06-08,TAEE11,28.94,95924254.0
2020-06-09,TAEE11,28.81,103893710.0
2020-06-10,TAEE11,28.99,85652404.0
2020-06-12,TAEE11,28.53,100830461.0
2020-06-15,TAEE11,28.39,52557291.0
2020-06-16,TAEE11,28.34,62086474.0
2020-06-17,TAEE11,28.74,79559751.0
2020-06-18,TAEE11,28.87,89582682.0
2020-06-19,TAEE11,28.97,106747431.0
2020-06-22,TAEE11,28.85,60371860.0
2020-06-23,TAEE11,28.56,70841921.0
2020-06-24,TAEE11,28.19,101382421.0
2020-06-25,TAEE11,28.3,86004389.0
2020-06-26,TAEE11,28.07,113944777.0
2020-06-29,TAEE11,28.67,44925276.0
2020-06-30,TAEE11,28.1,96311732.0
2020-07-01,TAEE11,28.49,97765403.0
2020-07-02,TAEE11,28.41,79101577.0
2020-07-03,TAEE11,28.4,28566664.0
2020-07-06,TAEE11,28.48,65442654.0
2020-07-07,TAEE11,28.46,78225948.0
2020-07-08,TAEE11,28.86,83573678.0
2020-07-09,TAEE11,28.55,55051497.0
2020-07-10,TAEE11,28.49,42034659.0
2020-07-13,TAEE11,28.45,51366535.0
2020-07-14,TAEE11,28.29,76057232.0
2020-07-15,TAEE11,28.32,72904685.0
2020-07-16,TAEE11,28.12,71216853.0
2020-07-17,TAEE11,28.19,66296448.0
2020-07-20,TAEE11,28.32,61644009.0
2020-07-21,TAEE11,28.24,61273735.0
2020-07-22,TAEE11,28.32,53171547.0
2020-07-23,TAEE11,28.17,67123144.0
2020-07-24,TAEE11,28.36,64395790.0
2020-07-27,TAEE11,28.64,88896394.0
2020-07-28,TAEE11,29.0,69219240.0
2020-07-29,TAEE11,28.94,72696818.0
2020-07-30,TAEE11,29.2,64160902.0
2020-07-31,TAEE11,28.96,86514039.0
2020-09-02,TAEE11,28.58,58618376.0
2020-09-03,TAEE11,28.33,95068380.0
2020-09-04,TAEE11,28.42,62362746.0
2020-09-08,TAEE11,28.76,91083807.0
2020-09-09,TAEE11,29.24,96424715.0
2020-09-10,TAEE11,28.73,75070114.0
2020-09-11,TAEE11,28.38,79863980.0
2020-09-14,TAEE11,28.6,60656333.0
2020-09-15,TAEE11,28.56,75188699.0
2020-09-16,TAEE11,28.71,63325314.0
2020-09-17,TAEE11,28.62,66304994.0
2020-09-18,TAEE11,28.21,93514837.0
2020-09-21,TAEE11,28.33,94551923.0
2020-09-22,TAEE11,28.33,50828985.0
2020-09-23,TAEE11,28.21,65797724.0
2020-09-24,TAEE11,28.5,58963406.0
2020-09-25,TAEE11,28.3,45266111.0
2020-09-28,TAEE11,27.94,61181761.0
2020-09-29,TAEE11,28.0,71279467.0
2020-09-30,TAEE11,27.96,63660860.0
2020-10-01,TAEE11,28.12,46402492.0
2020-10-02,TAEE11,28.0,52807590.0
2020-10-05,TAEE11,28.07,68328292.0
2020-10-06,TAEE11,28.02,69743347.0
2020-10-07,TAEE11,28.12,74092419.0
2020-10-08,TAEE11,28.14,51709594.0
2020-10-09,TAEE11,28.0,83863866.0
2020-10-13,TAEE11,27.98,65353886.0
2020-10-14,TAEE11,28.06,90380823.0
2020-10-15,TAEE11,28.01,130011231.0
2020-10-16,TAEE11,28.33,57637847.0
2020-10-19,TAEE11,28.5,124183747.0
2020-10-20,TAEE11,28.71,64756504.0
2020-10-21,TAEE11,28.64,71374011.0
2020-10-22,TAEE11,28.78,80168377.0
2020-10-23,TAEE11,28.59,65444411.0
2020-10-26,TAEE11,28.61,68106697.0
2020-10-27,TAEE11,28.75,76258346.0
2020-10-28,TAEE11,28.39,120531161.0
2020-10-29,TAEE11,28.39,77622485.0
2020-10-30,TAEE11,28.15,113063080.0
2020-11-03,TAEE11,28.27,111061579.0
2020-11-04,TAEE11,29.04,104289177.0
2020-11-05,TAEE11,29.56,116134815.0
2020-11-06,TAEE11,30.3,145198882.0
2020-11-09,TAEE11,30.39,144898396.0
2020-11-10,TAEE11,30.61,90758639.0
2020-11-11,TAEE11,30.62,102596148.0
2020-11-12,TAEE11,31.57,232957104.0
2020-11-13,TAEE11,32.86,204237306.0
2020-11-16,TAEE11,33.61,182639068.0
2020-11-17,TAEE11,32.26,187561596.0
2020-11-18,TAEE11,32.4,127929085.0
2020-11-19,TAEE11,32.7,187674417.0
2020-11-20,TAEE11,32.47,135786729.0
2020-11-23,TAEE11,32.25,112431854.0
2020-11-24,TAEE11,32.77,101769426.0
2020-11-25,TAEE11,32.83,73347986.0
2020-11-26,TAEE11,33.09,38877428.0
2020-11-27,TAEE11,33.0,58762643.0
2020-11-30,TAEE11,33.11,103254829.0
2020-12-01,TAEE11,32.94,84605004.0
2020-12-02,TAEE11,32.6,97873620.0
2019-01-04,TIMP3,11.98,43388091.0
2019-01-07,TIMP3,12.37,41537973.0
2019-01-08,TIMP3,12.84,61100414.0
2019-01-09,TIMP3,12.99,63753558.0
2019-01-10,TIMP3,12.5,85680753.0
2019-01-11,TIMP3,12.46,80791710.0
2019-01-14,TIMP3,12.46,45710877.0
2019-01-15,TIMP3,12.48,33358472.0
2019-01-16,TIMP3,12.24,42553401.0
2019-01-17,TIMP3,12.27,50808622.0
2019-01-18,TIMP3,12.35,50865781.0
2019-01-21,TIMP3,12.54,15312307.0
2019-01-22,TIMP3,12.46,48249218.0
2019-01-23,TIMP3,12.61,42189143.0
2019-01-24,TIMP3,12.55,61481899.0
2019-01-28,TIMP3,12.35,41592545.0
2019-01-29,TIMP3,12.1,48835133.0
2019-01-30,TIMP3,12.03,114900270.0
2019-01-31,TIMP3,12.4,73654676.0
2019-02-01,TIMP3,12.59,69164126.0
2019-02-04,TIMP3,12.62,35072897.0
2019-02-05,TIMP3,12.58,36568342.0
2019-02-06,TIMP3,12.1,100355265.0
2019-02-07,TIMP3,11.9,55822359.0
2019-02-08,TIMP3,11.79,61391500.0
2019-02-11,TIMP3,11.74,50817373.0
2019-02-12,TIMP3,11.63,35242936.0
2019-02-13,TIMP3,11.6,67252072.0
2019-02-14,TIMP3,11.72,58017220.0
2019-02-15,TIMP3,11.95,187797680.0
2019-02-18,TIMP3,11.85,31474442.0
2019-02-19,TIMP3,11.95,46499842.0
2019-02-20,TIMP3,12.25,110819331.0
2019-02-21,TIMP3,12.25,75842584.0
2019-02-22,TIMP3,12.4,65643153.0
2019-02-25,TIMP3,12.27,18067276.0
2019-02-26,TIMP3,12.31,23254169.0
2019-02-27,TIMP3,12.05,21055971.0
2019-02-28,TIMP3,11.82,41120399.0
2019-03-01,TIMP3,11.61,28384181.0
2019-03-06,TIMP3,11.46,37653183.0
2019-03-07,TIMP3,11.41,33170563.0
2019-03-08,TIMP3,11.75,39423497.0
2019-03-11,TIMP3,11.98,39652541.0
2019-03-12,TIMP3,11.93,43583756.0
2019-03-13,TIMP3,12.38,55700893.0
2019-03-14,TIMP3,12.42,31889243.0
2019-03-15,TIMP3,12.8,74125368.0
2019-03-18,TIMP3,12.79,52201117.0
2019-03-19,TIMP3,12.75,42624808.0
2019-03-20,TIMP3,12.52,55134130.0
2019-03-21,TIMP3,12.58,60378076.0
2019-03-22,TIMP3,12.3,47087136.0
2019-03-25,TIMP3,12.18,42918059.0
2019-03-26,TIMP3,12.29,31019670.0
2019-03-27,TIMP3,11.7,87606018.0
2019-03-28,TIMP3,11.77,69816194.0
2019-03-29,TIMP3,11.79,48958887.0
2019-04-01,TIMP3,11.8,27109719.0
2019-04-02,TIMP3,11.67,21759076.0
2019-05-03,TIMP3,11.48,25152398.0
2019-05-06,TIMP3,11.43,51819891.0
2019-05-07,TIMP3,11.47,38811415.0
2019-05-08,TIMP3,10.95,113394665.0
2019-05-09,TIMP3,10.93,94482443.0
2019-05-10,TIMP3,10.89,51517998.0
2019-05-13,TIMP3,10.6,48861740.0
2019-05-14,TIMP3,10.64,100804051.0
2019-05-15,TIMP3,10.66,45226166.0
2019-05-16,TIMP3,10.54,69638264.0
2019-05-17,TIMP3,10.64,28504912.0
2019-05-20,TIMP3,10.72,39736736.0
2019-05-21,TIMP3,10.75,64045886.0
2019-05-22,TIMP3,10.69,42132603.0
2019-05-23,TIMP3,10.55,37939011.0
2019-05-24,TIMP3,10.66,53429336.0
2019-05-27,TIMP3,10.71,21028990.0
2019-05-28,TIMP3,10.89,86669538.0
2019-05-29,TIMP3,10.84,40215800.0
2019-05-30,TIMP3,10.89,39844024.0
2019-05-31,TIMP3,11.0,50764919.0
2019-06-03,TIMP3,11.11,78547982.0
2019-06-04,TIMP3,11.04,67233310.0
2019-06-05,TIMP3,10.64,83889601.0
2019-06-06,TIMP3,10.83,77149424.0
2019-06-07,TIMP3,11.09,70405483.0
2019-06-10,TIMP3,11.07,27397038.0
2019-06-11,TIMP3,11.05,70087246.0
2019-06-12,TIMP3,11.07,45668096.0
2019-06-13,TIMP3,11.24,51571563.0
2019-06-14,TIMP3,11.04,50145775.0
2019-06-17,TIMP3,10.79,52536995.0
2019-06-18,TIMP3,11.21,95572789.0
2019-06-19,TIMP3,11.51,158602387.0
2019-06-21,TIMP3,11.86,92752648.0
2019-06-24,TIMP3,11.91,54762713.0
2019-06-25,TIMP3,11.75,60383022.0
2019-06-26,TIMP3,11.7,43431909.0
2019-06-27,TIMP3,11.6,51447805.0
2019-06-28,TIMP3,11.63,60009956.0
2019-07-01,TIMP3,11.45,43503492.0
2019-07-02,TIMP3,11.43,62221385.0
2019-07-03,TIMP3,11.77,66833901.0
2019-07-04,TIMP3,12.18,46567147.0
2019-07-05,TIMP3,12.15,82120573.0
2019-07-08,TIMP3,11.99,68585495.0
2019-07-10,TIMP3,12.15,216650784.0
2019-07-11,TIMP3,12.17,65393363.0
2019-07-12,TIMP3,12.1,99647379.0
2019-07-15,TIMP3,12.38,145654870.0
2019-07-16,TIMP3,12.44,56951586.0
2019-07-17,TIMP3,12.3,43633794.0
2019-07-18,TIMP3,12.35,30358863.0
2019-07-19,TIMP3,12.2,36258850.0
2019-07-22,TIMP3,12.16,25416214.0
2019-07-23,TIMP3,12.18,34318143.0
2019-07-24,TIMP3,12.25,46149257.0
2019-07-25,TIMP3,11.9,56037049.0
2019-07-26,TIMP3,12.04,31923104.0
2019-07-29,TIMP3,12.03,22879171.0
2019-07-30,TIMP3,12.01,27831042.0
2019-07-31,TIMP3,12.22,146390390.0
2019-08-01,TIMP3,12.27,80659748.0
2019-08-02,TIMP3,12.59,58896001.0
2019-09-02,TIMP3,12.35,25027288.0
2019-09-03,TIMP3,12.04,45004235.0
2019-09-04,TIMP3,11.99,61299916.0
2019-09-05,TIMP3,11.95,63968045.0
2019-09-06,TIMP3,11.8,42059335.0
2019-09-09,TIMP3,11.5,48722098.0
2019-09-10,TIMP3,11.74,53202939.0
2019-09-11,TIMP3,11.85,45790826.0
2019-09-12,TIMP3,12.15,71402332.0
2019-09-13,TIMP3,11.95,26156571.0
2019-09-16,TIMP3,11.96,46650688.0
2019-09-17,TIMP3,12.05,60089092.0
2019-09-18,TIMP3,11.9,28414529.0
2019-09-19,TIMP3,11.92,31464094.0
2019-09-20,TIMP3,11.99,72581604.0
2019-09-23,TIMP3,11.87,21314421.0
2019-09-24,TIMP3,11.74,28014944.0
2019-09-25,TIMP3,11.87,24984839.0
2019-09-26,TIMP3,12.08,34067287.0
2019-09-27,TIMP3,11.92,21440146.0
2019-09-30,TIMP3,11.91,35483758.0
2019-10-01,TIMP3,11.78,35277866.0
2019-10-02,TIMP3,11.52,47242714.0
2019-10-03,TIMP3,11.54,32380425.0
2019-10-04,TIMP3,11.57,27201294.0
2019-10-07,TIMP3,11.39,56138589.0
2019-10-08,TIMP3,11.37,42950076.0
2019-10-09,TIMP3,11.46,23579553.0
2019-10-10,TIMP3,11.54,34305514.0
2019-10-11,TIMP3,11.64,37502201.0
2019-10-14,TIMP3,11.47,33425069.0
2019-10-15,TIMP3,11.38,63336323.0
2019-10-16,TIMP3,11.45,77471959.0
2019-10-17,TIMP3,11.56,32005936.0
2019-10-18,TIMP3,11.55,38946788.0
2019-10-21,TIMP3,11.66,31465771.0
2019-10-22,TIMP3,11.65,62485190.0
2019-10-23,TIMP3,11.68,38126429.0
2019-10-24,TIMP3,11.68,29225711.0
2019-10-25,TIMP3,11.52,26316699.0
2019-10-28,TIMP3,11.57,33177582.0
2019-10-29,TIMP3,11.45,23792564.0
2019-10-30,TIMP3,11.56,24624493.0
2019-10-31,TIMP3,11.42,39552724.0
2019-11-01,TIMP3,11.46,26973966.0
2019-11-04,TIMP3,11.88,45510242.0
2019-11-05,TIMP3,11.95,79648323.0
2019-11-06,TIMP3,12.47,95185594.0
2019-11-07,TIMP3,12.49,64990559.0
2019-11-08,TIMP3,12.81,83431110.0
2019-11-11,TIMP3,12.67,37343060.0
2019-11-12,TIMP3,12.3,64067834.0
2019-11-13,TIMP3,12.63,48241755.0
2019-11-14,TIMP3,13.0,66717356.0
2019-11-18,TIMP3,13.21,82827909.0
2019-11-19,TIMP3,13.34,49483637.0
2019-11-21,TIMP3,13.48,118388727.0
2019-11-22,TIMP3,13.65,65370657.0
2019-11-25,TIMP3,13.8,53675101.0
2019-11-26,TIMP3,13.62,125679846.0
2019-11-27,TIMP3,13.65,61918869.0
2019-11-28,TIMP3,13.92,34433724.0
2019-11-29,TIMP3,13.54,72634797.0
2019-12-02,TIMP3,13.68,69207565.0
2020-01-02,TIMP3,15.77,130295434.0
2020-01-03,TIMP3,15.8,95470279.0
2020-01-06,TIMP3,15.78,104387159.0
2020-01-07,TIMP3,15.95,130560952.0
2020-01-08,TIMP3,16.12,205285313.0
2020-01-09,TIMP3,15.9,103826989.0
2020-01-10,TIMP3,16.32,97244540.0
2020-01-13,TIMP3,16.33,105857531.0
2020-01-14,TIMP3,16.4,93034678.0
2020-01-15,TIMP3,16.41,84303834.0
2020-01-16,TIMP3,16.59,109023930.0
2020-01-17,TIMP3,16.64,63214474.0
2020-01-20,TIMP3,16.29,45693674.0
2020-01-21,TIMP3,16.7,172336022.0
2020-01-22,TIMP3,17.0,118688949.0
2020-01-23,TIMP3,16.77,110693845.0
2020-01-24,TIMP3,16.39,106428575.0
2020-01-27,TIMP3,16.5,132544662.0
2020-01-28,TIMP3,17.02,109750397.0
2020-01-29,TIMP3,16.87,119215835.0
2020-01-30,TIMP3,16.72,102629802.0
2020-01-31,TIMP3,16.75,132716108.0
2020-02-03,TIMP3,17.06,130747641.0
2020-02-04,TIMP3,16.91,97846110.0
2020-02-05,TIMP3,16.8,142177157.0
2020-02-06,TIMP3,16.63,112208500.0
2020-02-07,TIMP3,16.66,73916779.0
2020-02-10,TIMP3,16.33,88469650.0
2020-02-11,TIMP3,16.81,103203867.0
2020-02-12,TIMP3,17.49,240102333.0
2020-02-13,TIMP3,17.39,146194293.0
2020-02-14,TIMP3,16.89,79254189.0
2020-02-17,TIMP3,17.19,84114432.0
2020-02-18,TIMP3,17.11,115644792.0
2020-02-19,TIMP3,16.96,105254002.0
2020-02-20,TIMP3,16.91,116430628.0
2020-02-21,TIMP3,17.06,100188645.0
2020-02-26,TIMP3,16.64,146656014.0
2020-02-27,TIMP3,16.17,166384318.0
2020-02-28,TIMP3,16.13,142794439.0
2020-03-02,TIMP3,16.6,134849623.0
2020-03-03,TIMP3,16.47,111202857.0
2020-03-04,TIMP3,17.2,118982682.0
2020-03-05,TIMP3,16.72,118926133.0
2020-03-06,TIMP3,16.31,146411307.0
2020-03-09,TIMP3,15.11,231201272.0
2020-03-10,TIMP3,15.51,207760859.0
2020-03-11,TIMP3,15.7,493892815.0
2020-03-12,TIMP3,13.38,133494087.0
2020-03-13,TIMP3,14.32,225428178.0
2020-03-16,TIMP3,12.96,146726166.0
2020-03-17,TIMP3,14.14,245616575.0
2020-03-18,TIMP3,13.55,183777992.0
2020-03-19,TIMP3,14.9,196520777.0
2020-03-20,TIMP3,13.88,184657221.0
2020-03-23,TIMP3,12.3,177881723.0
2020-03-24,TIMP3,12.2,183778798.0
2020-03-25,TIMP3,12.76,228784481.0
2020-03-26,TIMP3,13.59,186256711.0
2020-03-27,TIMP3,12.77,128109677.0
2020-03-30,TIMP3,13.27,101927038.0
2020-03-31,TIMP3,12.44,128849399.0
2020-04-01,TIMP3,12.77,97601052.0
2020-04-02,TIMP3,12.59,77345528.0
2020-05-04,TIMP3,13.45,171163077.0
2020-05-05,TIMP3,13.9,126839068.0
2020-05-06,TIMP3,13.59,217295749.0
2020-05-07,TIMP3,13.0,157931788.0
2020-05-08,TIMP3,13.16,114109734.0
2020-05-11,TIMP3,12.96,78017843.0
2020-05-12,TIMP3,12.64,83308514.0
2020-05-13,TIMP3,12.7,115172809.0
2020-05-14,TIMP3,12.82,113648267.0
2020-05-15,TIMP3,12.2,104718287.0
2020-05-18,TIMP3,12.91,79433375.0
2020-05-19,TIMP3,12.47,73432713.0
2020-05-20,TIMP3,12.88,69260618.0
2020-05-21,TIMP3,13.17,90368422.0
2020-05-22,TIMP3,12.8,90848734.0
2020-05-25,TIMP3,13.55,45734753.0
2020-05-26,TIMP3,13.43,84788122.0
2020-05-27,TIMP3,13.6,68471082.0
2020-05-28,TIMP3,13.41,82969221.0
2020-05-29,TIMP3,13.62,146559993.0
2020-06-01,TIMP3,13.51,76039753.0
2020-06-02,TIMP3,13.77,90715913.0
2020-06-03,TIMP3,13.67,110588601.0
2020-06-04,TIMP3,14.13,90525021.0
2020-06-05,TIMP3,14.6,187470474.0
2020-06-08,TIMP3,14.44,107026340.0
2020-06-09,TIMP3,14.48,109396297.0
2020-06-10,TIMP3,14.3,149732316.0
2020-06-12,TIMP3,14.34,137573024.0
2020-06-15,TIMP3,14.34,139123282.0
2020-06-16,TIMP3,14.75,205382135.0
2020-06-17,TIMP3,14.63,159058939.0
2020-06-18,TIMP3,14.61,80478051.0
2020-06-19,TIMP3,14.48,136021030.0
2020-06-22,TIMP3,14.4,65486875.0
2020-06-23,TIMP3,14.2,114773469.0
2020-06-24,TIMP3,13.99,112794146.0
2020-06-25,TIMP3,14.2,80190197.0
2020-06-26,TIMP3,14.03,88080828.0
2020-06-29,TIMP3,13.77,138921652.0
2020-06-30,TIMP3,14.2,127693344.0
2020-07-01,TIMP3,14.47,119557158.0
2020-07-02,TIMP3,14.55,145458661.0
2020-07-03,TIMP3,15.25,122874673.0
2020-07-06,TIMP3,15.3,144228848.0
2020-07-07,TIMP3,14.93,115960564.0
2020-07-08,TIMP3,15.26,200337111.0
2020-07-09,TIMP3,14.72,155521512.0
2020-07-10,TIMP3,14.91,137414418.0
2020-07-13,TIMP3,14.79,141739130.0
2020-07-14,TIMP3,14.82,157917350.0
2020-07-15,TIMP3,15.16,313845576.0
2020-07-16,TIMP3,15.55,231257567.0
2020-07-17,TIMP3,15.83,130040249.0
2020-07-20,TIMP3,16.8,510675289.0
2020-07-21,TIMP3,16.6,265162954.0
2020-07-22,TIMP3,16.13,371994753.0
2020-07-23,TIMP3,14.77,522408683.0
2020-07-24,TIMP3,14.41,145908143.0
2020-07-27,TIMP3,14.57,164963440.0
2020-07-28,TIMP3,14.88,293467272.0
2020-07-29,TIMP3,14.89,140444659.0
2020-07-30,TIMP3,14.8,152237749.0
2020-07-31,TIMP3,15.75,259972270.0
2020-09-02,TIMP3,15.02,97508598.0
2020-09-03,TIMP3,14.81,113135232.0
2020-09-04,TIMP3,14.74,77470038.0
2020-09-08,TIMP3,14.99,184938134.0
2020-09-09,TIMP3,15.28,190325150.0
2020-09-10,TIMP3,14.77,102912997.0
2020-09-11,TIMP3,14.44,99309131.0
2020-09-14,TIMP3,14.52,61126933.0
2020-09-15,TIMP3,14.4,68380013.0
2020-09-16,TIMP3,14.23,88112711.0
2020-09-17,TIMP3,14.25,108302310.0
2020-09-18,TIMP3,14.03,112810657.0
2020-09-21,TIMP3,13.86,77617533.0
2020-09-22,TIMP3,13.85,89588768.0
2020-09-23,TIMP3,13.38,75262037.0
2020-09-24,TIMP3,13.54,88678797.0
2020-09-25,TIMP3,13.58,110945784.0
2020-09-28,TIMP3,13.13,106357928.0
2020-09-29,TIMP3,13.14,224482669.0
2020-09-30,TIMP3,13.06,113051237.0
2020-10-01,TIMP3,13.07,90467194.0
2020-10-02,TIMP3,12.97,246758385.0
2020-10-05,TIMP3,13.16,65505870.0
2020-10-06,TIMP3,13.18,85098233.0
2020-10-07,TIMP3,13.15,101732948.0
2020-10-08,TIMP3,13.58,172251569.0
2020-10-09,TIMP3,13.46,150453703.0
2020-01-02,TOTS3,69.15,246602708.0
2020-01-03,TOTS3,70.62,430128198.0
2020-01-06,TOTS3,69.01,161133134.0
2020-01-07,TOTS3,69.3,170710749.0
2020-01-08,TOTS3,68.37,123105961.0
2020-01-09,TOTS3,69.5,145294163.0
2020-01-10,TOTS3,68.98,134315537.0
2020-01-13,TOTS3,69.65,113944763.0
2020-01-14,TOTS3,69.65,151637211.0
2020-01-15,TOTS3,69.82,95457781.0
2020-01-16,TOTS3,69.83,104586884.0
2020-01-17,TOTS3,72.36,146654625.0
2020-01-20,TOTS3,72.88,55142674.0
2020-01-21,TOTS3,72.2,128310393.0
2020-01-22,TOTS3,74.08,100947048.0
2020-01-23,TOTS3,74.87,95892136.0
2020-01-24,TOTS3,73.46,125163613.0
2020-01-27,TOTS3,72.26,112375462.0
2020-01-28,TOTS3,74.55,119187910.0
2020-01-29,TOTS3,73.5,119752215.0
2020-01-30,TOTS3,72.7,197004262.0
2020-01-31,TOTS3,74.65,159599082.0
2020-02-03,TOTS3,78.42,213038161.0
2020-02-04,TOTS3,78.0,167153975.0
2020-02-05,TOTS3,78.25,176719011.0
2020-02-06,TOTS3,76.67,196822328.0
2020-02-07,TOTS3,75.46,151324722.0
2020-02-10,TOTS3,74.53,124094696.0
2020-02-11,TOTS3,75.21,159923623.0
2020-02-12,TOTS3,78.4,201225895.0
2020-02-13,TOTS3,78.1,208738964.0
2020-02-14,TOTS3,77.7,149161706.0
2020-02-17,TOTS3,83.72,249230672.0
2020-02-18,TOTS3,82.6,379331943.0
2020-02-19,TOTS3,82.25,190849239.0
2020-02-20,TOTS3,82.24,248943599.0
2020-02-21,TOTS3,83.03,148285322.0
2020-02-26,TOTS3,78.4,224492478.0
2020-02-27,TOTS3,73.64,299721243.0
2020-02-28,TOTS3,71.01,282197914.0
2020-03-02,TOTS3,74.18,240769411.0
2020-03-03,TOTS3,73.29,144490240.0
2020-03-04,TOTS3,74.0,148220279.0
2020-03-05,TOTS3,69.5,104497938.0
2020-03-06,TOTS3,64.94,207101649.0
2020-03-09,TOTS3,58.32,201857945.0
2020-03-10,TOTS3,62.28,139408887.0
2020-03-11,TOTS3,58.7,211939318.0
2020-03-12,TOTS3,51.25,90897860.0
2020-03-13,TOTS3,57.64,149466757.0
2020-03-16,TOTS3,49.52,114864072.0
2020-03-17,TOTS3,50.64,79167104.0
2020-03-18,TOTS3,42.87,186516922.0
2020-03-19,TOTS3,42.1,170344783.0
2020-03-20,TOTS3,43.73,266074740.0
2020-03-23,TOTS3,43.72,105796416.0
2020-03-24,TOTS3,45.91,108093730.0
2020-03-25,TOTS3,55.0,118703673.0
2020-03-26,TOTS3,53.17,206655822.0
2020-03-27,TOTS3,45.52,303012500.0
2020-03-30,TOTS3,46.94,134867309.0
2020-03-31,TOTS3,46.68,144906983.0
2020-04-01,TOTS3,44.77,136773415.0
2020-04-02,TOTS3,45.6,93595462.0
2020-05-04,TOTS3,20.0,105303014.0
2020-05-05,TOTS3,20.27,119507630.0
2020-05-06,TOTS3,19.69,94510636.0
2020-05-07,TOTS3,18.21,162008895.0
2020-05-08,TOTS3,18.5,102630089.0
2020-05-11,TOTS3,17.97,97111728.0
2020-05-12,TOTS3,17.26,74227679.0
2020-05-13,TOTS3,17.6,125241887.0
2020-05-14,TOTS3,17.74,82333697.0
2020-05-15,TOTS3,18.7,123809456.0
2020-05-18,TOTS3,19.14,118023036.0
2020-05-19,TOTS3,19.13,101384967.0
2020-05-20,TOTS3,19.42,69808132.0
2020-05-21,TOTS3,20.13,89046994.0
2020-05-22,TOTS3,19.73,45852826.0
2020-05-25,TOTS3,20.3,55125542.0
2020-05-26,TOTS3,20.67,121700940.0
2020-05-27,TOTS3,20.32,112243884.0
2020-05-28,TOTS3,20.5,104962227.0
2020-05-29,TOTS3,20.11,148217530.0
2020-06-01,TOTS3,20.44,112216965.0
2020-06-02,TOTS3,20.75,120059800.0
2020-06-03,TOTS3,21.48,144019573.0
2020-06-04,TOTS3,21.69,139269913.0
2020-06-05,TOTS3,20.76,176332921.0
2020-06-08,TOTS3,21.03,143011832.0
2020-06-09,TOTS3,21.11,121109096.0
2020-06-10,TOTS3,21.49,123573682.0
2020-06-12,TOTS3,21.55,114743446.0
2020-06-15,TOTS3,21.17,89604581.0
2020-06-16,TOTS3,21.03,94997721.0
2020-06-17,TOTS3,22.15,150211459.0
2020-06-18,TOTS3,22.74,167384457.0
2020-06-19,TOTS3,22.59,192942050.0
2020-06-22,TOTS3,22.64,87779205.0
2020-06-23,TOTS3,22.84,89518138.0
2020-06-24,TOTS3,22.41,75332217.0
2020-06-25,TOTS3,23.07,71336830.0
2020-06-26,TOTS3,22.26,51672990.0
2020-06-29,TOTS3,22.42,31814090.0
2020-06-30,TOTS3,23.15,117821967.0
2020-07-01,TOTS3,23.75,139151408.0
2020-07-02,TOTS3,24.13,96160370.0
2020-07-03,TOTS3,24.2,45775724.0
2020-07-06,TOTS3,24.36,84274633.0
2020-07-07,TOTS3,24.52,141740612.0
2020-07-08,TOTS3,24.32,104032197.0
2020-07-09,TOTS3,25.09,91257752.0
2020-07-10,TOTS3,25.07,71656000.0
2020-07-13,TOTS3,24.67,76999337.0
2020-07-14,TOTS3,24.68,67728160.0
2020-07-15,TOTS3,25.0,96369890.0
2020-07-16,TOTS3,25.14,79670188.0
2020-07-17,TOTS3,25.71,124684022.0
2020-07-20,TOTS3,26.39,83546083.0
2020-07-21,TOTS3,26.27,80686916.0
2020-07-22,TOTS3,26.3,194481019.0
2020-07-23,TOTS3,26.23,100977381.0
2020-07-24,TOTS3,26.36,127439412.0
2020-07-27,TOTS3,26.24,83334781.0
2020-07-28,TOTS3,25.95,113384288.0
2020-07-29,TOTS3,26.09,102528130.0
2020-07-30,TOTS3,26.12,142700240.0
2020-07-31,TOTS3,25.83,175192994.0
2020-09-02,TOTS3,29.85,190925003.0
2020-09-03,TOTS3,28.12,259792492.0
2020-09-04,TOTS3,27.61,373548155.0
2020-09-08,TOTS3,27.7,204654491.0
2020-09-09,TOTS3,28.88,155980544.0
2020-09-10,TOTS3,28.24,105012557.0
2020-09-11,TOTS3,27.65,117135284.0
2020-09-14,TOTS3,28.85,104355705.0
2020-09-15,TOTS3,29.0,100575959.0
2020-09-16,TOTS3,29.15,95982028.0
2020-09-17,TOTS3,28.37,103386916.0
2020-09-18,TOTS3,28.3,103528761.0
2020-09-21,TOTS3,28.06,116776836.0
2020-09-22,TOTS3,28.4,126844547.0
2020-09-23,TOTS3,27.11,154406709.0
2020-09-24,TOTS3,27.98,134054336.0
2020-09-25,TOTS3,28.31,99177205.0
2020-09-28,TOTS3,27.33,114015248.0
2020-09-29,TOTS3,27.24,96842831.0
2020-09-30,TOTS3,27.1,169875776.0
2020-10-01,TOTS3,27.51,122877805.0
2020-10-02,TOTS3,27.05,90642240.0
2020-10-05,TOTS3,27.0,100677024.0
2020-10-06,TOTS3,26.7,145293645.0
2020-10-07,TOTS3,26.95,129041866.0
2020-10-08,TOTS3,27.44,147827065.0
2020-10-09,TOTS3,27.0,130353963.0
2020-10-13,TOTS3,27.84,145106315.0
2020-10-14,TOTS3,28.35,104819178.0
2020-10-15,TOTS3,28.44,148065968.0
2020-10-16,TOTS3,28.88,107530353.0
2020-10-19,TOTS3,28.88,121876690.0
2020-10-20,TOTS3,28.57,153460988.0
2020-10-21,TOTS3,28.82,114193362.0
2020-10-22,TOTS3,29.01,108726842.0
2020-10-23,TOTS3,28.45,75291473.0
2020-10-26,TOTS3,28.27,142015304.0
2020-10-27,TOTS3,28.5,113215754.0
2020-10-28,TOTS3,27.5,105536439.0
2020-10-29,TOTS3,28.5,201374928.0
2020-10-30,TOTS3,27.0,226436937.0
2020-11-03,TOTS3,27.69,214988355.0
2020-11-04,TOTS3,28.6,189917128.0
2020-11-05,TOTS3,30.49,230191973.0
2020-11-06,TOTS3,31.07,200386225.0
2020-11-09,TOTS3,29.37,215982847.0
2020-11-10,TOTS3,27.37,331901337.0
2020-11-11,TOTS3,27.76,361050777.0
2020-11-12,TOTS3,27.35,174411468.0
2020-11-13,TOTS3,28.2,172905058.0
2020-11-16,TOTS3,27.51,252610369.0
2020-11-17,TOTS3,27.15,217535628.0
2020-11-18,TOTS3,27.44,222241103.0
2020-11-19,TOTS3,27.3,140865282.0
2020-11-20,TOTS3,27.17,105507980.0
2020-11-23,TOTS3,26.81,182116436.0
2020-11-24,TOTS3,26.32,337800524.0
2020-11-25,TOTS3,26.43,282563638.0
2020-11-26,TOTS3,27.22,145255217.0
2020-11-27,TOTS3,27.67,209519008.0
2020-11-30,TOTS3,26.75,1678194182.0
2020-12-01,TOTS3,25.76,254017019.0
2020-12-02,TOTS3,25.69,207950911.0
2019-01-04,UGPA3,52.97,94124704.0
2019-01-07,UGPA3,51.35,161354991.0
2019-01-08,UGPA3,50.5,165257294.0
2019-01-09,UGPA3,52.12,194795831.0
2019-01-10,UGPA3,53.47,126775296.0
2019-01-11,UGPA3,53.19,84810986.0
2019-01-14,UGPA3,53.57,122123804.0
2019-01-15,UGPA3,53.1,120972484.0
2019-01-16,UGPA3,53.06,97992846.0
2019-01-17,UGPA3,55.0,115824006.0
2019-01-18,UGPA3,56.02,133621895.0
2019-01-21,UGPA3,55.04,73292874.0
2019-01-22,UGPA3,54.4,112600954.0
2019-01-23,UGPA3,56.27,110219085.0
2019-01-24,UGPA3,57.71,149398660.0
2019-01-28,UGPA3,58.19,124718036.0
2019-01-29,UGPA3,57.05,119167576.0
2019-01-30,UGPA3,56.68,159798717.0
2019-01-31,UGPA3,57.2,116813053.0
2019-02-01,UGPA3,55.98,144610683.0
2019-02-04,UGPA3,56.79,121051657.0
2019-02-05,UGPA3,57.0,97466084.0
2019-02-06,UGPA3,54.6,108397101.0
2019-02-07,UGPA3,53.93,115159307.0
2019-02-08,UGPA3,53.94,64567465.0
2019-02-11,UGPA3,53.9,71336968.0
2019-02-12,UGPA3,53.69,82680806.0
2019-02-13,UGPA3,55.2,158188520.0
2019-02-14,UGPA3,56.02,104228514.0
2019-02-15,UGPA3,57.05,114048408.0
2019-02-18,UGPA3,55.72,94494039.0
2019-02-19,UGPA3,55.9,85917973.0
2019-02-20,UGPA3,54.69,121620058.0
2019-02-21,UGPA3,52.0,330437746.0
2019-02-22,UGPA3,53.5,181938674.0
2019-02-25,UGPA3,54.47,114797605.0
2019-02-26,UGPA3,54.02,71939335.0
2019-02-27,UGPA3,55.11,175412790.0
2019-02-28,UGPA3,53.41,132947130.0
2019-03-01,UGPA3,51.4,120600202.0
2019-03-06,UGPA3,51.2,55483734.0
2019-03-07,UGPA3,51.9,86551609.0
2019-03-08,UGPA3,52.5,63303825.0
2019-03-11,UGPA3,53.36,92845243.0
2019-03-12,UGPA3,53.7,137147335.0
2019-03-13,UGPA3,54.41,167212751.0
2019-03-14,UGPA3,54.39,98751468.0
2019-03-15,UGPA3,55.02,158685356.0
2019-03-18,UGPA3,54.5,173697362.0
2019-03-19,UGPA3,53.25,121848660.0
2019-03-20,UGPA3,52.63,169743842.0
2019-03-21,UGPA3,51.15,167169408.0
2019-03-22,UGPA3,49.3,197922724.0
2019-03-25,UGPA3,48.71,498167830.0
2019-03-26,UGPA3,48.3,451751664.0
2019-03-27,UGPA3,46.5,319713294.0
2019-03-28,UGPA3,47.4,309994040.0
2019-03-29,UGPA3,47.0,128584089.0
2019-04-01,UGPA3,47.1,83372272.0
2019-04-02,UGPA3,46.49,66687882.0
2019-05-03,UGPA3,21.21,117547575.0
2019-05-06,UGPA3,21.26,113298758.0
2019-05-07,UGPA3,21.4,98777348.0
2019-05-08,UGPA3,21.73,112613548.0
2019-05-09,UGPA3,21.8,70903195.0
2019-05-10,UGPA3,21.7,75357800.0
2019-05-13,UGPA3,21.0,63901739.0
2019-05-14,UGPA3,21.25,74290434.0
2019-05-15,UGPA3,21.19,85071746.0
2019-05-16,UGPA3,20.24,234209872.0
2019-05-17,UGPA3,19.37,142186960.0
2019-05-20,UGPA3,19.75,57414849.0
2019-05-21,UGPA3,20.71,62143495.0
2019-05-22,UGPA3,20.66,87792959.0
2019-05-23,UGPA3,19.95,79220995.0
2019-05-24,UGPA3,19.45,94043406.0
2019-05-27,UGPA3,19.65,47437798.0
2019-05-28,UGPA3,19.42,162424395.0
2019-05-29,UGPA3,20.05,100368916.0
2019-05-30,UGPA3,19.91,89404299.0
2019-05-31,UGPA3,20.68,78083731.0
2019-06-03,UGPA3,20.48,71887227.0
2019-06-04,UGPA3,20.32,74024431.0
2019-06-05,UGPA3,19.74,95734608.0
2019-06-06,UGPA3,20.0,63414983.0
2019-06-07,UGPA3,20.21,35968192.0
2019-06-10,UGPA3,20.18,64497204.0
2019-06-11,UGPA3,21.1,131939373.0
2019-06-12,UGPA3,20.67,94096458.0
2019-06-13,UGPA3,21.65,126053640.0
2019-06-14,UGPA3,21.5,71757459.0
2019-06-17,UGPA3,21.6,103106061.0
2019-06-18,UGPA3,21.34,144205940.0
2019-06-19,UGPA3,20.95,87492342.0
2019-06-21,UGPA3,21.4,207160559.0
2019-06-24,UGPA3,21.47,70958352.0
2019-06-25,UGPA3,20.81,64944519.0
2019-06-26,UGPA3,20.85,51615521.0
2019-06-27,UGPA3,20.5,81137733.0
2019-06-28,UGPA3,20.1,148965107.0
2019-07-01,UGPA3,19.75,104352729.0
2019-07-02,UGPA3,19.45,121855416.0
2019-07-03,UGPA3,19.5,88676565.0
2019-07-04,UGPA3,19.65,107133906.0
2019-07-05,UGPA3,19.61,83353788.0
2019-07-08,UGPA3,19.7,55954291.0
2019-07-10,UGPA3,20.85,259006994.0
2019-07-11,UGPA3,20.68,104296551.0
2019-07-12,UGPA3,20.48,58071919.0
2019-07-15,UGPA3,20.57,57922320.0
2019-07-16,UGPA3,20.19,54360490.0
2019-07-17,UGPA3,20.29,47829509.0
2019-07-18,UGPA3,20.83,68788166.0
2019-07-19,UGPA3,20.19,145010930.0
2019-07-22,UGPA3,19.35,171691338.0
2019-07-23,UGPA3,19.85,757300047.0
2019-07-24,UGPA3,20.75,263319819.0
2019-07-25,UGPA3,20.57,144272488.0
2019-07-26,UGPA3,20.13,74665380.0
2019-07-29,UGPA3,19.99,81631014.0
2019-07-30,UGPA3,20.15,111372179.0
2019-07-31,UGPA3,19.89,111743692.0
2019-08-01,UGPA3,19.89,99528103.0
2019-08-02,UGPA3,19.89,85275089.0
2019-09-02,UGPA3,16.6,49702154.0
2019-09-03,UGPA3,16.99,154393105.0
2019-09-04,UGPA3,17.6,101374186.0
2019-09-05,UGPA3,17.89,86458401.0
2019-09-06,UGPA3,18.04,85929432.0
2019-09-09,UGPA3,18.32,110689742.0
2019-09-10,UGPA3,18.38,89871722.0
2019-09-11,UGPA3,17.9,88685247.0
2019-09-12,UGPA3,18.0,65739010.0
2019-09-13,UGPA3,17.51,68176311.0
2019-09-16,UGPA3,18.2,104408148.0
2019-09-17,UGPA3,19.02,167144690.0
2019-09-18,UGPA3,18.78,120324986.0
2019-09-19,UGPA3,18.26,101346597.0
2019-09-20,UGPA3,18.34,477796752.0
2019-09-23,UGPA3,18.25,65028134.0
2019-09-24,UGPA3,17.9,62513072.0
2019-09-25,UGPA3,17.99,109813636.0
2019-09-26,UGPA3,18.3,65722328.0
2019-09-27,UGPA3,18.43,67671873.0
2019-09-30,UGPA3,18.49,100786054.0
2019-10-01,UGPA3,19.26,117113485.0
2019-10-02,UGPA3,19.32,218303401.0
2019-10-03,UGPA3,19.0,211983330.0
2019-10-04,UGPA3,18.65,373613123.0
2019-10-07,UGPA3,18.28,90362312.0
2019-10-08,UGPA3,18.41,62919962.0
2019-10-09,UGPA3,19.25,77779643.0
2019-10-10,UGPA3,18.65,115964192.0
2019-10-11,UGPA3,19.2,77908718.0
2019-10-14,UGPA3,19.29,34899315.0
2019-10-15,UGPA3,19.3,82846894.0
2019-10-16,UGPA3,19.44,127266465.0
2019-10-17,UGPA3,19.1,106168987.0
2019-10-18,UGPA3,19.51,79987376.0
2019-10-21,UGPA3,19.49,74747667.0
2019-10-22,UGPA3,19.43,95330153.0
2019-10-23,UGPA3,19.46,85867455.0
2019-10-24,UGPA3,19.2,99543042.0
2019-10-25,UGPA3,19.48,69666465.0
2019-10-28,UGPA3,19.39,67533137.0
2019-10-29,UGPA3,18.99,84878797.0
2019-10-30,UGPA3,19.0,77003902.0
2019-10-31,UGPA3,18.87,83467337.0
2019-11-01,UGPA3,19.4,228327698.0
2019-11-04,UGPA3,19.44,124596245.0
2019-11-05,UGPA3,19.3,105086498.0
2019-11-06,UGPA3,19.55,90110182.0
2019-11-07,UGPA3,20.58,431370450.0
2019-11-08,UGPA3,20.48,184114694.0
2019-11-11,UGPA3,20.5,176315030.0
2019-11-12,UGPA3,20.43,296436285.0
2019-11-13,UGPA3,20.0,159505985.0
2019-11-14,UGPA3,20.24,75832146.0
2019-11-18,UGPA3,20.31,116594387.0
2019-11-19,UGPA3,20.66,82046600.0
2019-11-21,UGPA3,21.94,233823233.0
2019-11-22,UGPA3,22.68,212935874.0
2019-11-25,UGPA3,22.17,122410876.0
2019-11-26,UGPA3,21.93,184559035.0
2019-11-27,UGPA3,21.8,123106937.0
2019-11-28,UGPA3,21.9,79417686.0
2019-11-29,UGPA3,21.81,114940268.0
2019-12-02,UGPA3,22.1,122631988.0
2020-01-02,UGPA3,25.6,246449709.0
2020-01-03,UGPA3,25.3,237026219.0
2020-01-06,UGPA3,24.75,188621069.0
2020-01-07,UGPA3,25.3,180146315.0
2020-01-08,UGPA3,25.1,228917955.0
2020-01-09,UGPA3,25.15,221706352.0
2020-01-10,UGPA3,25.09,152508341.0
2020-01-13,UGPA3,25.32,151356217.0
2020-01-14,UGPA3,25.6,193578670.0
2020-01-15,UGPA3,25.37,140219771.0
2020-01-16,UGPA3,25.42,124041839.0
2020-01-17,UGPA3,26.27,103789723.0
2020-01-20,UGPA3,26.74,73455688.0
2020-01-21,UGPA3,26.35,117737531.0
2020-01-22,UGPA3,27.41,108851148.0
2020-01-23,UGPA3,27.81,104341656.0
2020-01-24,UGPA3,27.53,102346546.0
2020-01-27,UGPA3,26.45,105987572.0
2020-01-28,UGPA3,26.95,68144235.0
2020-01-29,UGPA3,26.11,149398073.0
2020-01-30,UGPA3,25.96,157117395.0
2020-01-31,UGPA3,25.26,173064687.0
2020-02-03,UGPA3,25.36,111904546.0
2020-02-04,UGPA3,25.13,151138984.0
2020-02-05,UGPA3,25.41,141857832.0
2020-02-06,UGPA3,25.09,138287768.0
2020-02-07,UGPA3,24.34,141062405.0
2020-02-10,UGPA3,23.94,88447225.0
2020-02-11,UGPA3,25.1,138067717.0
2020-02-12,UGPA3,25.08,147009846.0
2020-02-13,UGPA3,24.52,83758504.0
2020-02-14,UGPA3,24.15,54948424.0
2020-02-17,UGPA3,24.63,57763768.0
2020-02-18,UGPA3,24.1,128672654.0
2020-02-19,UGPA3,23.86,299400957.0
2020-02-20,UGPA3,22.11,530395680.0
2020-02-21,UGPA3,21.55,172322206.0
2020-02-26,UGPA3,19.79,229628376.0
2020-02-27,UGPA3,19.15,242598661.0
2020-02-28,UGPA3,19.08,323578750.0
2020-03-02,UGPA3,19.72,399086478.0
2020-03-03,UGPA3,19.98,233464308.0
2020-03-04,UGPA3,19.95,252020320.0
2020-03-05,UGPA3,18.1,210404548.0
2020-03-06,UGPA3,17.2,208116058.0
2020-03-09,UGPA3,15.41,312615193.0
2020-03-10,UGPA3,17.88,284893855.0
2020-03-11,UGPA3,16.67,214075369.0
2020-03-12,UGPA3,13.13,174103768.0
2020-03-13,UGPA3,16.2,223789186.0
2020-03-16,UGPA3,12.74,174999402.0
2020-03-17,UGPA3,14.0,262182757.0
2020-03-18,UGPA3,12.07,182358174.0
2020-03-19,UGPA3,12.2,318119147.0
2020-03-20,UGPA3,12.33,240570702.0
2020-03-23,UGPA3,10.69,190960247.0
2020-03-24,UGPA3,11.97,183053080.0
2020-03-25,UGPA3,12.31,229693436.0
2020-03-26,UGPA3,14.31,188142871.0
2020-03-27,UGPA3,13.1,182904553.0
2020-03-30,UGPA3,12.6,128380980.0
2020-03-31,UGPA3,12.53,114536510.0
2020-04-01,UGPA3,11.46,119526191.0
2020-04-02,UGPA3,11.53,116242930.0
2020-05-04,UGPA3,14.6,73724042.0
2020-05-05,UGPA3,14.43,85829966.0
2020-05-06,UGPA3,14.05,102567183.0
2020-05-07,UGPA3,13.3,217518477.0
2020-05-08,UGPA3,13.88,166142674.0
2020-05-11,UGPA3,13.41,87420802.0
2020-05-12,UGPA3,13.73,106566805.0
2020-05-13,UGPA3,13.48,121594711.0
2020-05-14,UGPA3,15.0,246240347.0
2020-05-15,UGPA3,14.16,115081665.0
2020-05-18,UGPA3,15.09,121578674.0
2020-05-19,UGPA3,15.14,166401668.0
2020-05-20,UGPA3,15.46,137723989.0
2020-05-21,UGPA3,16.45,218118990.0
2020-05-22,UGPA3,16.1,127139398.0
2020-05-25,UGPA3,17.0,121685574.0
2020-05-26,UGPA3,17.1,197297994.0
2020-05-27,UGPA3,17.31,173960017.0
2020-05-28,UGPA3,17.39,164650407.0
2020-05-29,UGPA3,17.12,245637935.0
2020-06-01,UGPA3,17.19,147855932.0
2020-06-02,UGPA3,18.94,237099279.0
2020-06-03,UGPA3,18.76,145262719.0
2020-06-04,UGPA3,18.63,79613102.0
2020-06-05,UGPA3,18.68,125487444.0
2020-06-08,UGPA3,19.13,128099356.0
2020-06-09,UGPA3,19.27,114292413.0
2020-06-10,UGPA3,18.62,128812658.0
2020-06-12,UGPA3,17.99,164289584.0
2020-06-15,UGPA3,17.86,162415071.0
2020-06-16,UGPA3,17.5,206104268.0
2020-06-17,UGPA3,18.1,168744510.0
2020-06-18,UGPA3,18.84,138190954.0
2020-06-19,UGPA3,18.66,221407078.0
2020-06-22,UGPA3,18.34,92915698.0
2020-06-23,UGPA3,18.46,118970665.0
2020-06-24,UGPA3,18.49,74453530.0
2020-06-25,UGPA3,18.31,128891588.0
2020-06-26,UGPA3,17.64,108327141.0
2020-06-29,UGPA3,18.0,84428658.0
2020-06-30,UGPA3,18.38,97775882.0
2020-07-01,UGPA3,18.8,114951195.0
2020-07-02,UGPA3,18.64,60000015.0
2020-07-03,UGPA3,18.43,114014685.0
2020-07-06,UGPA3,18.54,98347997.0
2020-07-07,UGPA3,18.04,105990199.0
2020-07-08,UGPA3,18.77,281909186.0
2020-07-09,UGPA3,18.59,79838842.0
2020-07-10,UGPA3,18.51,85121654.0
2020-07-13,UGPA3,17.7,134203397.0
2020-07-14,UGPA3,18.84,267081544.0
2020-07-15,UGPA3,19.28,153881842.0
2020-07-16,UGPA3,19.34,110304874.0
2020-07-17,UGPA3,19.5,160588038.0
2020-07-20,UGPA3,19.75,107008195.0
2020-07-21,UGPA3,19.8,87992949.0
2020-07-22,UGPA3,19.73,100254063.0
2020-07-23,UGPA3,19.15,91601995.0
2020-07-24,UGPA3,19.15,168357839.0
2020-07-27,UGPA3,19.39,72803997.0
2020-07-28,UGPA3,19.5,79464782.0
2020-07-29,UGPA3,19.45,79152281.0
2020-07-30,UGPA3,19.75,173581527.0
2020-07-31,UGPA3,18.94,145119758.0
2020-09-02,UGPA3,20.75,157232668.0
2020-09-03,UGPA3,20.98,229404189.0
2020-09-04,UGPA3,21.49,222700004.0
2020-09-08,UGPA3,21.52,143641003.0
2020-09-09,UGPA3,21.88,177934482.0
2020-09-10,UGPA3,21.5,217961475.0
2020-09-11,UGPA3,21.56,223730046.0
2020-09-14,UGPA3,22.35,251118253.0
2020-09-15,UGPA3,23.03,314047407.0
2020-09-16,UGPA3,22.95,227301305.0
2020-09-17,UGPA3,23.13,176687424.0
2020-09-18,UGPA3,22.95,255612565.0
2020-09-21,UGPA3,22.41,219486053.0
2020-09-22,UGPA3,22.45,228464997.0
2020-09-23,UGPA3,21.48,198630021.0
2020-09-24,UGPA3,21.31,140358980.0
2020-09-25,UGPA3,21.18,88704425.0
2020-09-28,UGPA3,20.12,126092711.0
2020-09-29,UGPA3,19.71,108186088.0
2020-09-30,UGPA3,19.27,156753543.0
2020-10-01,UGPA3,19.52,106692076.0
2020-10-02,UGPA3,19.13,131756677.0
2020-10-05,UGPA3,19.36,121826307.0
2020-10-06,UGPA3,19.2,168200318.0
2020-10-07,UGPA3,18.62,194797536.0
2020-10-08,UGPA3,19.19,77505045.0
2020-10-09,UGPA3,18.85,147569249.0
2020-10-13,UGPA3,18.6,177829010.0
2020-10-14,UGPA3,18.43,131733325.0
2020-10-15,UGPA3,18.82,113600903.0
2020-10-16,UGPA3,18.95,139106181.0
2020-10-19,UGPA3,19.08,87775162.0
2020-10-20,UGPA3,19.23,113129521.0
2020-10-21,UGPA3,18.87,110601186.0
2020-10-22,UGPA3,18.66,136658792.0
2020-10-23,UGPA3,18.51,55823635.0
2020-10-26,UGPA3,17.95,74742770.0
2020-10-27,UGPA3,17.73,76099800.0
2020-10-28,UGPA3,16.74,137051084.0
2020-10-29,UGPA3,16.79,94111598.0
2020-10-30,UGPA3,16.38,159371099.0
2020-11-03,UGPA3,16.59,106352505.0
2020-11-04,UGPA3,17.16,63718677.0
2020-11-05,UGPA3,19.75,685754101.0
2020-11-06,UGPA3,19.94,222992254.0
2020-11-09,UGPA3,20.01,195005698.0
2020-11-10,UGPA3,21.7,294868252.0
2020-11-11,UGPA3,20.22,271759996.0
2020-11-12,UGPA3,20.02,221134851.0
2020-11-13,UGPA3,20.65,141063849.0
2020-11-16,UGPA3,21.32,98105148.0
2020-11-17,UGPA3,21.04,174211693.0
2020-11-18,UGPA3,20.67,163317772.0
2020-11-19,UGPA3,20.69,131101629.0
2020-11-20,UGPA3,20.36,72395191.0
2020-11-23,UGPA3,20.59,149494125.0
2020-11-24,UGPA3,20.52,156612273.0
2020-11-25,UGPA3,20.76,97756779.0
2020-11-26,UGPA3,20.78,49745421.0
2020-11-27,UGPA3,20.4,58300537.0
2020-11-30,UGPA3,20.33,239279102.0
2020-12-01,UGPA3,21.28,149218121.0
2020-12-02,UGPA3,20.81,115893107.0
2019-01-04,USIM5,10.11,294360158.0
2019-01-07,USIM5,10.13,153084704.0
2019-01-08,USIM5,9.77,180163977.0
2019-01-09,USIM5,10.09,140510874.0
2019-01-10,USIM5,10.33,147382010.0
2019-01-11,USIM5,10.18,178818163.0
2019-01-14,USIM5,9.87,176563153.0
2019-01-15,USIM5,9.74,157113430.0
2019-01-16,USIM5,9.99,183855900.0
2019-01-17,USIM5,9.98,171885385.0
2019-01-18,USIM5,9.94,136206199.0
2019-01-21,USIM5,10.05,106799711.0
2019-01-22,USIM5,9.76,195752608.0
2019-01-23,USIM5,9.72,286877778.0
2019-01-24,USIM5,9.8,154519369.0
2019-01-28,USIM5,9.72,205580034.0
2019-01-29,USIM5,9.7,99994453.0
2019-01-30,USIM5,9.9,268577497.0
2019-01-31,USIM5,9.81,152199473.0
2019-02-01,USIM5,9.69,167713828.0
2019-02-04,USIM5,9.78,126798400.0
2019-02-05,USIM5,9.8,126303252.0
2019-02-06,USIM5,9.35,161099437.0
2019-02-07,USIM5,9.44,202835616.0
2019-02-08,USIM5,9.62,164877599.0
2019-02-11,USIM5,9.58,74969711.0
2019-02-12,USIM5,9.58,79107088.0
2019-02-13,USIM5,9.62,105678994.0
2019-02-14,USIM5,9.67,120964589.0
2019-02-15,USIM5,9.4,264027991.0
2019-02-18,USIM5,9.37,104572121.0
2019-02-19,USIM5,9.22,119729460.0
2019-02-20,USIM5,9.28,93613699.0
2019-02-21,USIM5,9.5,140734380.0
2019-02-22,USIM5,9.92,226861695.0
2019-02-25,USIM5,10.21,229652565.0
2019-02-26,USIM5,10.06,110743286.0
2019-02-27,USIM5,9.88,111451443.0
2019-02-28,USIM5,9.66,149466138.0
2019-03-01,USIM5,9.7,99428618.0
2019-03-06,USIM5,9.62,55467927.0
2019-03-07,USIM5,9.63,62063241.0
2019-03-08,USIM5,9.67,72901127.0
2019-03-11,USIM5,10.0,111076806.0
2019-03-12,USIM5,10.02,129955373.0
2019-03-13,USIM5,10.1,129251659.0
2019-03-14,USIM5,10.44,245019255.0
2019-03-15,USIM5,10.15,193630629.0
2019-03-18,USIM5,10.37,111181517.0
2019-03-19,USIM5,10.92,385316479.0
2019-03-20,USIM5,10.72,190372580.0
2019-03-21,USIM5,10.45,209833966.0
2019-03-22,USIM5,10.04,149511072.0
2019-03-25,USIM5,10.23,129293123.0
2019-03-26,USIM5,10.25,108407086.0
2019-03-27,USIM5,9.49,294304635.0
2019-03-28,USIM5,9.68,117681536.0
2019-03-29,USIM5,10.04,173558572.0
2019-04-01,USIM5,10.22,164040957.0
2019-04-02,USIM5,9.7,322666812.0
2019-05-03,USIM5,8.87,117949842.0
2019-05-06,USIM5,8.78,104788110.0
2019-05-07,USIM5,8.46,136375496.0
2019-05-08,USIM5,8.58,118719442.0
2019-05-09,USIM5,8.51,62094178.0
2019-05-10,USIM5,8.43,87364789.0
2019-05-13,USIM5,8.18,107458745.0
2019-05-14,USIM5,8.15,57144916.0
2019-05-15,USIM5,7.95,77200258.0
2019-05-16,USIM5,7.7,87043705.0
2019-05-17,USIM5,7.89,108774456.0
2019-05-20,USIM5,8.01,63235153.0
2019-05-21,USIM5,8.43,89556397.0
2019-05-22,USIM5,8.45,97058180.0
2019-05-23,USIM5,8.15,90581953.0
2019-05-24,USIM5,8.2,60302873.0
2019-05-27,USIM5,8.23,52044259.0
2019-05-28,USIM5,8.26,50488228.0
2019-05-29,USIM5,8.26,79642912.0
2019-05-30,USIM5,8.33,89972687.0
2019-05-31,USIM5,8.2,73302899.0
2019-06-03,USIM5,8.0,106566673.0
2019-06-04,USIM5,8.28,94470734.0
2019-06-05,USIM5,8.26,43751146.0
2019-06-06,USIM5,8.24,53948518.0
2019-06-07,USIM5,8.6,121390941.0
2019-06-10,USIM5,8.7,128648384.0
2019-06-11,USIM5,9.01,129724180.0
2019-06-12,USIM5,8.8,133775911.0
2019-06-13,USIM5,8.93,74435229.0
2019-06-14,USIM5,8.66,87024625.0
2019-06-17,USIM5,8.6,80442129.0
2019-06-18,USIM5,8.78,98614443.0
2019-06-19,USIM5,8.66,114644020.0
2019-06-21,USIM5,8.69,52778975.0
2019-06-24,USIM5,8.74,41440355.0
2019-06-25,USIM5,8.47,101589772.0
2019-06-26,USIM5,8.59,47743951.0
2019-06-27,USIM5,8.67,68991990.0
2019-06-28,USIM5,8.94,175225186.0
2019-07-01,USIM5,8.88,124513213.0
2019-07-02,USIM5,8.78,99748590.0
2019-07-03,USIM5,9.07,108428739.0
2019-07-04,USIM5,9.45,241098256.0
2019-07-05,USIM5,9.68,188358606.0
2019-07-08,USIM5,9.65,103460122.0
2019-07-10,USIM5,9.56,166827203.0
2019-07-11,USIM5,9.46,119919045.0
2019-07-12,USIM5,9.43,79847791.0
2019-07-15,USIM5,9.32,85964884.0
2019-07-16,USIM5,9.4,88862495.0
2019-07-17,USIM5,9.37,59770687.0
2019-07-18,USIM5,9.38,51107658.0
2019-07-19,USIM5,9.38,62273842.0
2019-07-22,USIM5,9.19,123623334.0
2019-07-23,USIM5,9.1,72824125.0
2019-07-24,USIM5,8.97,107393534.0
2019-07-25,USIM5,8.7,148163646.0
2019-07-26,USIM5,8.82,149340332.0
2019-07-29,USIM5,8.85,63583933.0
2019-07-30,USIM5,8.82,51095370.0
2019-07-31,USIM5,8.75,91965240.0
2019-08-01,USIM5,8.5,111110401.0
2019-08-02,USIM5,8.5,74330369.0
2019-09-02,USIM5,7.82,75612888.0
2019-09-03,USIM5,7.74,62711166.0
2019-09-04,USIM5,7.65,84346252.0
2019-09-05,USIM5,7.7,86816538.0
2019-09-06,USIM5,7.67,57213833.0
2019-09-09,USIM5,8.29,222166491.0
2019-09-10,USIM5,8.32,133484423.0
2019-09-11,USIM5,8.25,90898914.0
2019-09-12,USIM5,8.28,81611732.0
2019-09-13,USIM5,8.13,79592842.0
2019-09-16,USIM5,8.11,66493881.0
2019-09-17,USIM5,8.32,116052654.0
2019-09-18,USIM5,8.42,82503354.0
2019-09-19,USIM5,8.25,72665697.0
2019-09-20,USIM5,8.13,71231364.0
2019-09-23,USIM5,8.13,38610097.0
2019-09-24,USIM5,7.9,103846168.0
2019-09-25,USIM5,8.05,96262372.0
2019-09-26,USIM5,8.04,70754181.0
2019-09-27,USIM5,8.0,60854025.0
2019-09-30,USIM5,7.81,97433537.0
2019-10-01,USIM5,7.74,128908961.0
2019-10-02,USIM5,7.48,72796460.0
2019-10-03,USIM5,7.48,90050489.0
2019-10-04,USIM5,7.59,78751902.0
2019-10-07,USIM5,7.41,58868140.0
2019-10-08,USIM5,7.35,68788504.0
2019-10-09,USIM5,7.3,74382284.0
2019-10-10,USIM5,7.47,155146116.0
2019-10-11,USIM5,7.67,97562545.0
2019-10-14,USIM5,7.59,65938548.0
2019-10-15,USIM5,7.7,79683154.0
2019-10-16,USIM5,7.63,59485611.0
2019-10-17,USIM5,7.63,47659200.0
2019-10-18,USIM5,7.58,95863056.0
2019-10-21,USIM5,7.63,46855955.0
2019-10-22,USIM5,7.56,169839936.0
2019-10-23,USIM5,7.48,99650568.0
2019-10-24,USIM5,7.25,140630838.0
2019-10-25,USIM5,7.23,184847888.0
2019-10-28,USIM5,7.26,71106621.0
2019-10-29,USIM5,7.37,100747964.0
2019-10-30,USIM5,7.37,68286469.0
2019-10-31,USIM5,7.26,63324499.0
2019-11-01,USIM5,7.42,94580739.0
2019-11-04,USIM5,7.59,81454282.0
2019-11-05,USIM5,7.59,93621959.0
2019-11-06,USIM5,7.69,110797885.0
2019-11-07,USIM5,8.3,319686804.0
2019-11-08,USIM5,8.01,137022521.0
2019-11-11,USIM5,7.9,82791810.0
2019-11-12,USIM5,7.71,93806772.0
2019-11-13,USIM5,7.59,119828607.0
2019-11-14,USIM5,7.59,91413448.0
2019-11-18,USIM5,7.53,68954391.0
2019-11-19,USIM5,7.64,71265279.0
2019-11-21,USIM5,8.15,195779862.0
2019-11-22,USIM5,8.21,121602989.0
2019-11-25,USIM5,8.39,173870608.0
2019-11-26,USIM5,8.48,111259969.0
2019-11-27,USIM5,8.4,81140086.0
2019-11-28,USIM5,8.43,63139573.0
2019-11-29,USIM5,8.51,177608463.0
2019-12-02,USIM5,8.68,150179609.0
2020-01-02,USIM5,9.7,154801614.0
2020-01-03,USIM5,9.6,111056556.0
2020-01-06,USIM5,9.42,163917674.0
2020-01-07,USIM5,9.51,91640725.0
2020-01-08,USIM5,9.39,130150060.0
2020-01-09,USIM5,9.33,88292475.0
2020-01-10,USIM5,9.14,119527830.0
2020-01-13,USIM5,9.54,160463892.0
2020-01-14,USIM5,9.58,113009684.0
2020-01-15,USIM5,9.39,164745078.0
2020-01-16,USIM5,9.67,274129163.0
2020-01-17,USIM5,9.76,180113251.0
2020-01-20,USIM5,9.75,97588731.0
2020-01-21,USIM5,9.55,77653326.0
2020-01-22,USIM5,10.88,681408475.0
2020-01-23,USIM5,11.11,583735853.0
2020-01-24,USIM5,10.82,403316286.0
2020-01-27,USIM5,10.05,333351172.0
2020-01-28,USIM5,10.04,289910921.0
2020-01-29,USIM5,9.88,136196620.0
2020-01-30,USIM5,9.77,241591064.0
2020-01-31,USIM5,9.63,221809411.0
2020-02-03,USIM5,9.7,130872591.0
2020-02-04,USIM5,9.79,149824257.0
2020-02-05,USIM5,10.27,314570852.0
2020-02-06,USIM5,10.04,198741495.0
2020-02-07,USIM5,9.62,138939816.0
2020-02-10,USIM5,9.29,173847673.0
2020-02-11,USIM5,9.92,153384666.0
2020-02-12,USIM5,9.86,189317744.0
2020-02-13,USIM5,10.35,232437379.0
2020-02-14,USIM5,9.9,264696159.0
2020-02-17,USIM5,9.73,163427212.0
2020-02-18,USIM5,9.77,118792206.0
2020-02-19,USIM5,9.72,158099303.0
2020-02-20,USIM5,9.46,126043312.0
2020-02-21,USIM5,9.17,152140630.0
2020-02-26,USIM5,8.22,149832516.0
2020-02-27,USIM5,8.19,182950517.0
2020-02-28,USIM5,8.17,139171290.0
2020-03-02,USIM5,8.47,153711842.0
2020-03-03,USIM5,8.29,162700120.0
2020-03-04,USIM5,8.87,121619842.0
2020-03-05,USIM5,8.4,111393122.0
2020-03-06,USIM5,7.87,129204439.0
2020-03-09,USIM5,6.6,138432309.0
2020-03-10,USIM5,7.12,130904893.0
2020-03-11,USIM5,6.5,101251829.0
2020-03-12,USIM5,5.6,106333513.0
2020-03-13,USIM5,6.52,184231876.0
2020-03-16,USIM5,5.88,97004783.0
2020-03-17,USIM5,5.84,156709434.0
2020-03-18,USIM5,4.6,97135008.0
2020-03-19,USIM5,4.5,98315263.0
2020-03-20,USIM5,4.32,129936532.0
2020-03-23,USIM5,3.8,98530567.0
2020-03-24,USIM5,4.02,83170553.0
2020-03-25,USIM5,4.88,129751519.0
2020-03-26,USIM5,5.14,137978083.0
2020-03-27,USIM5,4.89,79424889.0
2020-03-30,USIM5,4.78,66315491.0
2020-03-31,USIM5,4.92,103274535.0
2020-04-01,USIM5,4.69,59761656.0
2020-04-02,USIM5,4.63,97527627.0
2020-05-04,USIM5,4.68,61082151.0
2020-05-05,USIM5,4.61,74321013.0
2020-05-06,USIM5,4.59,59271675.0
2020-05-07,USIM5,4.74,154997070.0
2020-05-08,USIM5,4.81,83642905.0
2020-05-11,USIM5,4.76,67275940.0
2020-05-12,USIM5,4.59,94173459.0
2020-05-13,USIM5,4.35,97551879.0
2020-05-14,USIM5,4.55,117788921.0
2020-05-15,USIM5,4.51,87793591.0
2020-05-18,USIM5,4.9,133642925.0
2020-05-19,USIM5,4.83,125413060.0
2020-05-20,USIM5,5.05,111656604.0
2020-05-21,USIM5,4.97,103875232.0
2020-05-22,USIM5,4.72,95854192.0
2020-05-25,USIM5,4.88,57044757.0
2020-05-26,USIM5,4.9,86675601.0
2020-05-27,USIM5,5.7,421056897.0
2020-05-28,USIM5,6.0,357861151.0
2020-05-29,USIM5,6.15,483724893.0
2020-06-01,USIM5,6.19,141846637.0
2020-06-02,USIM5,6.92,285903399.0
2020-06-03,USIM5,6.9,328320946.0
2020-06-04,USIM5,6.88,178414680.0
2020-06-05,USIM5,6.9,192870820.0
2020-06-08,USIM5,7.45,217248200.0
2020-06-09,USIM5,7.3,139374410.0
2020-06-10,USIM5,6.89,184631565.0
2020-06-12,USIM5,6.41,197961937.0
2020-06-15,USIM5,6.36,183844975.0
2020-06-16,USIM5,6.55,139621495.0
2020-06-17,USIM5,6.77,121105827.0
2020-06-18,USIM5,6.8,109146209.0
2020-06-19,USIM5,6.98,267200915.0
2020-06-22,USIM5,6.96,120772831.0
2020-06-23,USIM5,7.68,415675408.0
2020-06-24,USIM5,7.33,201180808.0
2020-06-25,USIM5,7.29,126484907.0
2020-06-26,USIM5,7.1,88549492.0
2020-06-29,USIM5,7.15,123069637.0
2020-06-30,USIM5,7.27,145571512.0
2020-07-01,USIM5,7.34,191385194.0
2020-07-02,USIM5,7.35,99641030.0
2020-07-03,USIM5,7.46,65113906.0
2020-07-06,USIM5,7.61,145461229.0
2020-07-07,USIM5,7.45,97653625.0
2020-07-08,USIM5,7.7,136986128.0
2020-07-09,USIM5,7.47,138456677.0
2020-07-10,USIM5,7.43,107429087.0
2020-07-13,USIM5,7.39,195241535.0
2020-07-14,USIM5,7.52,165257076.0
2020-07-15,USIM5,7.51,128264289.0
2020-07-16,USIM5,7.39,106608277.0
2020-07-17,USIM5,7.49,70144798.0
2020-07-20,USIM5,7.46,74764122.0
2020-07-21,USIM5,7.39,94284693.0
2020-07-22,USIM5,7.51,175951889.0
2020-07-23,USIM5,7.31,130503791.0
2020-07-24,USIM5,7.55,146775552.0
2020-07-27,USIM5,8.09,372598082.0
2020-07-28,USIM5,7.99,147975097.0
2020-07-29,USIM5,8.15,157765397.0
2020-07-30,USIM5,8.21,302206277.0
2020-07-31,USIM5,8.13,134910492.0
2020-09-02,USIM5,10.7,538234697.0
2020-09-03,USIM5,10.39,219502407.0
2020-09-04,USIM5,10.65,189381628.0
2020-09-08,USIM5,10.54,128642968.0
2020-09-09,USIM5,11.21,345799842.0
2020-09-10,USIM5,10.79,174835709.0
2020-09-11,USIM5,10.62,252351030.0
2020-09-14,USIM5,10.85,127253378.0
2020-09-15,USIM5,11.23,208773606.0
2020-09-16,USIM5,10.88,205554819.0
2020-09-17,USIM5,11.44,416285706.0
2020-09-18,USIM5,10.96,419091494.0
2020-09-21,USIM5,10.9,237252309.0
2020-09-22,USIM5,10.76,207830435.0
2020-09-23,USIM5,10.51,214883535.0
2020-09-24,USIM5,10.4,213380085.0
2020-09-25,USIM5,10.27,207094007.0
2020-09-28,USIM5,10.14,192546945.0
2020-09-29,USIM5,9.85,172216318.0
2020-09-30,USIM5,10.03,264832755.0
2020-10-01,USIM5,10.07,142978120.0
2020-10-02,USIM5,10.02,130513994.0
2020-10-05,USIM5,10.57,193740878.0
2020-10-06,USIM5,10.32,193700754.0
2020-10-07,USIM5,10.59,176790863.0
2020-10-08,USIM5,10.32,237280064.0
2020-10-09,USIM5,10.12,196754701.0
2020-10-13,USIM5,10.15,148428297.0
2020-10-14,USIM5,10.23,112710474.0
2020-10-15,USIM5,10.85,239598483.0
2020-10-16,USIM5,11.32,421690426.0
2020-10-19,USIM5,11.23,243961316.0
2020-10-20,USIM5,11.52,207185979.0
2020-10-21,USIM5,11.74,203091598.0
2020-10-22,USIM5,11.73,134107165.0
2020-10-23,USIM5,11.71,103031132.0
2020-10-26,USIM5,11.63,97059364.0
2020-10-27,USIM5,11.75,254973962.0
2020-10-28,USIM5,10.84,296526416.0
2020-10-29,USIM5,11.24,279743407.0
2020-10-30,USIM5,10.9,205813374.0
2020-11-03,USIM5,11.58,219917669.0
2020-11-04,USIM5,11.18,161680190.0
2020-11-05,USIM5,11.38,204940042.0
2020-11-06,USIM5,11.48,169278015.0
2020-11-09,USIM5,11.38,246952209.0
2020-11-10,USIM5,10.94,238795655.0
2020-11-11,USIM5,10.81,158598800.0
2020-11-12,USIM5,10.8,133197177.0
2020-11-13,USIM5,10.92,163518214.0
2020-11-16,USIM5,11.1,122101917.0
2020-11-17,USIM5,11.28,170016363.0
2020-11-18,USIM5,11.21,101936369.0
2020-11-19,USIM5,11.37,99250360.0
2020-11-20,USIM5,11.24,68343480.0
2020-11-23,USIM5,11.76,201445152.0
2020-11-24,USIM5,12.48,270621300.0
2020-11-25,USIM5,13.36,322212962.0
2020-11-26,USIM5,13.9,290656727.0
2020-11-27,USIM5,13.76,263469009.0
2020-11-30,USIM5,13.65,201964108.0
2020-12-01,USIM5,13.9,313500286.0
2020-12-02,USIM5,13.82,236073379.0
2019-01-04,VALE3,52.19,2233199223.0
2019-01-07,VALE3,51.91,1103211511.0
2019-01-08,VALE3,52.41,1041094262.0
2019-01-09,VALE3,53.69,1484753562.0
2019-01-10,VALE3,53.1,957120815.0
2019-01-11,VALE3,52.38,652562226.0
2019-01-14,VALE3,52.6,763435641.0
2019-01-15,VALE3,52.35,761337623.0
2019-01-16,VALE3,52.65,809334855.0
2019-01-17,VALE3,54.23,1371411718.0
2019-01-18,VALE3,54.76,1419486635.0
2019-01-21,VALE3,55.28,586259642.0
2019-01-22,VALE3,55.08,938404653.0
2019-01-23,VALE3,55.65,749434792.0
2019-01-24,VALE3,56.15,790442912.0
2019-01-28,VALE3,42.38,8147843579.0
2019-01-29,VALE3,42.74,2969276406.0
2019-01-30,VALE3,46.6,3137193115.0
2019-01-31,VALE3,45.5,1843325805.0
2019-02-01,VALE3,46.25,979684029.0
2019-02-04,VALE3,44.68,1602272421.0
2019-02-05,VALE3,44.64,979910578.0
2019-02-06,VALE3,42.46,1275799764.0
2019-02-07,VALE3,41.59,1314473372.0
2019-02-08,VALE3,43.16,2025245558.0
2019-02-11,VALE3,42.02,1307419424.0
2019-02-12,VALE3,44.3,1580002329.0
2019-02-13,VALE3,45.49,1735808600.0
2019-02-14,VALE3,45.66,1094715846.0
2019-02-15,VALE3,45.88,1274533048.0
2019-02-18,VALE3,45.25,853976975.0
2019-02-19,VALE3,45.49,936012536.0
2019-02-20,VALE3,45.8,1164187777.0
2019-02-21,VALE3,45.38,973244272.0
2019-02-22,VALE3,46.99,815710469.0
2019-02-25,VALE3,47.12,791267515.0
2019-02-26,VALE3,47.2,487483214.0
2019-02-27,VALE3,46.83,702341042.0
2019-02-28,VALE3,47.1,835508197.0
2019-03-01,VALE3,46.74,1384184969.0
2019-03-06,VALE3,48.05,726491033.0
2019-03-07,VALE3,48.86,1026830531.0
2019-03-08,VALE3,48.85,1230865719.0
2019-03-11,VALE3,49.88,1002942753.0
2019-03-12,VALE3,49.97,779416288.0
2019-03-13,VALE3,50.7,1110802244.0
2019-03-14,VALE3,50.71,871485461.0
2019-03-15,VALE3,50.55,1322953650.0
2019-03-18,VALE3,50.46,1154495774.0
2019-03-19,VALE3,51.9,1653299118.0
2019-03-20,VALE3,50.56,1309346631.0
2019-03-21,VALE3,50.89,1001798497.0
2019-03-22,VALE3,50.05,1295813911.0
2019-03-25,VALE3,49.55,788609098.0
2019-03-26,VALE3,50.28,674630439.0
2019-03-27,VALE3,49.6,1037696051.0
2019-03-28,VALE3,49.3,1409955248.0
2019-03-29,VALE3,50.93,1283755606.0
2019-04-01,VALE3,52.6,1337458051.0
2019-04-02,VALE3,51.63,1119873417.0
2019-05-03,VALE3,50.4,533777860.0
2019-05-06,VALE3,49.66,516786623.0
2019-05-07,VALE3,49.7,748938987.0
2019-05-08,VALE3,49.0,912014464.0
2019-05-09,VALE3,48.54,603096863.0
2019-05-10,VALE3,49.46,1235325668.0
2019-05-13,VALE3,47.43,892935681.0
2019-05-14,VALE3,47.59,677046157.0
2019-05-15,VALE3,47.95,884458271.0
2019-05-16,VALE3,46.4,2336144655.0
2019-05-17,VALE3,47.72,1603156634.0
2019-05-20,VALE3,46.75,1123270757.0
2019-05-21,VALE3,47.41,1523552581.0
2019-05-22,VALE3,47.46,1015905164.0
2019-05-23,VALE3,47.82,747140425.0
2019-05-24,VALE3,48.31,1218414878.0
2019-05-27,VALE3,50.19,861557537.0
2019-05-28,VALE3,50.25,1865717767.0
2019-05-29,VALE3,49.7,883785317.0
2019-05-30,VALE3,50.01,641796185.0
2019-05-31,VALE3,49.0,1432917057.0
2019-06-03,VALE3,48.83,1097620656.0
2019-06-04,VALE3,49.11,951551668.0
2019-06-05,VALE3,48.39,696226806.0
2019-06-06,VALE3,48.8,528593618.0
2019-06-07,VALE3,48.66,566677215.0
2019-06-10,VALE3,48.34,569125896.0
2019-06-11,VALE3,51.43,2265180187.0
2019-06-12,VALE3,51.49,1262263996.0
2019-06-13,VALE3,51.85,937709350.0
2019-06-14,VALE3,51.4,1048286795.0
2019-06-17,VALE3,50.2,1040342391.0
2019-06-18,VALE3,52.0,1406407853.0
2019-06-19,VALE3,52.3,1241748542.0
2019-06-21,VALE3,52.44,1075670099.0
2019-06-24,VALE3,52.4,488849703.0
2019-06-25,VALE3,51.38,644674966.0
2019-06-26,VALE3,51.58,686576787.0
2019-06-27,VALE3,51.7,774041756.0
2019-06-28,VALE3,51.82,576180099.0
2019-07-01,VALE3,53.65,1220492444.0
2019-07-02,VALE3,51.39,2512082261.0
2019-07-03,VALE3,51.29,1033703512.0
2019-07-04,VALE3,51.67,837667231.0
2019-07-05,VALE3,50.36,1394718158.0
2019-07-08,VALE3,50.95,652480520.0
2019-07-10,VALE3,52.13,1466439066.0
2019-07-11,VALE3,52.05,967780160.0
2019-07-12,VALE3,51.81,1160674698.0
2019-07-15,VALE3,52.69,1061025355.0
2019-07-16,VALE3,53.05,925137649.0
2019-07-17,VALE3,52.69,731347620.0
2019-07-18,VALE3,52.59,642094296.0
2019-07-19,VALE3,52.72,609929067.0
2019-07-22,VALE3,52.45,591715511.0
2019-07-23,VALE3,51.76,579513940.0
2019-07-24,VALE3,50.65,1275425288.0
2019-07-25,VALE3,50.49,643702166.0
2019-07-26,VALE3,50.23,635583989.0
2019-07-29,VALE3,50.26,423980724.0
2019-07-30,VALE3,50.01,511370543.0
2019-07-31,VALE3,49.81,1158617803.0
2019-08-01,VALE3,48.4,2227290545.0
2019-08-02,VALE3,47.84,947888330.0
2019-09-02,VALE3,46.01,589090145.0
2019-09-03,VALE3,45.52,603820924.0
2019-09-04,VALE3,46.52,575153792.0
2019-09-05,VALE3,46.52,950274679.0
2019-09-06,VALE3,46.45,482926525.0
2019-09-09,VALE3,47.89,1153512430.0
2019-09-10,VALE3,48.24,1027989642.0
2019-09-11,VALE3,47.95,812126922.0
2019-09-12,VALE3,49.69,1939278652.0
2019-09-13,VALE3,49.79,1104982550.0
2019-09-16,VALE3,48.59,1284862270.0
2019-09-17,VALE3,48.9,706443561.0
2019-09-18,VALE3,48.4,742185498.0
2019-09-19,VALE3,48.32,756798475.0
2019-09-20,VALE3,48.42,1155290706.0
2019-09-23,VALE3,48.1,575984656.0
2019-09-24,VALE3,46.93,722847732.0
2019-09-25,VALE3,47.86,691783942.0
2019-09-26,VALE3,47.86,585868238.0
2019-09-27,VALE3,47.66,642987057.0
2019-09-30,VALE3,47.75,578527404.0
2019-10-01,VALE3,47.71,772264545.0
2019-10-02,VALE3,45.1,1127655966.0
2019-10-03,VALE3,45.44,1111731881.0
2019-10-04,VALE3,46.59,988680613.0
2019-10-07,VALE3,46.04,582137428.0
2019-10-08,VALE3,45.32,669155699.0
2019-10-09,VALE3,45.67,434718696.0
2019-10-10,VALE3,47.24,726173894.0
2019-10-11,VALE3,48.64,1190823117.0
2019-10-14,VALE3,47.99,551892296.0
2019-10-15,VALE3,47.91,702374259.0
2019-10-16,VALE3,46.8,1146953580.0
2019-10-17,VALE3,46.71,662454166.0
2019-10-18,VALE3,46.03,764968212.0
2019-10-21,VALE3,47.21,633194609.0
2019-10-22,VALE3,47.3,718945005.0
2019-10-23,VALE3,47.11,584984355.0
2019-10-24,VALE3,46.75,685921850.0
2019-10-25,VALE3,48.56,1047645077.0
2019-10-28,VALE3,48.7,531747290.0
2019-10-29,VALE3,48.65,490407552.0
2019-10-30,VALE3,48.59,738321569.0
2019-10-31,VALE3,47.2,1029275473.0
2019-11-01,VALE3,48.44,976749106.0
2019-11-04,VALE3,49.82,1040910689.0
2019-11-05,VALE3,49.87,794873289.0
2019-11-06,VALE3,49.69,737623307.0
2019-11-07,VALE3,50.11,1341024844.0
2019-11-08,VALE3,49.18,975351920.0
2019-11-11,VALE3,48.13,981724229.0
2019-11-12,VALE3,47.9,632783000.0
2019-11-13,VALE3,47.12,799351578.0
2019-11-14,VALE3,47.0,668067308.0
2019-11-18,VALE3,47.61,800890691.0
2019-11-19,VALE3,48.17,630605848.0
2019-11-21,VALE3,48.42,751838667.0
2019-11-22,VALE3,50.03,1371928584.0
2019-11-25,VALE3,50.86,1246501096.0
2019-11-26,VALE3,51.22,1657128115.0
2019-11-27,VALE3,50.58,683218551.0
2019-11-28,VALE3,50.37,511286553.0
2019-11-29,VALE3,49.98,514790673.0
2019-12-02,VALE3,51.34,1224361754.0
2020-01-02,VALE3,54.33,947482405.0
2020-01-03,VALE3,53.93,933866470.0
2020-01-06,VALE3,53.61,1752721242.0
2020-01-07,VALE3,54.0,879974431.0
2020-01-08,VALE3,54.01,825585512.0
2020-01-09,VALE3,53.3,781001787.0
2020-01-10,VALE3,53.36,487328297.0
2020-01-13,VALE3,55.3,1506920715.0
2020-01-14,VALE3,55.64,1556802130.0
2020-01-15,VALE3,55.46,1190561383.0
2020-01-16,VALE3,55.17,727525136.0
2020-01-17,VALE3,57.0,2067925639.0
2020-01-20,VALE3,57.36,953066800.0
2020-01-21,VALE3,56.03,1432086547.0
2020-01-22,VALE3,56.3,973507152.0
2020-01-23,VALE3,55.5,1270554037.0
2020-01-24,VALE3,53.8,1073507315.0
2020-01-27,VALE3,50.51,1977515345.0
2020-01-28,VALE3,51.2,1186723163.0
2020-01-29,VALE3,50.75,1189128813.0
2020-01-30,VALE3,51.5,1165784299.0
2020-01-31,VALE3,50.27,1507241661.0
2020-02-03,VALE3,50.91,955291007.0
2020-02-04,VALE3,52.27,1128014323.0
2020-02-05,VALE3,52.99,1427742519.0
2020-02-06,VALE3,53.28,1184866665.0
2020-02-07,VALE3,52.1,755429204.0
2020-02-10,VALE3,50.19,1430210305.0
2020-02-11,VALE3,52.05,1430137181.0
2020-02-12,VALE3,53.07,1516493020.0
2020-02-13,VALE3,52.14,1046107591.0
2020-02-14,VALE3,51.0,1019525151.0
2020-02-17,VALE3,53.41,1481590209.0
2020-02-18,VALE3,52.8,948261006.0
2020-02-19,VALE3,52.81,762435157.0
2020-02-20,VALE3,52.2,992359937.0
2020-02-21,VALE3,50.13,1619247697.0
2020-02-26,VALE3,45.35,2151505892.0
2020-02-27,VALE3,44.47,1895342344.0
2020-02-28,VALE3,44.31,1454800527.0
2020-03-02,VALE3,46.36,2231466804.0
2020-03-03,VALE3,46.35,2487105272.0
2020-03-04,VALE3,48.57,1515493922.0
2020-03-05,VALE3,46.85,1372843258.0
2020-03-06,VALE3,44.61,1768819389.0
2020-03-09,VALE3,37.83,2329735090.0
2020-03-10,VALE3,44.81,2702482804.0
2020-03-11,VALE3,40.74,2077222977.0
2020-03-12,VALE3,35.35,2157605889.0
2020-03-13,VALE3,42.9,2735506253.0
2020-03-16,VALE3,39.04,2323873047.0
2020-03-17,VALE3,41.51,2201186825.0
2020-03-18,VALE3,38.65,2290980883.0
2020-03-19,VALE3,36.4,1953395208.0
2020-03-20,VALE3,35.19,1873403437.0
2020-03-23,VALE3,34.1,1440723931.0
2020-03-24,VALE3,37.64,1388874761.0
2020-03-25,VALE3,40.85,1518130210.0
2020-03-26,VALE3,42.0,1504800577.0
2020-03-27,VALE3,40.1,1303554642.0
2020-03-30,VALE3,41.77,1304091267.0
2020-03-31,VALE3,43.22,1704435151.0
2020-04-01,VALE3,43.37,1602815010.0
2020-04-02,VALE3,42.78,1486147212.0
2020-05-04,VALE3,43.93,744712695.0
2020-05-05,VALE3,43.7,843881869.0
2020-05-06,VALE3,44.33,1173265081.0
2020-05-07,VALE3,46.05,1955446950.0
2020-05-08,VALE3,48.85,1630675784.0
2020-05-11,VALE3,47.73,1196432408.0
2020-05-12,VALE3,47.46,1047989747.0
2020-05-13,VALE3,48.54,1654835774.0
2020-05-14,VALE3,48.09,1698859598.0
2020-05-15,VALE3,48.05,1708184493.0
2020-05-18,VALE3,51.26,2140022648.0
2020-05-19,VALE3,52.44,1444370247.0
2020-05-20,VALE3,52.5,1434989519.0
2020-05-21,VALE3,51.13,2146704319.0
2020-05-22,VALE3,50.27,1204518321.0
2020-05-25,VALE3,50.1,1068541510.0
2020-05-26,VALE3,49.2,1430997088.0
2020-05-27,VALE3,50.64,1601461341.0
2020-05-28,VALE3,50.09,1193985957.0
2020-05-29,VALE3,53.0,4853775697.0
2020-06-01,VALE3,53.42,1449671995.0
2020-06-02,VALE3,53.42,1366904290.0
2020-06-03,VALE3,53.66,1699214663.0
2020-06-04,VALE3,55.66,2061987267.0
2020-06-05,VALE3,54.61,2201607091.0
2020-06-08,VALE3,54.78,1499337191.0
2020-06-09,VALE3,54.99,1085167855.0
2020-06-10,VALE3,54.2,1321862850.0
2020-06-12,VALE3,53.4,1653350654.0
2020-06-15,VALE3,53.88,1462475179.0
2020-06-16,VALE3,55.39,1615410097.0
2020-06-17,VALE3,56.2,1555634201.0
2020-06-18,VALE3,56.17,1447019687.0
2020-06-19,VALE3,55.17,2108494685.0
2020-06-22,VALE3,55.0,817260447.0
2020-06-23,VALE3,55.59,1023220051.0
2020-06-24,VALE3,55.39,1006100022.0
2020-06-25,VALE3,56.0,946535479.0
2020-06-26,VALE3,55.62,1212003992.0
2020-06-29,VALE3,55.63,855945316.0
2020-06-30,VALE3,55.92,1533156950.0
2020-07-01,VALE3,54.54,1585047801.0
2020-07-02,VALE3,55.49,1333608014.0
2020-07-03,VALE3,55.26,433334349.0
2020-07-06,VALE3,56.57,1328536374.0
2020-07-07,VALE3,56.37,767588759.0
2020-07-08,VALE3,57.32,1865842883.0
2020-07-09,VALE3,56.42,1119967837.0
2020-07-10,VALE3,56.97,838703971.0
2020-07-13,VALE3,57.65,1683064765.0
2020-07-14,VALE3,61.7,3159888088.0
2020-07-15,VALE3,61.79,1831834785.0
2020-07-16,VALE3,60.12,1378647317.0
2020-07-17,VALE3,61.04,1149658725.0
2020-07-20,VALE3,60.8,1006323931.0
2020-07-21,VALE3,59.7,1733148780.0
2020-07-22,VALE3,59.24,1166252811.0
2020-07-23,VALE3,58.85,1025413558.0
2020-07-24,VALE3,58.6,1314610170.0
2020-07-27,VALE3,61.37,2128834063.0
2020-07-28,VALE3,60.34,1315499896.0
2020-07-29,VALE3,62.95,1832217280.0
2020-07-30,VALE3,61.27,1977993992.0
2020-07-31,VALE3,60.71,1603489967.0
2020-09-02,VALE3,61.32,1328900081.0
2020-09-03,VALE3,59.32,2147172735.0
2020-09-04,VALE3,60.49,1594632183.0
2020-09-08,VALE3,59.27,869246761.0
2020-09-09,VALE3,60.0,985645856.0
2020-09-10,VALE3,58.53,1147015406.0
2020-09-11,VALE3,61.95,2826395262.0
2020-09-14,VALE3,61.91,2214325716.0
2020-09-15,VALE3,62.6,2049690307.0
2020-09-16,VALE3,60.97,1763195484.0
2020-09-17,VALE3,62.08,1932201220.0
2020-09-18,VALE3,61.66,2062398778.0
2020-09-21,VALE3,60.0,3186125833.0
2020-09-22,VALE3,57.81,1385529646.0
2020-09-23,VALE3,59.1,2189381332.0
2020-09-24,VALE3,58.66,1867092783.0
2020-09-25,VALE3,59.25,1625109743.0
2020-09-28,VALE3,58.78,1796051507.0
2020-09-29,VALE3,58.35,1546421739.0
2020-09-30,VALE3,59.11,1544121943.0
2020-10-01,VALE3,58.86,1339782591.0
2020-10-02,VALE3,58.32,1390335965.0
2020-10-05,VALE3,59.59,1064295885.0
2020-10-06,VALE3,58.62,1295905966.0
2020-10-07,VALE3,60.17,1635170401.0
2020-10-08,VALE3,61.29,1352993570.0
2020-10-09,VALE3,61.6,1295460436.0
2020-10-13,VALE3,62.14,1151765620.0
2020-10-14,VALE3,63.0,1395147452.0
2020-10-15,VALE3,62.47,1019562739.0
2020-10-16,VALE3,62.24,993965898.0
2020-10-19,VALE3,61.95,1823061772.0
2020-10-20,VALE3,61.84,1564264589.0
2020-10-21,VALE3,62.85,1348179217.0
2020-10-22,VALE3,63.1,2024847720.0
2020-10-23,VALE3,63.45,1532447511.0
2020-10-26,VALE3,62.5,1141924918.0
2020-10-27,VALE3,62.53,1136123286.0
2020-10-28,VALE3,60.26,1441007310.0
2020-10-29,VALE3,62.02,2333439618.0
2020-10-30,VALE3,60.55,1676290328.0
2020-11-03,VALE3,63.34,2052615223.0
2020-11-04,VALE3,61.58,1732814661.0
2020-11-05,VALE3,62.55,1596592558.0
2020-11-06,VALE3,63.19,1676799161.0
2020-11-09,VALE3,63.19,2394361686.0
2020-11-10,VALE3,63.16,3412255859.0
2020-11-11,VALE3,63.6,1643158712.0
2020-11-12,VALE3,62.67,1493690147.0
2020-11-13,VALE3,63.25,1583459140.0
2020-11-16,VALE3,64.92,5833548296.0
2020-11-17,VALE3,66.97,4176267072.0
2020-11-18,VALE3,66.45,1522008471.0
2020-11-19,VALE3,67.72,1738240308.0
2020-11-20,VALE3,68.44,1567565509.0
2020-11-23,VALE3,71.29,2714118790.0
2020-11-24,VALE3,74.8,3475360125.0
2020-11-25,VALE3,75.5,2718931095.0
2020-11-26,VALE3,76.57,1549591408.0
2020-11-27,VALE3,78.44,3819795714.0
2020-11-30,VALE3,78.0,3787989304.0
2020-12-01,VALE3,81.25,4951560764.0
2020-12-02,VALE3,79.84,4264304093.0
2019-01-04,VIVT4,47.5,92250459.0
2019-01-07,VIVT4,47.9,78181090.0
2019-01-08,VIVT4,48.01,117799667.0
2019-01-09,VIVT4,48.74,99711409.0
2019-01-10,VIVT4,48.45,173118717.0
2019-01-11,VIVT4,47.8,118308108.0
2019-01-14,VIVT4,48.21,101830852.0
2019-01-15,VIVT4,47.6,101083563.0
2019-01-16,VIVT4,46.85,104436470.0
2019-01-17,VIVT4,46.4,133125977.0
2019-01-18,VIVT4,47.09,67068992.0
2019-01-21,VIVT4,46.7,29752963.0
2019-01-22,VIVT4,46.16,81678476.0
2019-01-23,VIVT4,46.97,71626577.0
2019-01-24,VIVT4,47.77,77049525.0
2019-01-28,VIVT4,48.36,110845122.0
2019-01-29,VIVT4,47.81,99914710.0
2019-01-30,VIVT4,48.27,115050979.0
2019-01-31,VIVT4,48.69,128032081.0
2019-02-01,VIVT4,49.2,73137932.0
2019-02-04,VIVT4,49.2,82228522.0
2019-02-05,VIVT4,49.24,88731570.0
2019-02-06,VIVT4,47.62,72915293.0
2019-02-07,VIVT4,47.49,107742961.0
2019-02-08,VIVT4,47.79,97804906.0
2019-02-11,VIVT4,47.75,82016443.0
2019-02-12,VIVT4,48.07,87683437.0
2019-02-13,VIVT4,48.45,108570072.0
2019-02-14,VIVT4,48.49,63158984.0
2019-02-15,VIVT4,48.15,69832348.0
2019-02-18,VIVT4,47.99,51531199.0
2019-02-19,VIVT4,48.64,93280549.0
2019-02-20,VIVT4,47.76,159305999.0
2019-02-21,VIVT4,47.86,88535190.0
2019-02-22,VIVT4,48.34,77186604.0
2019-02-25,VIVT4,47.91,71295713.0
2019-02-26,VIVT4,48.27,59946631.0
2019-02-27,VIVT4,47.64,57622671.0
2019-02-28,VIVT4,46.79,71811478.0
2019-03-01,VIVT4,46.08,43164366.0
2019-03-06,VIVT4,45.55,66961186.0
2019-03-07,VIVT4,45.8,64483287.0
2019-03-08,VIVT4,46.5,76819535.0
2019-03-11,VIVT4,47.09,73285468.0
2019-03-12,VIVT4,46.72,77509643.0
2019-03-13,VIVT4,47.43,97117618.0
2019-03-14,VIVT4,47.26,68717384.0
2019-03-15,VIVT4,48.27,205168814.0
2019-03-18,VIVT4,48.5,76092174.0
2019-03-19,VIVT4,48.4,73945358.0
2019-03-20,VIVT4,48.3,100096283.0
2019-03-21,VIVT4,47.8,97589183.0
2019-03-22,VIVT4,47.67,116961760.0
2019-03-25,VIVT4,46.83,76089886.0
2019-03-26,VIVT4,47.0,101840229.0
2019-03-27,VIVT4,46.1,137115697.0
2019-03-28,VIVT4,47.21,100925216.0
2019-03-29,VIVT4,47.5,123759503.0
2019-04-01,VIVT4,47.62,103156653.0
2019-04-02,VIVT4,47.07,49121928.0
2019-05-03,VIVT4,45.92,52848076.0
2019-05-06,VIVT4,45.51,66243321.0
2019-05-07,VIVT4,45.85,101597412.0
2019-05-08,VIVT4,45.75,104737875.0
2019-05-09,VIVT4,45.5,63069612.0
2019-05-10,VIVT4,45.33,113326356.0
2019-05-13,VIVT4,44.9,91097690.0
2019-05-14,VIVT4,44.9,78175417.0
2019-05-15,VIVT4,44.85,92691778.0
2019-05-16,VIVT4,44.6,94464746.0
2019-05-17,VIVT4,44.98,77896843.0
2019-05-20,VIVT4,45.72,91515343.0
2019-05-21,VIVT4,46.2,101273783.0
2019-05-22,VIVT4,46.6,131924204.0
2019-05-23,VIVT4,47.0,77488736.0
2019-05-24,VIVT4,46.34,56285921.0
2019-05-27,VIVT4,46.75,44007270.0
2019-05-28,VIVT4,47.0,183898765.0
2019-05-29,VIVT4,46.84,85384997.0
2019-05-30,VIVT4,47.45,64030410.0
2019-05-31,VIVT4,48.05,99168883.0
2019-06-03,VIVT4,49.0,152990479.0
2019-06-04,VIVT4,49.9,121531941.0
2019-06-05,VIVT4,49.7,94585475.0
2019-06-06,VIVT4,49.5,94664346.0
2019-06-07,VIVT4,49.47,64265401.0
2019-06-10,VIVT4,49.58,45424443.0
2019-06-11,VIVT4,49.41,99501644.0
2019-06-12,VIVT4,49.96,74405417.0
2019-06-13,VIVT4,50.3,137543200.0
2019-06-14,VIVT4,50.26,100570586.0
2019-06-17,VIVT4,49.35,71548333.0
2019-06-18,VIVT4,50.14,120488592.0
2019-06-19,VIVT4,49.71,103670340.0
2019-06-21,VIVT4,49.88,139540637.0
2019-06-24,VIVT4,50.28,70090131.0
2019-06-25,VIVT4,49.69,67741493.0
2019-06-26,VIVT4,49.95,74361890.0
2019-06-27,VIVT4,50.2,62230609.0
2019-06-28,VIVT4,49.91,79888062.0
2019-07-01,VIVT4,48.91,76255594.0
2019-07-02,VIVT4,50.0,86809577.0
2019-07-03,VIVT4,50.63,74863007.0
2019-07-04,VIVT4,51.17,48168473.0
2019-07-05,VIVT4,50.7,54375219.0
2019-07-08,VIVT4,50.7,56187314.0
2019-07-10,VIVT4,52.0,126002637.0
2019-07-11,VIVT4,52.4,135550145.0
2019-07-12,VIVT4,52.09,89829007.0
2019-07-15,VIVT4,53.7,130694434.0
2019-07-16,VIVT4,54.14,111488559.0
2019-07-17,VIVT4,54.0,136923443.0
2019-07-18,VIVT4,53.69,62967183.0
2019-07-19,VIVT4,53.75,92856822.0
2019-07-22,VIVT4,53.6,103235676.0
2019-07-23,VIVT4,53.5,68597742.0
2019-07-24,VIVT4,53.72,96406885.0
2019-07-25,VIVT4,52.7,86401862.0
2019-07-26,VIVT4,52.22,68674293.0
2019-07-29,VIVT4,52.7,91310832.0
2019-07-30,VIVT4,52.47,85332760.0
2019-07-31,VIVT4,52.3,128992226.0
2019-08-01,VIVT4,52.44,143094869.0
2019-08-02,VIVT4,52.8,77005590.0
2019-09-02,VIVT4,54.33,86454819.0
2019-09-03,VIVT4,54.06,64601963.0
2019-09-04,VIVT4,55.0,89756903.0
2019-09-05,VIVT4,55.64,88299111.0
2019-09-06,VIVT4,54.65,94542859.0
2019-09-09,VIVT4,52.99,158565811.0
2019-09-10,VIVT4,52.56,116064284.0
2019-09-11,VIVT4,53.4,106798461.0
2019-09-12,VIVT4,53.55,99267224.0
2019-09-13,VIVT4,51.81,146053745.0
2019-09-16,VIVT4,52.5,93577978.0
2019-09-17,VIVT4,53.67,73248847.0
2019-09-18,VIVT4,53.44,44644866.0
2019-09-19,VIVT4,54.24,52626702.0
2019-09-20,VIVT4,54.52,142592986.0
2019-09-23,VIVT4,54.0,52606868.0
2019-09-24,VIVT4,53.98,56299700.0
2019-09-25,VIVT4,54.26,61447470.0
2019-09-26,VIVT4,54.45,51742715.0
2019-09-27,VIVT4,54.96,42212079.0
2019-09-30,VIVT4,54.94,86427386.0
2019-10-01,VIVT4,53.92,121014444.0
2019-10-02,VIVT4,52.58,56144764.0
2019-10-03,VIVT4,52.51,45302934.0
2019-10-04,VIVT4,53.5,100778415.0
2019-10-07,VIVT4,52.59,68763897.0
2019-10-08,VIVT4,52.8,67795366.0
2019-10-09,VIVT4,53.0,45838500.0
2019-10-10,VIVT4,53.13,85060917.0
2019-10-11,VIVT4,53.47,66028077.0
2019-10-14,VIVT4,53.32,35571942.0
2019-10-15,VIVT4,53.5,59992352.0
2019-10-16,VIVT4,54.63,90844589.0
2019-10-17,VIVT4,55.05,57881532.0
2019-10-18,VIVT4,54.86,37581485.0
2019-10-21,VIVT4,54.71,45019910.0
2019-10-22,VIVT4,54.62,61727045.0
2019-10-23,VIVT4,54.21,71174240.0
2019-10-24,VIVT4,53.91,68109450.0
2019-10-25,VIVT4,53.6,66744759.0
2019-10-28,VIVT4,53.3,64777501.0
2019-10-29,VIVT4,53.2,47292556.0
2019-10-30,VIVT4,53.24,51404427.0
2019-10-31,VIVT4,53.08,91682893.0
2019-11-01,VIVT4,53.36,47252095.0
2019-11-04,VIVT4,53.75,68144252.0
2019-11-05,VIVT4,53.03,121493601.0
2019-11-06,VIVT4,54.56,153733611.0
2019-11-07,VIVT4,54.5,55024591.0
2019-11-08,VIVT4,54.0,98845412.0
2019-11-11,VIVT4,53.96,62279290.0
2019-11-12,VIVT4,54.0,76739905.0
2019-11-13,VIVT4,53.79,86059692.0
2019-11-14,VIVT4,54.89,84256455.0
2019-11-18,VIVT4,56.11,82033407.0
2019-11-19,VIVT4,55.78,90825050.0
2019-11-21,VIVT4,55.2,122163999.0
2019-11-22,VIVT4,55.4,64873018.0
2019-11-25,VIVT4,55.65,52863313.0
2019-11-26,VIVT4,54.12,158656691.0
2019-11-27,VIVT4,55.15,67205696.0
2019-11-28,VIVT4,56.1,46289886.0
2019-11-29,VIVT4,56.25,85686755.0
2019-12-02,VIVT4,56.17,112969217.0
2020-01-02,VIVT4,57.21,95815490.0
2020-01-03,VIVT4,57.72,109909459.0
2020-01-06,VIVT4,56.83,100694223.0
2020-01-07,VIVT4,56.95,71362752.0
2020-01-08,VIVT4,56.69,90432743.0
2020-01-09,VIVT4,56.62,80127869.0
2020-01-10,VIVT4,57.31,56791023.0
2020-01-13,VIVT4,58.69,116092223.0
2020-01-14,VIVT4,58.45,63559939.0
2020-01-15,VIVT4,58.11,105585164.0
2020-01-16,VIVT4,59.51,179309269.0
2020-01-17,VIVT4,59.62,93816055.0
2020-01-20,VIVT4,60.42,47616024.0
2020-01-21,VIVT4,60.43,115529695.0
2020-01-22,VIVT4,61.28,137635635.0
2020-01-23,VIVT4,60.58,140628587.0
2020-01-24,VIVT4,59.94,60022825.0
2020-01-27,VIVT4,60.44,103691738.0
2020-01-28,VIVT4,61.0,69539585.0
2020-01-29,VIVT4,60.6,123812889.0
2020-01-30,VIVT4,59.87,89146965.0
2020-01-31,VIVT4,59.39,137103247.0
2020-02-03,VIVT4,60.26,72310526.0
2020-02-04,VIVT4,61.0,83725666.0
2020-02-05,VIVT4,60.85,118812133.0
2020-02-06,VIVT4,60.2,84688299.0
2020-02-07,VIVT4,59.79,76126551.0
2020-02-10,VIVT4,59.09,106914734.0
2020-02-11,VIVT4,59.44,104136261.0
2020-02-12,VIVT4,60.29,166850754.0
2020-02-13,VIVT4,59.97,67479927.0
2020-02-14,VIVT4,58.42,68617722.0
2020-02-17,VIVT4,58.2,79301191.0
2020-02-18,VIVT4,57.78,123431720.0
2020-02-19,VIVT4,58.37,85170997.0
2020-02-20,VIVT4,57.2,94971783.0
2020-02-21,VIVT4,56.85,95240755.0
2020-02-26,VIVT4,54.03,178789787.0
2020-02-27,VIVT4,53.49,288209638.0
2020-02-28,VIVT4,53.38,281688380.0
2020-03-02,VIVT4,55.13,167751764.0
2020-03-03,VIVT4,55.79,152034347.0
2020-03-04,VIVT4,57.7,142859453.0
2020-03-05,VIVT4,57.0,158662218.0
2020-03-06,VIVT4,56.44,202701575.0
2020-03-09,VIVT4,52.59,234776931.0
2020-03-10,VIVT4,54.06,206625308.0
2020-03-11,VIVT4,54.32,334728362.0
2020-03-12,VIVT4,49.4,244675304.0
2020-03-13,VIVT4,53.27,239497282.0
2020-03-16,VIVT4,50.79,274252726.0
2020-03-17,VIVT4,54.6,350645086.0
2020-03-18,VIVT4,54.21,311032378.0
2020-03-19,VIVT4,57.93,278010138.0
2020-03-20,VIVT4,53.48,234097317.0
2020-03-23,VIVT4,49.07,134349106.0
2020-03-24,VIVT4,47.92,133694711.0
2020-03-25,VIVT4,47.06,165625621.0
2020-03-26,VIVT4,48.93,211282208.0
2020-03-27,VIVT4,48.59,183948434.0
2020-03-30,VIVT4,49.39,122257575.0
2020-03-31,VIVT4,49.45,179330686.0
2020-04-01,VIVT4,51.12,202314386.0
2020-04-02,VIVT4,51.84,111015238.0
2020-05-04,VIVT4,48.33,214217371.0
2020-05-05,VIVT4,49.5,144707471.0
2020-05-06,VIVT4,49.35,172866277.0
2020-05-07,VIVT4,47.4,154003464.0
2020-05-08,VIVT4,48.19,80972443.0
2020-05-11,VIVT4,46.87,99081094.0
2020-05-12,VIVT4,46.6,157967931.0
2020-05-13,VIVT4,46.84,144061841.0
2020-05-14,VIVT4,46.98,167840039.0
2020-05-15,VIVT4,45.9,127780792.0
2020-05-18,VIVT4,47.75,108615081.0
2020-05-19,VIVT4,46.56,98686733.0
2020-05-20,VIVT4,46.95,91162732.0
2020-05-21,VIVT4,47.59,121862005.0
2020-05-22,VIVT4,46.94,110216148.0
2020-05-25,VIVT4,48.4,88507694.0
2020-05-26,VIVT4,49.0,146075513.0
2020-05-27,VIVT4,48.72,146014116.0
2020-05-28,VIVT4,48.24,90315328.0
2020-05-29,VIVT4,47.14,226859454.0
2020-06-01,VIVT4,47.4,108637405.0
2020-06-02,VIVT4,48.04,177595147.0
2020-06-03,VIVT4,47.25,243040783.0
2020-06-04,VIVT4,47.3,220054803.0
2020-06-05,VIVT4,47.77,286848088.0
2020-06-08,VIVT4,48.54,112270971.0
2020-06-09,VIVT4,49.0,160699640.0
2020-06-10,VIVT4,49.59,154858895.0
2020-06-12,VIVT4,49.83,219974757.0
2020-06-15,VIVT4,48.48,153337229.0
2020-06-16,VIVT4,49.5,130390677.0
2020-06-17,VIVT4,49.7,189912327.0
2020-06-18,VIVT4,50.5,143803089.0
2020-06-19,VIVT4,50.4,239172185.0
2020-06-22,VIVT4,49.7,73922963.0
2020-06-23,VIVT4,49.22,97997750.0
2020-06-24,VIVT4,48.82,107459267.0
2020-06-25,VIVT4,49.31,111905171.0
2020-06-26,VIVT4,48.54,82374696.0
2020-06-29,VIVT4,48.2,107347543.0
2020-06-30,VIVT4,48.03,139492723.0
2020-07-01,VIVT4,48.08,122980120.0
2020-07-02,VIVT4,48.05,120928145.0
2020-07-03,VIVT4,48.85,73374586.0
2020-07-06,VIVT4,48.93,74927818.0
2020-07-07,VIVT4,48.38,82930074.0
2020-07-08,VIVT4,48.88,113645208.0
2020-07-09,VIVT4,49.75,160141369.0
2020-07-10,VIVT4,48.85,62340939.0
2020-07-13,VIVT4,48.02,105195315.0
2020-07-14,VIVT4,47.99,121833472.0
2020-07-15,VIVT4,48.42,144934033.0
2020-07-16,VIVT4,49.75,211486303.0
2020-07-17,VIVT4,50.39,114419059.0
2020-07-20,VIVT4,53.41,331656989.0
2020-07-21,VIVT4,52.79,170078246.0
2020-07-22,VIVT4,51.5,131113333.0
2020-07-23,VIVT4,49.58,256818866.0
2020-07-24,VIVT4,49.27,100615360.0
2020-07-27,VIVT4,49.75,117313442.0
2020-07-28,VIVT4,50.97,149217244.0
2020-07-29,VIVT4,50.6,164451344.0
2020-07-30,VIVT4,51.13,67135292.0
2020-07-31,VIVT4,52.65,269473150.0
2020-09-02,VIVT4,48.45,97806163.0
2020-09-03,VIVT4,48.81,94565480.0
2020-09-04,VIVT4,48.8,121775649.0
2020-09-08,VIVT4,48.93,129242118.0
2020-09-09,VIVT4,50.3,125750637.0
2020-09-10,VIVT4,48.38,97753119.0
2020-09-11,VIVT4,47.71,104318461.0
2020-09-14,VIVT4,47.75,77562500.0
2020-09-15,VIVT4,47.64,63445106.0
2020-09-16,VIVT4,47.06,135617782.0
2020-09-17,VIVT4,47.09,88787589.0
2020-09-18,VIVT4,46.55,169499734.0
2020-09-21,VIVT4,46.48,124164889.0
2020-09-22,VIVT4,46.35,64474108.0
2020-09-23,VIVT4,45.35,94147402.0
2020-09-24,VIVT4,45.64,70265339.0
2020-09-25,VIVT4,45.32,69248752.0
2020-09-28,VIVT4,44.01,120526538.0
2020-09-29,VIVT4,43.65,87698690.0
2020-09-30,VIVT4,43.42,81989024.0
2020-10-01,VIVT4,43.5,115101645.0
2020-10-02,VIVT4,43.47,119053675.0
2020-10-05,VIVT4,43.47,108779616.0
2020-10-06,VIVT4,43.71,119850101.0
2020-10-07,VIVT4,43.71,82423980.0
2020-10-08,VIVT4,44.3,99311403.0
2020-10-09,VIVT4,44.09,102695156.0
2020-10-13,VIVT4,43.73,96001914.0
2020-10-14,VIVT4,44.07,86173387.0
2020-10-15,VIVT4,44.24,89354427.0
2020-10-16,VIVT4,43.55,89262563.0
2020-10-19,VIVT4,43.13,89365554.0
2020-10-20,VIVT4,42.93,111053130.0
2020-10-21,VIVT4,43.0,111589504.0
2020-10-22,VIVT4,43.78,187096491.0
2020-10-23,VIVT4,43.87,104025635.0
2020-10-26,VIVT4,44.2,89663309.0
2020-10-27,VIVT4,43.49,86597809.0
2020-10-28,VIVT4,42.01,128548955.0
2020-10-29,VIVT4,42.15,108734194.0
2020-10-30,VIVT4,42.54,184667385.0
2020-11-03,VIVT4,42.5,117829688.0
2020-11-04,VIVT4,42.33,76953161.0
2020-11-05,VIVT4,42.9,88084762.0
2020-11-06,VIVT4,42.76,123768281.0
2020-11-09,VIVT4,44.48,188581501.0
2020-11-10,VIVT4,45.76,144445483.0
2020-11-11,VIVT4,44.96,78338605.0
2020-11-12,VIVT4,44.57,128484105.0
2020-11-13,VIVT4,44.62,83440945.0
2020-11-16,VIVT4,45.46,118073622.0
2020-11-17,VIVT4,46.66,120508277.0
2020-11-18,VIVT4,46.69,102566049.0
2020-11-19,VIVT4,46.39,82049551.0
2020-11-20,VIVT4,45.34,104112265.0
2019-01-04,VVAR3,4.27,25533051.0
2019-01-07,VVAR3,4.24,23015594.0
2019-01-08,VVAR3,4.04,49275007.0
2019-01-09,VVAR3,4.01,71682019.0
2019-01-10,VVAR3,4.42,128288621.0
2019-01-11,VVAR3,4.51,105113469.0
2019-01-14,VVAR3,4.82,88269396.0
2019-01-15,VVAR3,4.98,164051832.0
2019-01-16,VVAR3,5.05,89758630.0
2019-01-17,VVAR3,4.93,97177714.0
2019-01-18,VVAR3,4.88,78754456.0
2019-01-21,VVAR3,4.8,49145537.0
2019-01-22,VVAR3,4.93,103538284.0
2019-01-23,VVAR3,5.16,123770335.0
2019-01-24,VVAR3,5.49,167126537.0
2019-01-28,VVAR3,5.35,172274596.0
2019-01-29,VVAR3,5.67,132849405.0
2019-01-30,VVAR3,5.77,169980923.0
2019-01-31,VVAR3,6.0,172128400.0
2019-02-01,VVAR3,5.96,133066273.0
2019-02-04,VVAR3,5.99,90916305.0
2019-02-05,VVAR3,5.64,129881379.0
2019-02-06,VVAR3,5.29,150314045.0
2019-02-07,VVAR3,5.45,116811734.0
2019-02-08,VVAR3,5.56,106898689.0
2019-02-11,VVAR3,5.52,66622885.0
2019-02-12,VVAR3,5.56,58825610.0
2019-02-13,VVAR3,5.45,81804797.0
2019-02-14,VVAR3,5.45,119876593.0
2019-02-15,VVAR3,5.28,51390846.0
2019-02-18,VVAR3,5.47,51087546.0
2019-02-19,VVAR3,5.28,81102641.0
2019-02-20,VVAR3,5.21,209636653.0
2019-02-21,VVAR3,4.67,223894695.0
2019-02-22,VVAR3,4.72,133354559.0
2019-02-25,VVAR3,4.97,316839841.0
2019-02-26,VVAR3,4.77,103248233.0
2019-02-27,VVAR3,4.64,124634926.0
2019-02-28,VVAR3,4.58,110175303.0
2019-03-01,VVAR3,4.54,50406708.0
2019-03-06,VVAR3,4.39,37841012.0
2019-03-07,VVAR3,4.41,71298518.0
2019-03-08,VVAR3,4.68,68979918.0
2019-03-11,VVAR3,4.76,51538225.0
2019-03-12,VVAR3,4.84,52722879.0
2019-03-13,VVAR3,4.62,66354070.0
2019-03-14,VVAR3,4.64,41607948.0
2019-03-15,VVAR3,4.54,38211971.0
2019-03-18,VVAR3,4.59,31676637.0
2019-03-19,VVAR3,4.64,34301323.0
2019-03-20,VVAR3,4.58,26265162.0
2019-03-21,VVAR3,4.55,56918341.0
2019-03-22,VVAR3,4.33,57360787.0
2019-03-25,VVAR3,4.33,34684799.0
2019-03-26,VVAR3,4.36,29386478.0
2019-03-27,VVAR3,4.11,76033408.0
2019-03-28,VVAR3,4.18,57235752.0
2019-03-29,VVAR3,4.22,47845050.0
2019-04-01,VVAR3,4.27,19594218.0
2019-04-02,VVAR3,4.55,66415544.0
2019-05-03,VVAR3,4.52,162701264.0
2019-05-06,VVAR3,4.56,107066121.0
2019-05-07,VVAR3,4.72,107925997.0
2019-05-08,VVAR3,4.53,167145314.0
2019-05-09,VVAR3,4.74,146484335.0
2019-05-10,VVAR3,4.61,117239639.0
2019-05-13,VVAR3,4.73,159659819.0
2019-05-14,VVAR3,4.55,110608304.0
2019-05-15,VVAR3,4.3,87340261.0
2019-05-16,VVAR3,4.09,98981912.0
2019-05-17,VVAR3,4.03,80910075.0
2019-05-20,VVAR3,4.11,51719598.0
2019-05-21,VVAR3,4.31,65941084.0
2019-05-22,VVAR3,4.32,65982679.0
2019-05-23,VVAR3,4.2,42380593.0
2019-05-24,VVAR3,4.2,28372278.0
2019-05-27,VVAR3,4.26,22470617.0
2019-05-28,VVAR3,4.41,45757041.0
2019-05-29,VVAR3,4.58,79130859.0
2019-05-30,VVAR3,4.8,156529285.0
2019-05-31,VVAR3,4.7,76398441.0
2019-06-03,VVAR3,4.96,115003896.0
2019-06-04,VVAR3,4.86,141505902.0
2019-06-05,VVAR3,4.65,86870130.0
2019-06-06,VVAR3,4.95,180076305.0
2019-06-07,VVAR3,5.0,83059429.0
2019-06-10,VVAR3,5.06,72088204.0
2019-06-11,VVAR3,5.0,77111333.0
2019-06-12,VVAR3,4.84,263064406.0
2019-06-13,VVAR3,5.04,211646158.0
2019-06-14,VVAR3,4.97,2653161237.0
2019-06-17,VVAR3,5.07,146744359.0
2019-06-18,VVAR3,5.07,152671220.0
2019-06-19,VVAR3,5.06,104192639.0
2019-06-21,VVAR3,5.1,84593607.0
2019-06-24,VVAR3,5.11,77111302.0
2019-06-25,VVAR3,5.04,85901792.0
2019-06-26,VVAR3,4.98,94437423.0
2019-06-27,VVAR3,4.97,103706326.0
2019-06-28,VVAR3,5.07,119884196.0
2019-07-01,VVAR3,5.12,110609698.0
2019-07-02,VVAR3,5.45,272092044.0
2019-07-03,VVAR3,5.93,485452696.0
2019-07-04,VVAR3,6.24,364054984.0
2019-07-05,VVAR3,6.35,292340776.0
2019-07-08,VVAR3,6.75,355508699.0
2019-07-10,VVAR3,6.73,777934151.0
2019-07-11,VVAR3,6.5,361615994.0
2019-07-12,VVAR3,6.52,388676166.0
2019-07-15,VVAR3,7.03,421265064.0
2019-07-16,VVAR3,7.13,320968371.0
2019-07-17,VVAR3,7.31,303482189.0
2019-07-18,VVAR3,7.38,276450922.0
2019-07-19,VVAR3,7.15,235962402.0
2019-07-22,VVAR3,7.05,215356195.0
2019-07-23,VVAR3,6.92,172853691.0
2019-07-24,VVAR3,7.32,240280518.0
2019-07-25,VVAR3,7.1,250537978.0
2019-07-26,VVAR3,7.34,196597501.0
2019-07-29,VVAR3,7.68,296773274.0
2019-07-30,VVAR3,7.62,329902968.0
2019-07-31,VVAR3,7.72,199628873.0
2019-08-01,VVAR3,8.2,575518909.0
2019-08-02,VVAR3,8.19,221676488.0
2019-09-02,VVAR3,7.79,209566470.0
2019-09-03,VVAR3,7.56,211691953.0
2019-09-04,VVAR3,7.62,174507447.0
2019-09-05,VVAR3,7.55,141392922.0
2019-09-06,VVAR3,7.38,132355524.0
2019-09-09,VVAR3,7.01,241866214.0
2019-09-10,VVAR3,6.78,370831735.0
2019-09-11,VVAR3,6.98,280829604.0
2019-09-12,VVAR3,7.1,135853973.0
2019-09-13,VVAR3,6.91,125503179.0
2019-09-16,VVAR3,6.95,105315425.0
2019-09-17,VVAR3,6.97,118507588.0
2019-09-18,VVAR3,7.03,112238139.0
2019-09-19,VVAR3,7.4,335803866.0
2019-09-20,VVAR3,7.4,206806769.0
2019-09-23,VVAR3,7.56,200911916.0
2019-09-24,VVAR3,7.47,150519904.0
2019-09-25,VVAR3,7.64,158663123.0
2019-09-26,VVAR3,7.86,207713951.0
2019-09-27,VVAR3,7.87,139359065.0
2019-09-30,VVAR3,7.92,115066104.0
2019-10-01,VVAR3,7.8,171340498.0
2019-10-02,VVAR3,7.47,217852261.0
2019-10-03,VVAR3,7.8,205687343.0
2019-10-04,VVAR3,7.89,135196629.0
2019-10-07,VVAR3,7.83,122069864.0
2019-10-08,VVAR3,7.72,128209743.0
2019-10-09,VVAR3,7.59,221578418.0
2019-10-10,VVAR3,7.53,126357410.0
2019-10-11,VVAR3,7.75,186377636.0
2019-10-14,VVAR3,7.78,122707906.0
2019-10-15,VVAR3,7.79,123945682.0
2019-10-16,VVAR3,7.82,145744672.0
2019-10-17,VVAR3,7.9,216512952.0
2019-10-18,VVAR3,7.84,110672176.0
2019-10-21,VVAR3,7.81,206607261.0
2019-10-22,VVAR3,7.81,133003181.0
2019-10-23,VVAR3,7.65,124214900.0
2019-10-24,VVAR3,7.49,186151569.0
2019-10-25,VVAR3,7.43,124790509.0
2019-10-28,VVAR3,7.36,163342602.0
2019-10-29,VVAR3,7.35,259786267.0
2019-10-30,VVAR3,7.4,221913854.0
2019-10-31,VVAR3,7.42,212737329.0
2019-11-01,VVAR3,7.64,166293834.0
2019-11-04,VVAR3,7.57,164619421.0
2019-11-05,VVAR3,7.38,206286331.0
2019-11-06,VVAR3,7.45,120789872.0
2019-11-07,VVAR3,7.42,118752973.0
2019-11-08,VVAR3,7.25,174628459.0
2019-11-11,VVAR3,7.31,144184495.0
2019-11-12,VVAR3,7.09,192854455.0
2019-11-13,VVAR3,7.02,441000608.0
2019-11-14,VVAR3,7.6,654653980.0
2019-11-18,VVAR3,7.56,248959557.0
2019-11-19,VVAR3,7.45,141417010.0
2019-11-21,VVAR3,7.55,159235931.0
2019-11-22,VVAR3,7.86,325069160.0
2019-11-25,VVAR3,7.93,193461203.0
2019-11-26,VVAR3,7.95,156380237.0
2019-11-27,VVAR3,8.27,324593854.0
2019-11-28,VVAR3,8.59,408031579.0
2019-11-29,VVAR3,8.81,459947709.0
2019-12-02,VVAR3,9.17,476614141.0
2020-01-02,VVAR3,11.73,468686830.0
2020-01-03,VVAR3,11.48,695592026.0
2020-01-06,VVAR3,11.48,402978908.0
2020-01-07,VVAR3,11.65,324436650.0
2020-01-08,VVAR3,11.6,368810448.0
2020-01-09,VVAR3,11.66,328916278.0
2020-01-10,VVAR3,11.7,294593610.0
2020-01-13,VVAR3,12.7,782992324.0
2020-01-14,VVAR3,13.35,825276523.0
2020-01-15,VVAR3,13.55,619856910.0
2020-01-16,VVAR3,13.59,942710145.0
2020-01-17,VVAR3,13.73,526586356.0
2020-01-20,VVAR3,14.01,727715460.0
2020-01-21,VVAR3,14.32,506945576.0
2020-01-22,VVAR3,15.0,746128362.0
2020-01-23,VVAR3,15.16,766553568.0
2020-01-24,VVAR3,15.0,750059941.0
2020-01-27,VVAR3,13.9,774424512.0
2020-01-28,VVAR3,14.64,735748226.0
2020-01-29,VVAR3,14.45,623297304.0
2020-01-30,VVAR3,14.65,753660333.0
2020-01-31,VVAR3,14.0,712329804.0
2020-02-03,VVAR3,14.49,423491288.0
2020-02-04,VVAR3,14.95,540397760.0
2020-02-05,VVAR3,15.14,428718077.0
2020-02-06,VVAR3,14.85,465056067.0
2020-02-07,VVAR3,14.32,444939627.0
2020-02-10,VVAR3,13.79,652277544.0
2020-02-11,VVAR3,14.62,462260099.0
2020-02-12,VVAR3,14.99,658404525.0
2020-02-13,VVAR3,15.01,534123698.0
2020-02-14,VVAR3,14.73,487138874.0
2020-02-17,VVAR3,15.1,431807732.0
2020-02-18,VVAR3,14.97,323891778.0
2020-02-19,VVAR3,15.9,855412068.0
2020-02-20,VVAR3,15.95,741261231.0
2020-02-21,VVAR3,16.64,860972346.0
2020-02-26,VVAR3,15.0,790950250.0
2020-02-27,VVAR3,14.08,1117733243.0
2020-02-28,VVAR3,13.81,1156119834.0
2020-03-02,VVAR3,14.34,917166914.0
2020-03-03,VVAR3,14.37,933479832.0
2020-03-04,VVAR3,14.98,559553646.0
2020-03-05,VVAR3,13.96,751186089.0
2020-03-06,VVAR3,11.56,1594596516.0
2020-03-09,VVAR3,9.58,850727761.0
2020-03-10,VVAR3,11.62,937782375.0
2020-03-11,VVAR3,11.0,939469327.0
2020-03-12,VVAR3,8.5,557036077.0
2020-03-13,VVAR3,9.71,974109852.0
2020-03-16,VVAR3,7.56,777541296.0
2020-03-17,VVAR3,7.04,851151893.0
2020-03-18,VVAR3,4.82,890933452.0
2020-03-19,VVAR3,5.11,550853690.0
2020-03-20,VVAR3,4.97,650244662.0
2020-03-23,VVAR3,4.41,435423282.0
2020-03-24,VVAR3,5.01,475402015.0
2020-03-25,VVAR3,5.71,707072477.0
2020-03-26,VVAR3,5.7,772933861.0
2020-03-27,VVAR3,5.7,548717720.0
2020-03-30,VVAR3,5.45,397854919.0
2020-03-31,VVAR3,5.28,349532031.0
2020-04-01,VVAR3,4.65,473198217.0
2020-04-02,VVAR3,4.38,339872085.0
2020-05-04,VVAR3,9.5,983582933.0
2020-05-05,VVAR3,9.7,1743705301.0
2020-05-06,VVAR3,10.01,1497026846.0
2020-05-07,VVAR3,9.74,1451576168.0
2020-05-08,VVAR3,8.85,2170009613.0
2020-05-11,VVAR3,8.88,1584704559.0
2020-05-12,VVAR3,8.55,1140748789.0
2020-05-13,VVAR3,9.14,1425591972.0
2020-05-14,VVAR3,9.02,1586271950.0
2020-05-15,VVAR3,8.68,935151745.0
2020-05-18,VVAR3,8.87,628889660.0
2020-05-19,VVAR3,9.29,1252205724.0
2020-05-20,VVAR3,9.16,741749545.0
2020-05-21,VVAR3,9.49,713116128.0
2020-05-22,VVAR3,9.7,973560353.0
2020-05-25,VVAR3,11.21,1733061123.0
2020-05-26,VVAR3,11.57,1792383930.0
2020-05-27,VVAR3,12.18,1370521974.0
2020-05-28,VVAR3,12.58,1615604555.0
2020-05-29,VVAR3,12.4,1252818357.0
2020-06-01,VVAR3,13.43,1563197293.0
2020-06-02,VVAR3,13.28,1756078578.0
2020-06-03,VVAR3,13.48,1824400135.0
2020-06-04,VVAR3,13.95,1713932272.0
2020-06-05,VVAR3,14.85,1823389679.0
2020-06-08,VVAR3,15.5,1277232927.0
2020-06-09,VVAR3,14.97,1103698775.0
2020-06-10,VVAR3,14.95,1413319531.0
2020-06-12,VVAR3,14.64,1305212743.0
2020-06-15,VVAR3,15.62,1752253374.0
2020-06-16,VVAR3,15.15,2204711533.0
2020-06-17,VVAR3,15.14,2245194874.0
2020-06-18,VVAR3,15.13,1268980314.0
2020-06-19,VVAR3,15.18,1440348477.0
2020-06-22,VVAR3,14.9,798931827.0
2020-06-23,VVAR3,15.03,716381859.0
2020-06-24,VVAR3,14.58,1087697911.0
2020-06-25,VVAR3,14.55,841586649.0
2020-06-26,VVAR3,14.29,894470793.0
2020-06-29,VVAR3,15.38,1707663916.0
2020-06-30,VVAR3,15.31,1258546314.0
2020-07-01,VVAR3,15.99,1275283852.0
2020-07-02,VVAR3,15.39,2045738692.0
2020-07-03,VVAR3,15.55,813812907.0
2020-07-06,VVAR3,15.96,710511557.0
2020-07-07,VVAR3,15.86,745473159.0
2020-07-08,VVAR3,16.37,1151874418.0
2020-07-09,VVAR3,17.55,1915295228.0
2020-07-10,VVAR3,17.62,1264872989.0
2020-07-13,VVAR3,17.65,2277319762.0
2020-07-14,VVAR3,17.75,1931088270.0
2020-07-15,VVAR3,18.45,1236573598.0
2020-07-16,VVAR3,19.0,1177326093.0
2020-07-17,VVAR3,19.72,1780917484.0
2020-07-20,VVAR3,21.17,2407141915.0
2020-07-21,VVAR3,20.62,3646488276.0
2020-07-22,VVAR3,21.29,1974860127.0
2020-07-23,VVAR3,19.8,2671143448.0
2020-07-24,VVAR3,19.54,2786253408.0
2020-07-27,VVAR3,18.91,1850526389.0
2020-07-28,VVAR3,20.41,2301105673.0
2020-07-29,VVAR3,20.12,1466913578.0
2020-07-30,VVAR3,20.2,1251051850.0
2020-07-31,VVAR3,19.52,1596974278.0
2020-09-02,VVAR3,20.61,871639268.0
2020-09-03,VVAR3,19.19,2560013978.0
2020-09-04,VVAR3,18.9,3173096146.0
2020-09-08,VVAR3,18.15,1601494121.0
2020-09-09,VVAR3,18.51,1145294059.0
2020-09-10,VVAR3,18.02,1115079577.0
2020-09-11,VVAR3,17.96,1123505142.0
2020-09-14,VVAR3,18.37,919799324.0
2020-09-15,VVAR3,18.55,917966969.0
2020-09-16,VVAR3,18.16,625272549.0
2020-09-17,VVAR3,18.08,746728023.0
2020-09-18,VVAR3,17.43,1202228500.0
2020-09-21,VVAR3,17.45,1305995768.0
2020-09-22,VVAR3,17.58,764149870.0
2020-09-23,VVAR3,16.93,707308776.0
2020-09-24,VVAR3,17.04,759820255.0
2020-09-25,VVAR3,17.72,951509125.0
2020-09-28,VVAR3,17.29,965388799.0
2020-09-29,VVAR3,16.97,760667437.0
2020-09-30,VVAR3,17.35,882091507.0
2020-10-01,VVAR3,17.87,848728801.0
2020-10-02,VVAR3,17.31,640865345.0
2020-10-05,VVAR3,17.87,734574908.0
2020-10-06,VVAR3,18.17,1314572906.0
2020-10-07,VVAR3,17.91,918439377.0
2020-10-08,VVAR3,18.39,926271173.0
2020-10-09,VVAR3,18.91,1090626916.0
2020-10-13,VVAR3,19.44,1009221859.0
2020-10-14,VVAR3,19.27,811072778.0
2020-10-15,VVAR3,19.46,842497137.0
2020-10-16,VVAR3,19.37,751249096.0
2020-10-19,VVAR3,19.23,898975579.0
2020-10-20,VVAR3,19.92,921465181.0
2020-10-21,VVAR3,20.13,898405215.0
2020-10-22,VVAR3,20.17,705866342.0
2020-10-23,VVAR3,20.29,640965045.0
2020-10-26,VVAR3,19.61,957784274.0
2020-10-27,VVAR3,18.88,1153711421.0
2020-10-28,VVAR3,17.49,1651776258.0
2020-10-29,VVAR3,18.25,1747741860.0
2020-10-30,VVAR3,17.16,1371330629.0
2020-11-03,VVAR3,17.12,963239959.0
2020-11-04,VVAR3,18.06,1159344106.0
2020-11-05,VVAR3,19.12,1117781291.0
2020-11-06,VVAR3,19.22,929145759.0
2020-11-09,VVAR3,18.54,1502422295.0
2020-11-10,VVAR3,17.84,1515709019.0
2020-11-11,VVAR3,18.84,1249488673.0
2020-11-12,VVAR3,17.76,2082963573.0
2020-11-13,VVAR3,17.85,1061127585.0
2020-11-16,VVAR3,17.82,954075993.0
2020-11-17,VVAR3,17.87,792956044.0
2020-11-18,VVAR3,17.62,684768104.0
2020-11-19,VVAR3,17.94,801252281.0
2020-11-20,VVAR3,17.89,508029027.0
2020-11-23,VVAR3,17.8,507865899.0
2020-11-24,VVAR3,18.44,991112540.0
2020-11-25,VVAR3,18.7,585640448.0
2020-11-26,VVAR3,19.21,631857586.0
2020-11-27,VVAR3,18.49,1266407708.0
2020-11-30,VVAR3,17.75,1476227282.0
2020-12-01,VVAR3,17.15,1177338893.0
2020-12-02,VVAR3,17.12,766569405.0
2019-01-04,WEGE3,18.6,76942806.0
2019-01-07,WEGE3,18.31,54028192.0
2019-01-08,WEGE3,18.16,57342247.0
2019-01-09,WEGE3,18.36,66919311.0
2019-01-10,WEGE3,18.5,68220904.0
2019-01-11,WEGE3,18.69,176392774.0
2019-01-14,WEGE3,18.9,68918887.0
2019-01-15,WEGE3,18.53,56627429.0
2019-01-16,WEGE3,18.92,41695309.0
2019-01-17,WEGE3,18.8,44048920.0
2019-01-18,WEGE3,18.7,43988839.0
2019-01-21,WEGE3,18.82,23613834.0
2019-01-22,WEGE3,18.56,45498838.0
2019-01-23,WEGE3,18.77,49909323.0
2019-01-24,WEGE3,18.82,43285074.0
2019-01-28,WEGE3,19.12,80565219.0
2019-01-29,WEGE3,19.21,68704682.0
2019-01-30,WEGE3,19.42,68233766.0
2019-01-31,WEGE3,18.84,71580057.0
2019-02-01,WEGE3,19.63,82862298.0
2019-02-04,WEGE3,19.7,65702604.0
2019-02-05,WEGE3,20.05,58903756.0
2019-02-06,WEGE3,19.34,63783351.0
2019-02-07,WEGE3,19.17,54850129.0
2019-02-08,WEGE3,19.0,100039854.0
2019-02-11,WEGE3,18.89,61944076.0
2019-02-12,WEGE3,18.87,63163158.0
2019-02-13,WEGE3,18.66,79085128.0
2019-02-14,WEGE3,18.84,46269693.0
2019-02-15,WEGE3,18.9,43763656.0
2019-02-18,WEGE3,19.08,35925097.0
2019-02-19,WEGE3,19.39,46174715.0
2019-02-20,WEGE3,18.79,68491106.0
2019-02-21,WEGE3,18.88,40181759.0
2019-02-22,WEGE3,19.05,43930977.0
2019-02-25,WEGE3,18.46,55470474.0
2019-02-26,WEGE3,18.33,63478341.0
2019-02-27,WEGE3,18.58,41319498.0
2019-02-28,WEGE3,18.42,71605003.0
2019-03-01,WEGE3,18.34,43013359.0
2019-03-06,WEGE3,18.58,43033262.0
2019-03-07,WEGE3,18.52,39618184.0
2019-03-08,WEGE3,18.8,36753587.0
2019-03-11,WEGE3,18.98,30493373.0
2019-03-12,WEGE3,19.01,50320098.0
2019-03-13,WEGE3,19.18,48048628.0
2019-03-14,WEGE3,19.09,35526605.0
2019-03-15,WEGE3,19.26,49154828.0
2019-03-18,WEGE3,19.09,62424834.0
2019-03-19,WEGE3,19.09,33558648.0
2019-03-20,WEGE3,18.76,55777187.0
2019-03-21,WEGE3,18.56,59365891.0
2019-03-22,WEGE3,18.22,67049568.0
2019-03-25,WEGE3,18.06,33777125.0
2019-03-26,WEGE3,18.02,37257477.0
2019-03-27,WEGE3,17.45,62700163.0
2019-03-28,WEGE3,18.05,48390941.0
2019-03-29,WEGE3,18.0,39573069.0
2019-04-01,WEGE3,18.07,24529132.0
2019-04-02,WEGE3,18.25,46183593.0
2019-05-03,WEGE3,18.65,40960288.0
2019-05-06,WEGE3,18.36,38446810.0
2019-05-07,WEGE3,18.14,38635002.0
2019-05-08,WEGE3,18.61,50402691.0
2019-05-09,WEGE3,18.55,34943316.0
2019-05-10,WEGE3,18.43,34123694.0
2019-05-13,WEGE3,18.0,54406511.0
2019-05-14,WEGE3,18.01,39177580.0
2019-05-15,WEGE3,18.0,48455843.0
2019-05-16,WEGE3,18.0,79772042.0
2019-05-17,WEGE3,18.13,48474096.0
2019-05-20,WEGE3,18.48,52006233.0
2019-05-21,WEGE3,18.8,63333471.0
2019-05-22,WEGE3,18.77,31082575.0
2019-05-23,WEGE3,18.5,38710778.0
2019-05-24,WEGE3,18.19,36825704.0
2019-05-27,WEGE3,18.29,28363477.0
2019-05-28,WEGE3,18.85,161798716.0
2019-05-29,WEGE3,19.09,52404272.0
2019-05-30,WEGE3,19.06,53790882.0
2019-05-31,WEGE3,19.05,90653620.0
2019-06-03,WEGE3,19.14,53895099.0
2019-06-04,WEGE3,19.02,46332614.0
2019-06-05,WEGE3,18.89,51546604.0
2019-06-06,WEGE3,18.89,39220451.0
2019-06-07,WEGE3,19.2,52307911.0
2019-06-10,WEGE3,19.23,47785117.0
2019-06-11,WEGE3,19.37,88911821.0
2019-06-12,WEGE3,19.69,111340498.0
2019-06-13,WEGE3,20.0,76553665.0
2019-06-14,WEGE3,19.93,73045613.0
2019-06-17,WEGE3,20.3,62191826.0
2019-06-18,WEGE3,20.64,77421506.0
2019-06-19,WEGE3,21.17,63661377.0
2019-06-21,WEGE3,21.43,100667460.0
2019-06-24,WEGE3,21.58,53115015.0
2019-06-25,WEGE3,21.17,85606283.0
2019-06-26,WEGE3,21.15,50672529.0
2019-06-27,WEGE3,21.36,51513910.0
2019-06-28,WEGE3,21.36,51429623.0
2019-07-01,WEGE3,21.58,73749710.0
2019-07-02,WEGE3,21.56,49147052.0
2019-07-03,WEGE3,21.7,48830678.0
2019-07-04,WEGE3,22.2,57636764.0
2019-07-05,WEGE3,22.4,96492818.0
2019-07-08,WEGE3,22.53,35661176.0
2019-07-10,WEGE3,23.69,119013327.0
2019-07-11,WEGE3,23.6,69976650.0
2019-07-12,WEGE3,23.09,58932958.0
2019-07-15,WEGE3,22.4,85650152.0
2019-07-16,WEGE3,22.51,146465671.0
2019-07-17,WEGE3,22.53,69765801.0
2019-07-18,WEGE3,22.75,45481109.0
2019-07-19,WEGE3,22.79,64232550.0
2019-07-22,WEGE3,22.6,24284782.0
2019-07-23,WEGE3,22.58,36043967.0
2019-07-24,WEGE3,23.0,120230133.0
2019-07-25,WEGE3,22.79,79834300.0
2019-07-26,WEGE3,23.36,87897298.0
2019-07-29,WEGE3,23.58,48453115.0
2019-07-30,WEGE3,24.0,71351946.0
2019-07-31,WEGE3,23.82,112658955.0
2019-08-01,WEGE3,23.43,103564618.0
2019-08-02,WEGE3,23.74,60488811.0
2019-09-02,WEGE3,22.78,53996103.0
2019-09-03,WEGE3,22.19,86688784.0
2019-09-04,WEGE3,22.63,65564555.0
2019-09-05,WEGE3,22.78,48145464.0
2019-09-06,WEGE3,22.84,41591354.0
2019-09-09,WEGE3,22.58,39086224.0
2019-09-10,WEGE3,22.93,68262376.0
2019-09-11,WEGE3,23.08,82865263.0
2019-09-12,WEGE3,23.05,68305671.0
2019-09-13,WEGE3,23.72,78393522.0
2019-09-16,WEGE3,23.24,67888035.0
2019-09-17,WEGE3,23.8,44222027.0
2019-09-18,WEGE3,24.0,55713426.0
2019-09-19,WEGE3,23.69,59431545.0
2019-09-20,WEGE3,24.4,120973030.0
2019-09-23,WEGE3,24.2,46178877.0
2019-09-24,WEGE3,23.88,54753924.0
2019-09-25,WEGE3,24.24,58620087.0
2019-09-26,WEGE3,24.24,49307410.0
2019-09-27,WEGE3,24.13,27378835.0
2019-09-30,WEGE3,24.23,48338030.0
2019-10-01,WEGE3,24.23,46506204.0
2019-10-02,WEGE3,23.83,55278750.0
2019-10-03,WEGE3,23.68,48487711.0
2019-10-04,WEGE3,23.61,49652956.0
2019-10-07,WEGE3,22.85,73082297.0
2019-10-08,WEGE3,22.81,60940859.0
2019-10-09,WEGE3,22.87,42533772.0
2019-10-10,WEGE3,22.97,45142402.0
2019-10-11,WEGE3,23.67,83431296.0
2019-10-14,WEGE3,23.75,52809506.0
2019-10-15,WEGE3,23.78,49938577.0
2019-10-16,WEGE3,24.37,73250834.0
2019-10-17,WEGE3,24.24,63785855.0
2019-10-18,WEGE3,24.36,45460006.0
2019-10-21,WEGE3,24.44,70303602.0
2019-10-22,WEGE3,24.74,87058998.0
2019-10-23,WEGE3,25.84,211893671.0
2019-10-24,WEGE3,26.1,118054591.0
2019-10-25,WEGE3,25.41,110901704.0
2019-10-28,WEGE3,25.58,84358176.0
2019-10-29,WEGE3,25.52,79319434.0
2019-10-30,WEGE3,25.85,74834370.0
2019-10-31,WEGE3,25.5,75585977.0
2019-11-01,WEGE3,25.88,88979268.0
2019-11-04,WEGE3,26.13,63816648.0
2019-11-05,WEGE3,26.74,86668651.0
2019-11-06,WEGE3,27.17,95004636.0
2019-11-07,WEGE3,28.09,94630848.0
2019-11-08,WEGE3,28.24,171611677.0
2019-11-11,WEGE3,29.09,107814680.0
2019-11-12,WEGE3,28.5,150910370.0
2019-11-13,WEGE3,29.21,174428335.0
2019-11-14,WEGE3,29.26,180449282.0
2019-11-18,WEGE3,29.3,150476492.0
2019-11-19,WEGE3,29.2,90863685.0
2019-11-21,WEGE3,28.88,132791670.0
2019-11-22,WEGE3,29.06,90386249.0
2019-11-25,WEGE3,29.1,105067863.0
2019-11-26,WEGE3,28.63,187083655.0
2019-11-27,WEGE3,29.05,145661451.0
2019-11-28,WEGE3,29.43,58478118.0
2019-11-29,WEGE3,30.42,132002817.0
2019-12-02,WEGE3,30.16,119840367.0
2020-01-02,WEGE3,35.24,103203923.0
2020-01-03,WEGE3,34.79,128230058.0
2020-01-06,WEGE3,34.88,110754097.0
2020-01-07,WEGE3,35.15,110355464.0
2020-01-08,WEGE3,33.82,139781907.0
2020-01-09,WEGE3,33.32,164918302.0
2020-01-10,WEGE3,34.0,107015651.0
2020-01-13,WEGE3,34.32,140359167.0
2020-01-14,WEGE3,35.0,174013221.0
2020-01-15,WEGE3,35.23,109962020.0
2020-01-16,WEGE3,35.87,168074162.0
2020-01-17,WEGE3,36.8,214568969.0
2020-01-20,WEGE3,37.93,83810596.0
2020-01-21,WEGE3,37.49,115646103.0
2020-01-22,WEGE3,38.9,98913997.0
2020-01-23,WEGE3,39.65,169506315.0
2020-01-24,WEGE3,41.43,206252096.0
2020-01-27,WEGE3,40.97,227839280.0
2020-01-28,WEGE3,42.01,181628909.0
2020-01-29,WEGE3,42.39,347592251.0
2020-01-30,WEGE3,40.97,346782960.0
2020-01-31,WEGE3,39.41,389906738.0
2020-02-03,WEGE3,40.67,256480647.0
2020-02-04,WEGE3,40.52,227637158.0
2020-02-05,WEGE3,41.37,216886918.0
2020-02-06,WEGE3,42.84,278676396.0
2020-02-07,WEGE3,41.1,165130196.0
2020-02-10,WEGE3,41.53,193090130.0
2020-02-11,WEGE3,43.05,139701247.0
2020-02-12,WEGE3,44.56,282002614.0
2020-02-13,WEGE3,45.57,257597698.0
2020-02-14,WEGE3,45.57,381241032.0
2020-02-17,WEGE3,45.78,180801019.0
2020-02-18,WEGE3,44.7,348141225.0
2020-02-19,WEGE3,48.82,1034930193.0
2020-02-20,WEGE3,47.49,350260740.0
2020-02-21,WEGE3,49.8,419123649.0
2020-02-26,WEGE3,46.83,503663867.0
2020-02-27,WEGE3,43.97,531940445.0
2020-02-28,WEGE3,43.15,546612715.0
2020-03-02,WEGE3,46.99,454461422.0
2020-03-03,WEGE3,47.92,469104727.0
2020-03-04,WEGE3,48.46,298911792.0
2020-03-05,WEGE3,46.7,308282784.0
2020-03-06,WEGE3,44.02,414968913.0
2020-03-09,WEGE3,39.75,326330273.0
2020-03-10,WEGE3,41.91,354172742.0
2020-03-11,WEGE3,39.2,284974978.0
2020-03-12,WEGE3,33.0,259720681.0
2020-03-13,WEGE3,34.53,408547595.0
2020-03-16,WEGE3,27.41,272449360.0
2020-03-17,WEGE3,28.68,363420664.0
2020-03-18,WEGE3,26.47,314396917.0
2020-03-19,WEGE3,28.73,394486922.0
2020-03-20,WEGE3,32.37,493342332.0
2020-03-23,WEGE3,35.2,646628553.0
2020-03-24,WEGE3,36.06,543078645.0
2020-03-25,WEGE3,37.36,344693420.0
2020-03-26,WEGE3,37.95,227054075.0
2020-03-27,WEGE3,35.36,250044875.0
2020-03-30,WEGE3,34.02,261434119.0
2020-03-31,WEGE3,33.57,241192784.0
2020-04-01,WEGE3,32.43,209328249.0
2020-04-02,WEGE3,34.1,203349780.0
2020-05-04,WEGE3,39.84,192470780.0
2020-05-05,WEGE3,39.01,162738021.0
2020-05-06,WEGE3,38.83,256158808.0
2020-05-07,WEGE3,39.09,381065023.0
2020-05-08,WEGE3,38.24,196016336.0
2020-05-11,WEGE3,38.83,190205189.0
2020-05-12,WEGE3,37.5,159772971.0
2020-05-13,WEGE3,38.0,202479969.0
2020-05-14,WEGE3,37.35,232007494.0
2020-05-15,WEGE3,36.41,213368947.0
2020-05-18,WEGE3,36.62,153977855.0
2020-05-19,WEGE3,36.92,226078149.0
2020-05-20,WEGE3,37.64,197401496.0
2020-05-21,WEGE3,37.44,187449196.0
2020-05-22,WEGE3,37.24,181338713.0
2020-05-25,WEGE3,38.04,140913923.0
2020-05-26,WEGE3,40.42,288850979.0
2020-05-27,WEGE3,40.58,196372646.0
2020-05-28,WEGE3,40.68,189445807.0
2020-05-29,WEGE3,41.83,363459579.0
2020-06-01,WEGE3,42.16,234635879.0
2020-06-02,WEGE3,42.42,141238604.0
2020-06-03,WEGE3,42.6,197227598.0
2020-06-04,WEGE3,43.8,251073579.0
2020-06-05,WEGE3,44.33,272539481.0
2020-06-08,WEGE3,45.8,235024314.0
2020-06-09,WEGE3,45.81,190080400.0
2020-06-10,WEGE3,44.99,220495793.0
2020-06-12,WEGE3,44.25,250126226.0
2020-06-15,WEGE3,44.27,176398291.0
2020-06-16,WEGE3,44.76,203853239.0
2020-06-17,WEGE3,46.16,219647682.0
2020-06-18,WEGE3,46.13,121245094.0
2020-06-19,WEGE3,46.21,385349372.0
2020-06-22,WEGE3,45.6,136283359.0
2020-06-23,WEGE3,46.12,149548777.0
2020-06-24,WEGE3,46.05,166790522.0
2020-06-25,WEGE3,49.22,375133232.0
2020-06-26,WEGE3,50.0,413854620.0
2020-06-29,WEGE3,49.92,169696821.0
2020-06-30,WEGE3,50.61,280752896.0
2020-07-01,WEGE3,52.59,232665155.0
2020-07-02,WEGE3,53.57,259521585.0
2020-07-03,WEGE3,54.0,176807067.0
2020-07-06,WEGE3,53.2,298768053.0
2020-07-07,WEGE3,53.91,257186205.0
2020-07-08,WEGE3,54.3,207017376.0
2020-07-09,WEGE3,54.46,204133764.0
2020-07-10,WEGE3,54.7,200135842.0
2020-07-13,WEGE3,54.94,281029637.0
2020-07-14,WEGE3,53.99,281605593.0
2020-07-15,WEGE3,54.35,251025722.0
2020-07-16,WEGE3,54.55,279140507.0
2020-07-17,WEGE3,58.09,368314795.0
2020-07-20,WEGE3,60.16,309213756.0
2020-07-21,WEGE3,59.88,302124110.0
2020-07-22,WEGE3,68.2,1179484633.0
2020-07-23,WEGE3,66.98,674684555.0
2020-07-24,WEGE3,66.71,438830379.0
2020-07-27,WEGE3,69.95,505072819.0
2020-07-28,WEGE3,67.19,446562052.0
2020-07-29,WEGE3,66.98,424444780.0
2020-07-30,WEGE3,68.0,289051777.0
2020-07-31,WEGE3,67.35,289474346.0
2020-09-02,WEGE3,66.81,354697556.0
2020-09-03,WEGE3,64.43,444853414.0
2020-09-04,WEGE3,64.49,469679586.0
2020-09-08,WEGE3,63.0,312090679.0
2020-09-09,WEGE3,64.93,296783189.0
2020-09-10,WEGE3,62.42,269474191.0
2020-09-11,WEGE3,62.09,455634908.0
2020-09-14,WEGE3,63.33,211147968.0
2020-09-15,WEGE3,64.08,248269449.0
2020-09-16,WEGE3,62.94,280980523.0
2020-09-17,WEGE3,62.82,179442189.0
2020-09-18,WEGE3,61.99,373280090.0
2020-09-21,WEGE3,63.4,316106299.0
2020-09-22,WEGE3,64.62,323739345.0
2020-09-23,WEGE3,62.5,312898680.0
2020-09-24,WEGE3,64.49,325077185.0
2020-09-25,WEGE3,64.25,197145450.0
2020-09-28,WEGE3,62.89,481593218.0
2020-09-29,WEGE3,64.94,440154864.0
2020-09-30,WEGE3,65.7,415394333.0
2020-10-01,WEGE3,66.9,342238131.0
2020-10-02,WEGE3,67.05,386644150.0
2020-10-05,WEGE3,70.18,499236688.0
2020-10-06,WEGE3,71.48,556117856.0
2020-10-07,WEGE3,73.17,567024108.0
2020-10-08,WEGE3,75.18,540288004.0
2020-10-09,WEGE3,76.9,441794558.0
2020-10-13,WEGE3,79.15,477289760.0
2020-10-14,WEGE3,80.58,531141846.0
2020-10-15,WEGE3,80.77,492749491.0
2020-10-16,WEGE3,82.05,529642917.0
2020-10-19,WEGE3,82.06,479134033.0
2020-10-20,WEGE3,83.55,534061049.0
2020-10-21,WEGE3,78.4,1702649874.0
2020-10-22,WEGE3,82.11,1066100025.0
2020-10-23,WEGE3,81.67,662173146.0
2020-10-26,WEGE3,82.75,522985613.0
2020-10-27,WEGE3,83.24,563931297.0
2020-10-28,WEGE3,79.14,655961366.0
2020-10-29,WEGE3,80.03,714433059.0
2020-10-30,WEGE3,75.83,743089498.0
2020-11-03,WEGE3,77.32,700170269.0
2020-11-04,WEGE3,82.2,603991939.0
2020-11-05,WEGE3,85.75,740971520.0
2020-11-06,WEGE3,84.0,493629084.0
2020-11-09,WEGE3,82.13,632685620.0
2020-11-10,WEGE3,79.03,670453314.0
2020-11-11,WEGE3,80.59,363280922.0
2020-11-12,WEGE3,80.8,410086222.0
2020-11-13,WEGE3,82.87,372464015.0
2020-11-16,WEGE3,81.58,306744629.0
2020-11-17,WEGE3,81.69,255874381.0
2020-11-18,WEGE3,81.09,276835659.0
2020-11-19,WEGE3,80.93,185434895.0
2020-11-20,WEGE3,80.0,300027503.0
2020-11-23,WEGE3,78.51,274327181.0
2020-11-24,WEGE3,76.94,407462312.0
2020-11-25,WEGE3,77.32,273429799.0
2020-11-26,WEGE3,77.7,144267679.0
2020-11-27,WEGE3,77.0,255196666.0
2020-11-30,WEGE3,73.57,783721218.0
2020-12-01,WEGE3,73.6,475606414.0
2020-12-02,WEGE3,73.23,452553176.0
2019-09-02,YDUQ3,31.99,42192755.0
2019-09-03,YDUQ3,32.97,98861625.0
2019-09-04,YDUQ3,33.08,49375256.0
2019-09-05,YDUQ3,32.44,87707303.0
2019-09-06,YDUQ3,32.24,49150597.0
2019-09-09,YDUQ3,31.67,66553894.0
2019-09-10,YDUQ3,32.75,44263012.0
2019-09-11,YDUQ3,33.0,53743640.0
2019-09-12,YDUQ3,34.21,82885606.0
2019-09-13,YDUQ3,33.52,49898465.0
2019-09-16,YDUQ3,33.65,55466646.0
2019-09-17,YDUQ3,33.86,34174865.0
2019-09-18,YDUQ3,34.17,31248785.0
2019-09-19,YDUQ3,35.08,53010307.0
2019-09-20,YDUQ3,34.87,87442585.0
2019-09-23,YDUQ3,35.2,26091690.0
2019-09-24,YDUQ3,35.35,55925134.0
2019-09-25,YDUQ3,35.05,79251894.0
2019-09-26,YDUQ3,35.5,37328796.0
2019-09-27,YDUQ3,35.57,47020264.0
2019-09-30,YDUQ3,36.08,45361740.0
2019-10-01,YDUQ3,35.25,79569577.0
2019-10-02,YDUQ3,33.95,47413846.0
2019-10-03,YDUQ3,34.44,58963470.0
2019-10-04,YDUQ3,35.05,74743061.0
2019-10-07,YDUQ3,33.96,57349963.0
2019-10-08,YDUQ3,33.35,40588129.0
2019-10-09,YDUQ3,34.1,61762922.0
2019-10-10,YDUQ3,36.28,272197635.0
2019-10-11,YDUQ3,36.79,84509455.0
2019-10-14,YDUQ3,37.2,71991560.0
2019-10-15,YDUQ3,38.0,154599904.0
2019-10-16,YDUQ3,38.6,77176463.0
2019-10-17,YDUQ3,38.3,63997568.0
2019-10-18,YDUQ3,38.33,117584906.0
2019-10-21,YDUQ3,40.0,120197674.0
2019-10-22,YDUQ3,42.04,217513634.0
2019-10-23,YDUQ3,40.45,121430780.0
2019-10-24,YDUQ3,40.06,166439667.0
2019-10-25,YDUQ3,39.9,35005008.0
2019-10-28,YDUQ3,39.6,29343782.0
2019-10-29,YDUQ3,39.4,43080476.0
2019-10-30,YDUQ3,39.1,151823127.0
2019-10-31,YDUQ3,39.25,77581612.0
2019-11-01,YDUQ3,40.5,92972043.0
2019-11-04,YDUQ3,39.12,52947157.0
2019-11-05,YDUQ3,38.34,74511312.0
2019-11-06,YDUQ3,39.47,87745918.0
2019-11-07,YDUQ3,38.86,73454552.0
2019-11-08,YDUQ3,37.66,84050170.0
2019-11-11,YDUQ3,38.16,49315011.0
2019-11-12,YDUQ3,36.78,164064514.0
2019-11-13,YDUQ3,37.63,120572360.0
2019-11-14,YDUQ3,39.4,120016846.0
2019-11-18,YDUQ3,37.9,153562542.0
2019-11-19,YDUQ3,37.3,58357606.0
2019-11-21,YDUQ3,37.15,84625471.0
2019-11-22,YDUQ3,37.84,119017955.0
2019-11-25,YDUQ3,37.66,58795890.0
2019-11-26,YDUQ3,38.83,95362797.0
2019-11-27,YDUQ3,40.65,161231580.0
2019-11-28,YDUQ3,42.6,110162982.0
2019-11-29,YDUQ3,42.41,88593587.0
2019-12-02,YDUQ3,41.5,112484753.0
2020-01-02,YDUQ3,46.75,155139078.0
2020-01-03,YDUQ3,45.77,292926728.0
2020-01-06,YDUQ3,46.65,215256872.0
2020-01-07,YDUQ3,45.78,104641328.0
2020-01-08,YDUQ3,45.51,117459784.0
2020-01-09,YDUQ3,45.91,136929536.0
2020-01-10,YDUQ3,46.11,193657914.0
2020-01-13,YDUQ3,47.7,148142944.0
2020-01-14,YDUQ3,48.7,124818856.0
2020-01-15,YDUQ3,48.27,105739772.0
2020-01-16,YDUQ3,48.5,151536745.0
2020-01-17,YDUQ3,50.0,131807224.0
2020-01-20,YDUQ3,52.0,130206535.0
2020-01-21,YDUQ3,51.47,137982939.0
2020-01-22,YDUQ3,51.0,136122382.0
2020-01-23,YDUQ3,51.99,100721831.0
2020-01-24,YDUQ3,52.03,92117538.0
2020-01-27,YDUQ3,50.84,110874431.0
2020-01-28,YDUQ3,52.23,97801343.0
2020-01-29,YDUQ3,51.84,141450877.0
2020-01-30,YDUQ3,52.29,179145253.0
2020-01-31,YDUQ3,52.71,176735483.0
2020-02-03,YDUQ3,54.87,225105891.0
2020-02-04,YDUQ3,56.6,212988636.0
2020-02-05,YDUQ3,55.5,169322618.0
2020-02-06,YDUQ3,53.66,154271648.0
2020-02-07,YDUQ3,52.8,143623287.0
2020-02-10,YDUQ3,52.15,157462457.0
2020-02-11,YDUQ3,53.0,152473810.0
2020-02-12,YDUQ3,54.13,155715295.0
2020-02-13,YDUQ3,53.37,141160351.0
2020-02-14,YDUQ3,53.5,114117405.0
2020-02-17,YDUQ3,53.85,71335905.0
2020-02-18,YDUQ3,54.21,94835826.0
2020-02-19,YDUQ3,55.41,137929426.0
2020-02-20,YDUQ3,55.0,118081504.0
2020-02-21,YDUQ3,56.0,140282814.0
2020-02-26,YDUQ3,53.45,281050734.0
2020-02-27,YDUQ3,51.3,239303927.0
2020-02-28,YDUQ3,51.89,306713164.0
2020-03-02,YDUQ3,50.12,237724184.0
2020-03-03,YDUQ3,51.08,202089607.0
2020-03-04,YDUQ3,50.02,178963165.0
2020-03-05,YDUQ3,46.6,219316045.0
2020-03-06,YDUQ3,44.6,198175260.0
2020-03-09,YDUQ3,40.08,271583757.0
2020-03-10,YDUQ3,45.01,221059855.0
2020-03-11,YDUQ3,42.35,165926521.0
2020-03-12,YDUQ3,36.6,154515099.0
2020-03-13,YDUQ3,34.4,358031539.0
2020-03-16,YDUQ3,25.74,271249622.0
2020-03-17,YDUQ3,26.62,172489698.0
2020-03-18,YDUQ3,23.53,141569642.0
2020-03-19,YDUQ3,24.28,152657175.0
2020-03-20,YDUQ3,22.4,169091139.0
2020-03-23,YDUQ3,21.0,147106206.0
2020-03-24,YDUQ3,21.77,147552069.0
2020-03-25,YDUQ3,26.79,142836262.0
2020-03-26,YDUQ3,32.34,236915128.0
2020-03-27,YDUQ3,28.0,147537906.0
2020-03-30,YDUQ3,26.77,111539747.0
2020-03-31,YDUQ3,22.17,170169994.0
2020-04-01,YDUQ3,21.7,116518257.0
2020-04-02,YDUQ3,20.62,114267843.0
2020-05-04,YDUQ3,28.53,118412621.0
2020-05-05,YDUQ3,28.84,87771406.0
2020-05-06,YDUQ3,28.04,99515189.0
2020-05-07,YDUQ3,26.78,162507820.0
2020-05-08,YDUQ3,27.04,99203596.0
2020-05-11,YDUQ3,25.81,86189730.0
2020-05-12,YDUQ3,24.65,137241732.0
2020-05-13,YDUQ3,23.78,129246621.0
2020-05-14,YDUQ3,24.12,97029353.0
2020-05-15,YDUQ3,23.81,102763069.0
2020-05-18,YDUQ3,26.44,94099304.0
2020-05-19,YDUQ3,26.05,81362478.0
2020-05-20,YDUQ3,25.95,78449849.0
2020-05-21,YDUQ3,26.98,92730701.0
2020-05-22,YDUQ3,25.58,104671579.0
2020-05-25,YDUQ3,27.53,93714668.0
2020-05-26,YDUQ3,27.93,141607073.0
2020-05-27,YDUQ3,30.1,110708248.0
2020-05-28,YDUQ3,28.51,118409014.0
2020-05-29,YDUQ3,28.48,87916322.0
2020-06-01,YDUQ3,29.82,60101997.0
2020-06-02,YDUQ3,33.55,234583552.0
2020-06-03,YDUQ3,35.14,274515813.0
2020-06-04,YDUQ3,35.11,114555247.0
2020-06-05,YDUQ3,38.56,297076223.0
2020-06-08,YDUQ3,37.15,214799839.0
2020-06-09,YDUQ3,36.64,122331703.0
2020-06-10,YDUQ3,34.9,112349842.0
2020-06-12,YDUQ3,33.43,185307139.0
2020-06-15,YDUQ3,32.86,140419314.0
2020-06-16,YDUQ3,32.01,166741080.0
2020-06-17,YDUQ3,34.29,127997328.0
2020-06-18,YDUQ3,34.1,110819620.0
2020-06-19,YDUQ3,35.24,163601240.0
2020-06-22,YDUQ3,35.2,131241374.0
2020-06-23,YDUQ3,37.05,154186328.0
2020-06-24,YDUQ3,35.13,109080242.0
2020-06-25,YDUQ3,34.75,97245041.0
2020-06-26,YDUQ3,33.09,80276078.0
2020-06-29,YDUQ3,34.23,101859959.0
2020-06-30,YDUQ3,33.65,88390681.0
2020-07-01,YDUQ3,34.41,131847221.0
2020-07-02,YDUQ3,34.2,133563177.0
2020-07-03,YDUQ3,34.48,45947745.0
2020-07-06,YDUQ3,34.96,189308023.0
2020-07-07,YDUQ3,34.4,155659592.0
2020-07-08,YDUQ3,34.55,93380912.0
2020-07-09,YDUQ3,34.58,63970360.0
2020-07-10,YDUQ3,35.55,137829425.0
2020-07-13,YDUQ3,33.98,126584802.0
2020-07-14,YDUQ3,34.5,106711583.0
2020-07-15,YDUQ3,34.0,172222517.0
2020-07-16,YDUQ3,34.0,70969393.0
2020-07-17,YDUQ3,34.3,82457727.0
2020-07-20,YDUQ3,35.29,135401518.0
2020-07-21,YDUQ3,35.0,99857172.0
2020-07-22,YDUQ3,34.59,96327268.0
2020-07-23,YDUQ3,34.05,92573100.0
2020-07-24,YDUQ3,33.45,92659304.0
2020-07-27,YDUQ3,33.4,55886038.0
2020-07-28,YDUQ3,33.38,50907984.0
2020-07-29,YDUQ3,33.48,80086078.0
2020-07-30,YDUQ3,35.09,144020881.0
2020-07-31,YDUQ3,33.89,113859592.0
2020-09-02,YDUQ3,27.72,57097795.0
2020-09-03,YDUQ3,27.56,188325729.0
2020-09-04,YDUQ3,27.78,104936545.0
2020-09-08,YDUQ3,28.75,103244969.0
2020-09-09,YDUQ3,27.99,183934680.0
2020-09-10,YDUQ3,27.31,132733485.0
2020-09-11,YDUQ3,27.89,93796804.0
2020-09-14,YDUQ3,30.11,244935544.0
2020-09-15,YDUQ3,29.7,128402675.0
2020-09-16,YDUQ3,30.4,90333061.0
2020-09-17,YDUQ3,29.82,87590018.0
2020-09-18,YDUQ3,29.35,108165710.0
2020-09-21,YDUQ3,29.05,120783069.0
2020-09-22,YDUQ3,28.79,34289527.0
2020-09-23,YDUQ3,28.35,115285467.0
2020-09-24,YDUQ3,29.01,71976326.0
2020-09-25,YDUQ3,28.61,51081802.0
2020-09-28,YDUQ3,27.08,143359046.0
2020-09-29,YDUQ3,27.27,86002748.0
2020-09-30,YDUQ3,27.41,83186680.0
2020-10-01,YDUQ3,28.0,55528474.0
2020-10-02,YDUQ3,27.11,45414480.0
2020-10-05,YDUQ3,27.72,127802997.0
2020-10-06,YDUQ3,27.43,49592237.0
2020-10-07,YDUQ3,27.25,52041112.0
2020-10-08,YDUQ3,27.84,59310216.0
2020-10-09,YDUQ3,27.37,62084561.0
2020-10-13,YDUQ3,26.65,68255406.0
2020-10-14,YDUQ3,26.54,89823106.0
2020-10-15,YDUQ3,26.69,120713889.0
2020-10-16,YDUQ3,25.81,100096201.0
2020-10-19,YDUQ3,26.7,122393254.0
2020-10-20,YDUQ3,26.65,83205574.0
2020-10-21,YDUQ3,26.37,64964751.0
2020-10-22,YDUQ3,26.46,119412846.0
2020-10-23,YDUQ3,26.05,55474653.0
2020-10-26,YDUQ3,25.47,92659123.0
2020-10-27,YDUQ3,24.94,115737030.0
2020-10-28,YDUQ3,23.35,107230733.0
2020-10-29,YDUQ3,23.62,93296236.0
2020-10-30,YDUQ3,22.92,132577454.0
2020-11-03,YDUQ3,22.87,84904401.0
2020-11-04,YDUQ3,23.8,66802716.0
2020-11-05,YDUQ3,23.95,50711040.0
2020-11-06,YDUQ3,24.52,85639476.0
2020-11-09,YDUQ3,26.17,246749348.0
2020-11-10,YDUQ3,27.47,267127295.0
2020-11-11,YDUQ3,26.89,146965711.0
2020-11-12,YDUQ3,25.82,87627683.0
2020-11-13,YDUQ3,28.34,232066671.0
2020-11-16,YDUQ3,28.64,151339134.0
2020-11-17,YDUQ3,28.96,81037909.0
2020-11-18,YDUQ3,30.5,226094191.0
2020-11-19,YDUQ3,29.77,129919088.0
2020-11-20,YDUQ3,30.13,83145895.0
2020-11-23,YDUQ3,29.58,82507727.0
2020-11-24,YDUQ3,31.25,177673660.0
2020-11-25,YDUQ3,30.71,73038701.0
2020-11-26,YDUQ3,31.58,60565360.0
2020-11-27,YDUQ3,32.0,145062183.0
2020-11-30,YDUQ3,33.02,271122497.0
2020-12-01,YDUQ3,35.63,342254825.0
2020-12-02,YDUQ3,36.55,150038806.0
